mean_R,mean_G,mean_B,std_R,std_G,std_B,min_R,min_G,min_B,max_R,max_G,max_B,mean_S,std_S,mean_V,std_V,rms,sobel_mean,sobel_std,sobel_pct_strong,laplacian_mean_abs,laplacian_std_abs,gabor_mean_abs_0,gabor_std_abs_0,gabor_mean_abs_45,gabor_std_abs_45,gabor_mean_abs_90,gabor_std_abs_90,gabor_mean_abs_135,gabor_std_abs_135,mean_block_0_0,pct_bright_block_0_0,mean_block_0_1,pct_bright_block_0_1,mean_block_0_2,pct_bright_block_0_2,mean_block_1_0,pct_bright_block_1_0,mean_block_1_1,pct_bright_block_1_1,mean_block_1_2,pct_bright_block_1_2,mean_block_2_0,pct_bright_block_2_0,mean_block_2_1,pct_bright_block_2_1,mean_block_2_2,pct_bright_block_2_2,H_shannon,center_mean_ratio,center_bright_ratio,lum_centroid_x,lum_centroid_y,filename,painter,genre,label
113.894936,127.37916,103.34666,53.270428,70.752464,75.45478,0.0,2.0,0.0,255.0,255.0,255.0,0.36046168,0.13284862,0.5252417,0.2794713,0.25379425287246704,0.1563464254140854,0.16118627786636353,0.25,0.06746720522642136,0.0733950063586235,3.0776500701904297,1.8315544128417969,5.998360633850098,3.2965927124023438,3.2435288429260254,2.0665435791015625,6.005342483520508,3.3621714115142822,0.0025321650318801403,0.006643220007815553,0.0025193935725837946,0.002906951500151969,0.0031988031696528196,0.4513460118970084,0.0009532349649816751,0.0005492596934566454,0.0010004203068092465,3.0393817029221485e-05,0.002356416080147028,0.4216317137770831,0.0012464015744626522,0.0035300247492510094,0.0012357125524431467,0.002086318440362989,0.0016414598794654012,0.01078329208458165,-1419.5654257797273,0.5396625995635986,0.0003041046588189107,0.553279329091178,-0.46764594020352135,Alfred_Sisley_001.jpg,Alfred_Sisley,Impresionismo,4
100.80014,91.57424,75.35645,76.134636,75.270805,72.747894,5.0,8.0,0.0,255.0,255.0,255.0,0.26531827,0.1936464,0.3992052,0.3026969,0.29260310530662537,0.13628962635993958,0.1596868485212326,0.24999940404770796,0.05564098805189133,0.0664370134472847,2.3753461837768555,2.0671281814575195,4.59734582901001,3.727816581726074,2.4899444580078125,2.2988927364349365,4.616713047027588,3.842707872390747,0.002018136903643608,0.25453633995470376,0.0017055001808330417,0.2021752947390094,0.0025239535607397556,0.4385089831616074,0.0006009555654600263,0.0,0.0009018981945700943,0.0,0.0007792423130013049,0.00010026049825886902,0.0011880997335538268,1.611329436303252e-05,0.0015705174300819635,8.056647181516261e-05,0.0014949534088373184,0.000270345272090879,-1398.7510683715002,0.6349732875823975,0.0,0.5257148096884016,-0.6095158164464055,Alfred_Sisley_002.jpg,Alfred_Sisley,Impresionismo,4
129.78523,116.04486,89.18722,47.168243,54.259525,42.555046,49.0,28.0,20.0,255.0,255.0,240.0,0.34927425,0.11281524,0.52351564,0.19393313,0.19771215319633484,0.11575325578451157,0.09537756443023682,0.24999183742068917,0.05898638442158699,0.05838754400610924,2.95011305809021,1.4552627801895142,5.854259490966797,2.5682380199432373,2.9599413871765137,1.5367666482925415,5.854912757873535,2.5860278606414795,0.0025296711828559637,0.30714478608078394,0.0024387880694121122,0.2206512094440801,0.0021730628795921803,0.07960847382431234,0.0019966086838394403,0.17493417499324873,0.0016023787902668118,0.02848920759229968,0.001792268711142242,0.08832486208093823,0.0012262333184480667,5.907372400756144e-05,0.0014012492028996348,0.0001241753790363026,0.0011567476904019713,5.907372400756144e-05,-1419.5654257797273,0.8838218450546265,0.28508367532609136,0.48356719666205983,-0.7006873534038763,Alfred_Sisley_003.jpg,Alfred_Sisley,Impresionismo,4
119.764275,126.478325,115.54521,55.139767,62.966022,80.313644,10.0,1.0,0.0,255.0,255.0,255.0,0.33819386,0.11690578,0.562543,0.28585172,0.23860223591327667,0.13925018906593323,0.13714441657066345,0.25,0.06464989483356476,0.06355255097150803,3.1264474391937256,1.7940410375595093,6.1266770362854,3.116826057434082,3.1608238220214844,1.9135538339614868,6.121514797210693,3.0838475227355957,0.001895621418952942,0.15316751270989862,0.0027506472542881966,0.21529730863926602,0.0027430057525634766,0.15435524575679,0.0017849148716777563,0.07381077506800109,0.0015402816934511065,0.05208315286336065,0.0016877824673429132,0.02696173266573881,0.00213670264929533,0.19249552915721005,0.0014811580767855048,0.031418137857883985,0.001025474164634943,0.0,-1419.5376878282145,0.8132579922676086,0.5210692029343914,0.49218884173976585,-0.5657178507040685,Alfred_Sisley_004.jpg,Alfred_Sisley,Impresionismo,4
143.54922,138.84138,130.06557,87.22304,88.33017,91.912506,3.0,7.0,0.0,255.0,255.0,255.0,0.1503591,0.17046992,0.57240796,0.34636858,0.3452133238315582,0.17349156737327576,0.24861930310726166,0.25,0.14331117272377014,0.19745773077011108,3.630805253982544,2.296893835067749,6.948146343231201,4.3757643699646,3.7928788661956787,2.550638437271118,6.941344738006592,4.366657733917236,0.003711124649271369,0.5337820512820513,0.0035801734775304794,0.25745726495726495,0.003502038773149252,0.06856837606837607,0.0016476132441312075,0.03316239316239316,0.0011019498342648149,0.007393162393162393,0.0021263558883219957,0.0004700854700854701,0.0008844673284329474,0.0,0.0013844863278791308,0.0,0.0013408689992502332,0.0,-1397.840623460227,0.514417827129364,0.07386322467060646,0.5116233436219426,-0.14434420361694925,Alfred_Sisley_005.jpg,Alfred_Sisley,Impresionismo,4
63.80121,56.451263,30.691103,34.6957,34.53967,32.449936,0.0,0.0,0.0,255.0,255.0,255.0,0.5810153,0.20944044,0.25133246,0.13667406,0.13295875489711761,0.3342977464199066,0.3204292356967926,0.250000704132129,0.42152491211891174,0.46300581097602844,1.594539999961853,1.3448824882507324,2.804429769515991,1.7720519304275513,1.6716886758804321,1.5460582971572876,2.814953088760376,1.8814918994903564,0.0009822670836001635,0.14814767809323162,0.0013972367160022259,0.3571002500222101,0.0009487963980063796,0.15819933242800757,0.0006037088460288942,0.008338304164075489,0.000859091232996434,0.0780018529564809,0.0007135693449527025,0.04112040409681063,0.0006270448211580515,0.012856472021626287,0.0008801223593764007,0.055588694427169925,0.0006981091573834419,0.040600053304227536,-1419.4603026671446,1.0028254985809326,0.7800591519998862,0.5044299598562396,-0.23316444215670526,Alfred_Sisley_006.jpg,Alfred_Sisley,Impresionismo,4
92.04452,72.38723,59.78057,77.550545,75.983604,65.36484,0.0,0.0,0.0,255.0,255.0,255.0,0.52507395,0.26367733,0.36286062,0.30365756,0.2932997941970825,0.24746835231781006,0.2905959188938141,0.25,0.3026284873485565,0.36036333441734314,2.062605142593384,2.085792064666748,3.8794949054718018,3.7577245235443115,2.096508741378784,2.177854061126709,3.859748363494873,3.694864511489868,0.00027434967341832817,0.0038022813688212928,0.0004926975816488266,0.009385811667180489,0.00024517130805179477,0.0,0.0008674021228216588,0.03712077096107514,0.0015582649502903223,0.07054202491464849,0.0006552875856868923,1.141826236883271e-05,0.0017203973839059472,0.07766702063280011,0.002682104706764221,0.4304684913049932,0.0021074479445815086,0.26754130556411926,-1417.4387694312888,1.3226542472839355,0.7081432845759793,0.49847226018945884,-0.38475292560930324,Alfred_Sisley_007.jpg,Alfred_Sisley,Impresionismo,4
101.98014,118.49347,97.93714,56.99824,56.546673,81.1239,0.0,0.0,0.0,255.0,255.0,255.0,0.42330378,0.13939613,0.5111411,0.2827214,0.2276703417301178,0.1705015003681183,0.2076350301504135,0.2500008118965579,0.14244407415390015,0.17325307428836823,2.8666300773620605,1.7779580354690552,5.528402805328369,2.8821308612823486,2.905855655670166,1.9245615005493164,5.534276008605957,3.022261619567871,0.000746570760384202,0.0,0.002076081931591034,0.2936626746506986,0.002870093332603574,0.28105553598684985,0.0007664162549190223,0.0,0.001270195236429572,0.027870729129975343,0.0020306925289332867,0.037278384407655275,0.0015907380729913712,0.014559117059997653,0.0018265907419845462,0.031481155336386055,0.002191942883655429,0.20793706704238582,-1418.5341323987154,0.7437992691993713,0.2806265418637948,0.5946956341392239,-0.21479345506306896,Alfred_Sisley_008.jpg,Alfred_Sisley,Impresionismo,4
129.96129,126.09907,123.97002,57.06015,56.891193,74.62437,0.0,0.0,0.0,255.0,255.0,255.0,0.25566754,0.19403936,0.54714984,0.24324746,0.22968226671218872,0.25188398361206055,0.26747286319732666,0.25,0.3493253290653229,0.3805961012840271,3.373760223388672,1.8006348609924316,6.311802387237549,2.8523919582366943,3.307772397994995,1.741572618484497,6.322111129760742,2.9071669578552246,0.002677028300240636,0.12275147928994083,0.002678125398233533,0.17886094674556213,0.002907217713072896,0.40718934911242605,0.0018104510381817818,0.03142011834319527,0.0018454291857779026,0.07445266272189349,0.0024832580238580704,0.08421597633136095,0.0012641175417229533,0.0008136094674556213,0.00084784283535555,4.437869822485207e-05,0.0010661266278475523,0.0,-1419.5436594004666,0.9447758197784424,0.7447346475680977,0.5138019311353961,-0.16651551421968983,Alfred_Sisley_009.jpg,Alfred_Sisley,Impresionismo,4
176.79695,155.93745,115.49044,60.16064,62.94512,53.769337,8.0,0.0,0.0,255.0,255.0,226.0,0.36887097,0.12629852,0.6919318,0.23618641,0.23786215484142303,0.20820191502571106,0.2051672488451004,0.25,0.07616141438484192,0.08062803745269775,4.119329929351807,2.0907297134399414,7.827489852905273,3.1725590229034424,4.186005592346191,2.258927822113037,7.840827465057373,3.2797675132751465,0.002608046866953373,0.14212308075916105,0.0032337054144591093,0.2758297929473593,0.0031817529816180468,0.3272985336568431,0.002111595356836915,0.03071360754941356,0.0023780420888215303,0.019307011402760064,0.0018991305259987712,0.0016763687627669676,0.0019214946078136563,0.010499362251014164,0.002092986134812236,0.0629443863703931,0.002342861844226718,0.02787874138079848,-1419.5654257797273,0.9831266403198242,0.19344174246447918,0.5133438826190596,-0.5958732239030704,Alfred_Sisley_010.jpg,Alfred_Sisley,Impresionismo,4
180.20345,155.76158,127.247696,61.25644,62.83628,65.368866,6.0,0.0,0.0,255.0,255.0,251.0,0.3164386,0.19782405,0.703883,0.24235886,0.2404896467924118,0.1326635628938675,0.14309974014759064,0.25,0.05688139796257019,0.06177797541022301,4.0184502601623535,1.767241358757019,7.89988899230957,3.106116533279419,4.061471939086914,1.9013444185256958,7.901220798492432,3.153865337371826,0.0026218355633318424,0.08477589825904433,0.0031756178941577673,0.09897138298175463,0.002997437957674265,0.2826293844444233,0.002000742359086871,0.04446892778785605,0.001972218742594123,0.12689885740879692,0.0011968511389568448,0.00364907348485568,0.0029401162173599005,0.10602448545404466,0.0026771321427077055,0.016235622631473972,0.002418961375951767,0.13611556982343498,-1419.5654257797273,0.8067800402641296,1.2693139524584287,0.4876501152475879,-0.6417588935736347,Alfred_Sisley_011.jpg,Alfred_Sisley,Impresionismo,4
78.286705,78.43283,95.365135,55.29493,52.737926,56.97816,0.0,0.0,0.0,255.0,254.0,255.0,0.33052057,0.19364376,0.3914249,0.22584793,0.2099960446357727,0.30335357785224915,0.27377843856811523,0.2500006963652519,0.4023778736591339,0.40946462750434875,2.234266996383667,1.7388827800750732,4.022046089172363,2.744357109069824,2.1679184436798096,1.6700716018676758,4.021986484527588,2.769406795501709,0.0012837580870836973,0.0549093418658636,0.002253373386338353,0.3242236024844721,0.0019724073354154825,0.40473053516531776,0.0009336184011772275,0.0014806449589058284,0.0008829976432025433,0.0004266265135830353,0.0006438365089707077,0.004906204906204906,0.0007694538799114525,0.00041407867494824016,0.001384868985041976,0.09315515402471924,0.000991225242614746,0.015484032875337223,-1419.5654257797273,0.7149373888969421,0.004267543922107942,0.5223159456364587,-0.2828282248484626,Alfred_Sisley_012.jpg,Alfred_Sisley,Impresionismo,4
169.37192,166.34833,163.69498,56.07996,63.556004,65.63619,3.0,0.0,0.0,255.0,255.0,255.0,0.15115552,0.120742075,0.69753194,0.23288889,0.23992419242858887,0.16217608749866486,0.15259885787963867,0.25,0.0625489205121994,0.06301884353160858,4.297671318054199,1.9331697225570679,8.301194190979004,3.138463020324707,4.265318870544434,1.9443742036819458,8.305611610412598,3.191640853881836,0.002250230871140957,0.1265218577435772,0.0035050828009843826,0.34604189988805373,0.0030165333300828934,0.02109293421510616,0.0016883719945326447,0.022601856990997263,0.003027744824066758,0.15218859653248792,0.0024049445055425167,0.0028522779654001373,0.0019993518944829702,0.05199574792334973,0.0029716421850025654,0.17224297043301567,0.0022491635754704475,0.004167411407230412,-1419.4421249891852,1.1789695024490356,1.5223838811038146,0.5267484588664767,-0.6322108053526075,Alfred_Sisley_013.jpg,Alfred_Sisley,Impresionismo,4
129.54506,142.16669,124.30963,45.534374,42.92392,38.308544,0.0,0.0,0.0,255.0,255.0,255.0,0.1703763,0.07825495,0.5605997,0.16483997,0.16821755468845367,0.3185451328754425,0.35486266016960144,0.25,0.29141485691070557,0.39954325556755066,3.5145652294158936,1.5225096940994263,6.777740001678467,2.154918909072876,3.8549067974090576,2.550199508666992,6.781350612640381,2.251957893371582,0.0015995986759662628,0.08470576545693917,0.0022815666161477566,0.24847852547383065,0.002241868991404772,0.17736045905059988,0.002025020308792591,0.03721091984002782,0.0023071737959980965,0.08117842859626898,0.0021229179110378027,0.04488660357204958,0.0020653335377573967,0.06242392627369153,0.0021797160152345896,0.09369799041160544,0.0020469448063522577,0.06980152520058623,-1393.8896687446031,1.100387454032898,0.8120150481202596,0.5139192141939208,-0.205286006578368,Alfred_Sisley_014.jpg,Alfred_Sisley,Impresionismo,4
150.25916,141.2323,138.33101,42.573452,42.0154,47.42403,22.0,23.0,0.0,255.0,239.0,249.0,0.20216027,0.14311862,0.6226347,0.16674133,0.16279037296772003,0.48345455527305603,0.2725197672843933,0.24999989000642361,0.5425514578819275,0.399149090051651,3.6449942588806152,1.620214819908142,7.127960205078125,2.132127285003662,3.7069194316864014,1.8175925016403198,7.128455638885498,2.1324377059936523,0.002775913570076227,0.3675615744040548,0.0022157097700983286,0.05027817375465273,0.0023131424095481634,0.10307773026055278,0.0024864820297807455,0.1358992634830126,0.002349487505853176,0.13089807555238775,0.002250278601422906,0.06478379662627702,0.0016372962854802608,0.018730696127346163,0.0018660577479749918,0.016109329215173832,0.001964532770216465,0.012451492832818564,-1419.5654257797273,1.0647766590118408,1.309285932244717,0.4956803128485753,-0.9096301537415468,Alfred_Sisley_015.jpg,Alfred_Sisley,Impresionismo,4
146.11093,142.90572,133.58635,44.765915,47.54978,52.21301,0.0,0.0,0.0,255.0,254.0,255.0,0.13639663,0.12083378,0.58641315,0.17863008,0.18487398326396942,0.21166197955608368,0.1730501651763916,0.25,0.15455326437950134,0.15737618505954742,3.6070735454559326,1.387289047241211,7.104712963104248,2.3826072216033936,3.6210668087005615,1.5876290798187256,7.105926513671875,2.401127338409424,0.002875393722206354,0.21047169414195185,0.0030777771025896072,0.45692030710147885,0.0028838070575147867,0.16218027802333376,0.0014667330542579293,0.005911152990547984,0.0019636142533272505,0.04485093403017262,0.0018398021347820759,0.007813537204159017,0.002147796330973506,0.0018700032057197811,0.001738561550155282,0.0005391437813893395,0.0017997432732954621,0.00018457174498013424,-1419.5654257797273,0.8928532004356384,0.45317110530708393,0.4999153827188515,-0.5855637946964032,Alfred_Sisley_016.jpg,Alfred_Sisley,Impresionismo,4
169.84662,147.77676,116.96253,51.098656,56.886044,61.588577,0.0,0.0,0.0,255.0,255.0,249.0,0.36587617,0.22407456,0.6661129,0.20038591,0.21636255085468292,0.2999705672264099,0.29089638590812683,0.25,0.4192715585231781,0.4478677809238434,4.002482891082764,1.65500009059906,7.5075531005859375,2.7159860134124756,3.9661149978637695,1.7545088529586792,7.526456832885742,2.7710483074188232,0.002931048395112157,0.13098440021516944,0.003341845702379942,0.5819661108122647,0.0018902034498751163,0.05114308768154922,0.0015532770194113255,0.0011027434104357182,0.0025749930646270514,0.10973641742872513,0.00224794028326869,0.023345884884346423,0.0019595131743699312,0.0034427111350188275,0.002112008398398757,0.002192038730500269,0.002295497804880142,0.0004437869822485207,-1419.5599377026956,1.1085083484649658,1.092076979112896,0.49608929574411914,-0.21898212756106106,Alfred_Sisley_017.jpg,Alfred_Sisley,Impresionismo,4
174.62788,168.18228,181.61343,56.084072,52.323246,68.62563,35.0,19.0,9.0,255.0,255.0,255.0,0.17282854,0.10639111,0.7619821,0.24054086,0.21189764142036438,0.18043406307697296,0.20065423846244812,0.2500013183220397,0.14444071054458618,0.21081964671611786,4.312081336975098,1.6463971138000488,8.522933959960938,2.7072792053222656,4.384750843048096,1.9140300750732422,8.523447036743164,2.74726939201355,0.002708913292735815,0.0,0.0031083577778190374,0.18373148590539895,0.0036031261552125216,0.47575250836120403,0.002581509528681636,0.00723841376015289,0.0029711350798606873,0.09278547539417105,0.0029173665679991245,0.13626373626373625,0.0016361114103347063,4.777830864787386e-05,0.0017102162819355726,0.00040611562350692786,0.002541047055274248,0.0022933588150979454,-1400.6180241895452,1.1245839595794678,0.9293841459810213,0.533780613739661,-0.15326519095937896,Alfred_Sisley_018.jpg,Alfred_Sisley,Impresionismo,4
210.32254,174.07349,133.0922,37.335876,37.041092,32.279213,0.0,0.0,0.0,255.0,254.0,255.0,0.37368497,0.10359449,0.8250513,0.14555588,0.1405763477087021,0.4555436968803406,0.4461156129837036,0.25,0.6239895820617676,0.7312740087509155,4.568921089172363,1.3979519605636597,8.953983306884766,1.678246259689331,4.557268142700195,1.4769785404205322,8.954157829284668,1.6174148321151733,0.0025628639850765467,0.06996933122279382,0.0029117660596966743,0.09062129006727344,0.0028071925044059753,0.03254847645429363,0.0026663755998015404,0.12094380688563514,0.0026407972909510136,0.19764048278591215,0.002628166228532791,0.06858428967154728,0.0029198855627328157,0.08720815195884447,0.003004052210599184,0.1645478828650574,0.0027992348186671734,0.06935100910170162,-1419.5654257797273,0.9529579281806946,1.9733027717551448,0.5019514471986214,-0.16229097011663254,Alfred_Sisley_019.jpg,Alfred_Sisley,Impresionismo,4
167.24097,149.61298,133.95195,52.45753,53.463898,55.976616,0.0,0.0,0.0,255.0,255.0,255.0,0.24569422,0.20029539,0.65595484,0.20554398,0.20838752388954163,0.5203048586845398,0.5135650038719177,0.25,0.771483302116394,0.8011110424995422,4.198155879974365,1.9287545680999756,7.613975524902344,2.3524680137634277,4.2181077003479,2.106830596923828,7.632771968841553,2.451230525970459,0.002827358664944768,0.11496723996723997,0.0025721602141857147,0.18093093093093093,0.0026982708368450403,0.1734916734916735,0.002115796320140362,0.06726044226044225,0.002038250444456935,0.07367594867594868,0.0019144716206938028,0.054873054873054876,0.0027746064588427544,0.12786650286650286,0.0023121319245547056,0.07719082719082719,0.0019327421905472875,0.029381654381654382,-1419.518604034066,0.865871787071228,0.7370556482994696,0.47822877010616105,-0.15128509805790696,Alfred_Sisley_020.jpg,Alfred_Sisley,Impresionismo,4
144.99962,153.3408,149.39458,45.91706,46.95867,65.559166,22.0,30.0,0.0,255.0,255.0,255.0,0.19674198,0.11393601,0.6397678,0.21153921,0.1891353577375412,0.2440161556005478,0.19953955709934235,0.25000050866045287,0.27170535922050476,0.2773088216781616,3.793985605239868,1.4553124904632568,7.463290691375732,2.3847546577453613,3.8178462982177734,1.6268657445907593,7.464865684509277,2.412461757659912,0.002803482348099351,0.034532770332293,0.002918518614023924,0.23242151643106296,0.0029148391913622618,0.21299798053974664,0.002307367976754904,0.07972278318340371,0.002607836853712797,0.2251881769781531,0.0023535925429314375,0.1118230218468882,0.0014203796163201332,0.0011382412337066275,0.0014850975712761283,0.0012759317055259776,0.0020135461818426847,0.0027721681659629155,-1419.5419953083053,1.1270498037338257,2.247205882616236,0.5137927989200899,-0.2376685380386962,Alfred_Sisley_021.jpg,Alfred_Sisley,Impresionismo,4
141.98413,122.29213,119.75316,36.586773,41.215515,47.981007,0.0,0.0,0.0,245.0,234.0,233.0,0.23017265,0.20264077,0.5619137,0.14395067,0.15710093080997467,0.269550085067749,0.3050536513328552,0.25,0.2561866044998169,0.31864094734191895,3.5865983963012695,1.6255697011947632,6.377959251403809,1.9832086563110352,3.4670073986053467,1.5400021076202393,6.386424541473389,2.022080898284912,0.0022879233583807945,0.024426738488011072,0.0024937274865806103,0.3415628623798302,0.0024699526838958263,0.24881232933078967,0.0021537027787417173,0.06404069876182995,0.001973430160433054,0.13453409643511766,0.0015243145171552896,0.016328133767253956,0.0017078270902857184,0.02700781805259417,0.0015661327634006739,0.030972954774997195,0.0015333029441535473,0.014177234130101373,-1419.5654257797273,1.0028495788574219,1.342561926619643,0.4898548731641209,-0.19094761816659123,Alfred_Sisley_022.jpg,Alfred_Sisley,Impresionismo,4
143.87494,125.14984,108.687454,63.45103,67.900696,68.521965,0.0,0.0,0.0,255.0,255.0,230.0,0.33804175,0.2607895,0.57044107,0.24899162,0.25784918665885925,0.18995706737041473,0.16481029987335205,0.25,0.08591190725564957,0.08168314397335052,3.384542942047119,1.9370731115341187,6.433358669281006,3.286749839782715,3.3980159759521484,2.045396566390991,6.444941520690918,3.3443596363067627,0.00279516214504838,0.14472429166299,0.0030981008894741535,0.40761470164336705,0.002859220141544938,0.20646085710564022,0.0010892454301938415,0.013156180799791585,0.001704522641375661,0.08419787635459079,0.0014017870416864753,0.01633702681238891,0.0021196245215833187,0.0066726333791341545,0.0014787231339141726,0.012378827414942834,0.0013215317158028483,0.008576098694466504,-1419.5654257797273,0.8585569858551025,0.8418678391635372,0.49069985406386996,-0.5032511697336851,Alfred_Sisley_023.jpg,Alfred_Sisley,Impresionismo,4
136.05424,134.6703,120.53731,58.117664,57.941113,57.2191,14.0,23.0,4.0,255.0,247.0,254.0,0.16699718,0.109056495,0.5479335,0.22909763,0.22556917369365692,0.24688059091567993,0.23143956065177917,0.2500004528419455,0.2208482027053833,0.23873919248580933,3.5041706562042236,1.91631281375885,6.634402751922607,2.8917317390441895,3.4190585613250732,1.7451626062393188,6.6383466720581055,2.936189651489258,0.0023706762585788965,0.08172574748661705,0.0030862719286233187,0.3709443138790965,0.0026223480235785246,0.20022196109152632,0.0018574270652607083,0.014509074291682987,0.0022138222120702267,0.12409420289855072,0.0019474858418107033,0.10216738477608042,0.0015226402319967747,0.0051410105757931845,0.0015116535359993577,0.0013709361535448493,0.0013430396793410182,0.0006201854027940984,-1419.5654257797273,1.0784252882003784,1.2398469595674988,0.49839289403143194,-0.37744696891379126,Alfred_Sisley_024.jpg,Alfred_Sisley,Impresionismo,4
178.5315,154.37129,123.77991,54.03957,58.892506,70.59294,0.0,0.0,0.0,255.0,255.0,255.0,0.36663148,0.28408507,0.7012972,0.21196614,0.22529642283916473,0.3300240635871887,0.333303302526474,0.24999972856800076,0.36427396535873413,0.42153388261795044,4.133667945861816,1.7694836854934692,7.881144046783447,2.8521103858947754,4.295451641082764,1.885081171989441,7.899359703063965,2.9009952545166016,0.003073177533224225,0.13641978939937643,0.0033371062017977238,0.4654979704688511,0.002938434248790145,0.2292095613467459,0.0020765108056366444,0.021932662705649354,0.0022346845362335443,0.04482616624507324,0.0018154149875044823,0.0008333823558248525,0.0018257152987644076,0.001333411769319764,0.002273601945489645,0.002098162637017864,0.0023132606875151396,0.0006470968880522384,-1419.5438435271103,0.9188671112060547,0.44687224042087476,0.498862086387559,-0.25504727956860146,Alfred_Sisley_025.jpg,Alfred_Sisley,Impresionismo,4
137.55931,135.65619,133.89326,37.795536,35.65864,42.45861,0.0,0.0,0.0,255.0,253.0,245.0,0.21465972,0.116698064,0.5979547,0.15104634,0.13826975226402283,0.23254019021987915,0.26648038625717163,0.25,0.2237471342086792,0.2832299768924713,3.4799559116363525,1.365185022354126,6.761789798736572,1.811760425567627,3.5639607906341553,1.7140699625015259,6.762544631958008,1.8783795833587646,0.0022911992855370045,0.22962231315554302,0.0022435288410633802,0.11999435586284747,0.0021497495472431183,0.036865622501293445,0.001800388447009027,0.10662715770659893,0.001997946761548519,0.14489440760077135,0.0022339646238833666,0.1420441183387423,0.0016361980233341455,0.02777856168571563,0.002095248084515333,0.0454823385541602,0.002374538453295827,0.04553877992568553,-1419.5654257797273,0.9553026556968689,1.4508015124699543,0.5228846815001285,-0.29515921943892615,Alfred_Sisley_026.jpg,Alfred_Sisley,Impresionismo,4
127.917305,129.67462,112.15985,50.197453,48.926136,50.858665,0.0,0.0,0.0,255.0,243.0,224.0,0.36370093,0.1339428,0.5744209,0.20317714,0.18248426914215088,0.15848654508590698,0.14132210612297058,0.24999334283947225,0.07336104661226273,0.0722222626209259,3.309065341949463,1.6212598085403442,6.323566436767578,2.3702828884124756,3.2569420337677,1.4668480157852173,6.324191570281982,2.382680892944336,0.002228477271273732,0.03859606359229124,0.0021256112959235907,3.869085618995663e-06,0.0019567736890167,0.07231707930464794,0.0021497004199773073,0.24034953319482008,0.0019462674390524626,0.042107258791529795,0.0024101221933960915,0.4126476539799349,0.0014740340411663055,0.025160663780328794,0.0015900724101811647,0.04684495413198999,0.0017074297647923231,0.022442631132984343,-1419.5654257797273,0.9958967566490173,0.4208529041049356,0.5050512589739459,-0.6007136333884054,Alfred_Sisley_027.jpg,Alfred_Sisley,Impresionismo,4
134.58836,121.257256,100.37733,36.451714,33.98207,44.076,16.0,18.0,0.0,255.0,255.0,255.0,0.3000809,0.14290564,0.53877974,0.15118158,0.13691511750221252,0.1774749457836151,0.1734023094177246,0.24999968942749062,0.1779821515083313,0.2154833823442459,3.1078615188598633,1.2190080881118774,6.1006178855896,1.80176842212677,3.1257669925689697,1.3144599199295044,6.099153995513916,1.8286247253417969,0.0019090475980192423,0.13167104111986003,0.00234917551279068,0.3711667451824932,0.0015670780558139086,0.07360297911479013,0.0019381942693144083,0.047244094488188976,0.0020717456936836243,0.21309195324943356,0.0013267030008137226,0.0003028467595396729,0.0021329622250050306,0.05231397357381609,0.0019394686678424478,0.005081095632276734,0.0017653878312557936,0.002647105009309734,-1419.5654257797273,1.096816062927246,2.13775578063748,0.4713690977283932,-0.2674462282949377,Alfred_Sisley_028.jpg,Alfred_Sisley,Impresionismo,4
157.33318,139.67343,130.76482,26.87429,37.637676,45.290966,0.0,0.0,0.0,255.0,251.0,239.0,0.2209506,0.1928407,0.62905407,0.10695575,0.13281068205833435,0.17777308821678162,0.23573432862758636,0.25,0.14278975129127502,0.22750206291675568,3.650305986404419,1.2115484476089478,7.149969577789307,1.8061379194259644,3.731491804122925,1.3980693817138672,7.1485915184021,1.7957344055175781,0.002501157345250249,0.0516512235685436,0.0026868125423789024,0.397671655975291,0.0025982048828154802,0.1240199572344975,0.0022844034247100353,0.13195533380850558,0.0024171434342861176,0.16136849607982895,0.0019791333470493555,0.008648134948918983,0.00188266031909734,0.017438821572820146,0.0017353586154058576,0.00137799952482775,0.0018511590315029025,0.00023758612497030174,-1419.5654257797273,1.0911998748779297,1.6238442739537646,0.4945841623476263,-0.11041435442802164,Alfred_Sisley_029.jpg,Alfred_Sisley,Impresionismo,4
153.26161,150.79842,140.80766,58.961506,59.25324,68.65414,0.0,0.0,0.0,255.0,253.0,252.0,0.21584623,0.18132049,0.63292724,0.23841059,0.23332460224628448,0.275926798582077,0.2787868082523346,0.25,0.20442354679107666,0.2279815971851349,4.00214147567749,1.9019485712051392,7.493213653564453,2.9984495639801025,4.063790798187256,1.9719229936599731,7.49741792678833,3.039393186569214,0.0030397900845855474,0.31283220307917886,0.0031392613891512156,0.2746861253665689,0.003004546044394374,0.16041972140762464,0.001393027021549642,0.0020848607038123166,0.002309558680281043,0.07214534457478006,0.001832147128880024,0.05010538856304985,0.0014671331737190485,0.0012371700879765396,0.002377565950155258,6.87316715542522e-05,0.002254856051877141,0.026198222140762464,-1419.5654257797273,0.998465359210968,0.7216315623817665,0.5206477992387268,-0.24230175754807007,Alfred_Sisley_030.jpg,Alfred_Sisley,Impresionismo,4
163.66348,165.02774,156.55392,48.644802,45.048855,66.85364,1.0,0.0,0.0,255.0,255.0,255.0,0.18158953,0.18584675,0.6813658,0.19166532,0.18827097117900848,0.1584438532590866,0.17239949107170105,0.25,0.14600704610347748,0.19728972017765045,4.126500129699707,1.420829176902771,8.127266883850098,2.4149837493896484,4.138669013977051,1.512353777885437,8.128636360168457,2.4675862789154053,0.0030014445073902607,0.10577199703223657,0.0031482574995607138,0.2238011598504005,0.0028563165105879307,0.006079372530018321,0.0026802781503647566,0.22798782611328983,0.0030765875708311796,0.3135835743379313,0.0025094670709222555,0.012665990339627212,0.0016644538845866919,0.00024226640219251095,0.0018420172855257988,0.007472404342625259,0.0018850371707230806,0.002097118543978923,-1419.553737667551,1.22173273563385,3.136875096430809,0.49687924364576125,-0.2930330048065503,Alfred_Sisley_031.jpg,Alfred_Sisley,Impresionismo,4
98.013145,94.309074,88.99486,60.828087,55.616005,58.54967,0.0,0.0,0.0,255.0,255.0,255.0,0.25887552,0.17429097,0.41447455,0.24321328,0.22271183133125305,0.3416305184364319,0.3087225556373596,0.25,0.3636857569217682,0.3776572644710541,2.7885701656341553,2.05130672454834,4.738960266113281,2.8486521244049072,2.7227108478546143,2.0166983604431152,4.7520833015441895,2.851034641265869,0.0007185167050920427,0.015248401377274963,0.0025153644382953644,0.4413604103717237,0.001394952996633947,0.14243552807251775,0.0006826360477134585,0.004760733609725247,0.0018659246852621436,0.09022556390977443,0.0010452915448695421,0.018428079544656032,0.0013940795324742794,0.02995221699107582,0.0017921717371791601,0.04386550488370459,0.001710429205559194,0.11229007097182207,-1419.001314480888,1.2800318002700806,0.9036949241490969,0.5286258539283822,-0.22918388610529383,Alfred_Sisley_032.jpg,Alfred_Sisley,Impresionismo,4
132.4556,133.4267,161.19322,38.202328,42.67931,68.85214,10.0,8.0,0.0,240.0,247.0,255.0,0.28666073,0.14217903,0.67110384,0.22831255,0.1676546335220337,0.21872760355472565,0.2049269825220108,0.24999819572314214,0.13534404337406158,0.15062013268470764,3.559331178665161,1.503736972808838,6.778663158416748,2.197489023208618,3.655125617980957,1.6857013702392578,6.778408527374268,2.2393383979797363,0.0025204988196492195,0.20305363434686155,0.0024384292773902416,0.14469963895776242,0.0023035928606987,0.04843620862151464,0.0018495009280741215,0.10600722084475184,0.002410573186352849,0.19905172038801167,0.0020534959621727467,0.13406411762147113,0.0014591418439522386,0.009200052198877724,0.0019151114393025637,0.002327199965200748,0.001922228722833097,0.05535255991996172,-1419.5654257797273,1.1495546102523804,1.9856799928453142,0.5079032372550235,-0.18934563851828579,Alfred_Sisley_033.jpg,Alfred_Sisley,Impresionismo,4
164.5042,167.37328,153.05577,44.289196,45.927612,45.933388,12.0,7.0,0.0,255.0,255.0,235.0,0.12171617,0.08877224,0.66542417,0.17493536,0.17705444991588593,0.18486762046813965,0.22422775626182556,0.25,0.1371450275182724,0.18891295790672302,4.175014495849609,1.4803881645202637,8.191853523254395,2.313499689102173,4.218778133392334,1.7210365533828735,8.189289093017578,2.305328130722046,0.0031450388487428427,0.05535947712418301,0.0033482545986771584,0.5760130718954248,0.003121401183307171,0.03169934640522876,0.0026735432911664248,0.08032679738562092,0.0024818251840770245,0.15176470588235294,0.0019456979352980852,0.003594771241830065,0.0018821993144229054,0.0,0.002282479079440236,0.001176470588235294,0.0019404878839850426,0.0,-1419.5654257797273,0.9787655472755432,1.5177571290615466,0.4889878150233802,-0.09535560563232488,Alfred_Sisley_034.jpg,Alfred_Sisley,Impresionismo,4
127.06139,132.98085,139.48958,51.223446,56.185894,66.22351,0.0,0.0,0.0,255.0,255.0,255.0,0.22028135,0.18399674,0.5760165,0.2366909,0.21665799617767334,0.37200480699539185,0.34558725357055664,0.2499993154642111,0.5396016240119934,0.5701496601104736,3.3703742027282715,1.4734516143798828,6.563735008239746,2.619109869003296,3.6529972553253174,1.9360551834106445,6.570764541625977,2.6621949672698975,0.00263117253780365,0.19141401053813595,0.0024988846853375435,0.06869531953750663,0.0025835488922894,0.13298535273140094,0.0015815050574019551,0.1502116265008206,0.0024112709797918797,0.09025284122459556,0.0019815012346953154,0.18076481693999186,0.0013215538347139955,0.03479806019324029,0.001814396702684462,0.03577289946815731,0.0014426115667447448,0.015585088661015066,-1419.410407839933,1.1880435943603516,0.9020472143627817,0.5057589654604941,-0.21053058053581272,Alfred_Sisley_035.jpg,Alfred_Sisley,Impresionismo,4
169.84367,140.79803,118.6938,57.175346,66.324974,54.26287,28.0,0.0,10.0,255.0,250.0,221.0,0.34319863,0.12820096,0.6673618,0.2244739,0.2427741438150406,0.09047355502843857,0.09334076195955276,0.25,0.0365237221121788,0.03910550847649574,3.706782102584839,1.7157714366912842,7.306778430938721,3.098965883255005,3.69756817817688,1.715846061706543,7.307417392730713,3.1421046257019043,0.0012470545480027795,0.0,0.0022988116834312677,0.05114325370735627,0.0034326871391385794,0.6075443786982249,0.0015374829526990652,0.0,0.002051532967016101,0.0015979983928701878,0.002751109655946493,0.09248484184381621,0.0022175449412316084,5.113594857184601e-05,0.0018285379046574235,1.2783987142961502e-05,0.0029917338397353888,0.1364654101833589,-1419.5654257797273,0.9070183634757996,0.01617225601048323,0.5761976359648586,-0.6875612465423986,Alfred_Sisley_036.jpg,Alfred_Sisley,Impresionismo,4
162.6928,157.35973,147.70935,47.264915,46.91156,48.57829,6.0,10.0,0.0,255.0,255.0,255.0,0.14472246,0.11503965,0.6555916,0.18307559,0.18212158977985382,0.2130948156118393,0.24755477905273438,0.24999874906054448,0.1992148458957672,0.27209463715553284,3.9961657524108887,1.4176784753799438,7.838511943817139,2.3614139556884766,4.0211896896362305,1.611520528793335,7.841257095336914,2.4829261302948,0.002557592699304223,0.03650135875698564,0.003084460273385048,0.3258308279840741,0.003060351824387908,0.25254823361591866,0.00137931271456182,0.00011736771304496989,0.002505629789084196,0.16508220254055958,0.002726391889154911,0.0965665429791537,0.0022491528652608395,0.013298664716556973,0.0020748693495988846,0.00202233597862102,0.002201112685725093,0.0007312911351263509,-1419.5616303511342,1.0325888395309448,1.6643235442556261,0.5305241286659561,-0.274124067505888,Alfred_Sisley_037.jpg,Alfred_Sisley,Impresionismo,4
110.67241,87.77196,68.75447,39.157734,42.081722,41.08556,0.0,0.0,0.0,252.0,228.0,234.0,0.44011438,0.16972442,0.43967828,0.16506009,0.15818053483963013,0.14978887140750885,0.11559204757213593,0.25,0.07230684906244278,0.06892909109592438,2.462348461151123,1.4390754699707031,4.597929000854492,2.1204066276550293,2.360928773880005,1.2378101348876953,4.593428611755371,2.07206654548645,0.0019019044702872634,0.36298570640752387,0.0011952647473663092,0.10862236000775044,0.0010830294340848923,0.00937355610868496,0.001081849099136889,0.034702577019957374,0.0014909532619640231,0.06984931363927682,0.0015465214382857084,0.1505969326159212,0.001296576694585383,0.00798592997779202,0.0015707374550402164,0.08075209038200706,0.0016162300016731024,0.07610779067861029,-1419.5654257797273,1.0497077703475952,0.6977362113445769,0.5023388799096601,-0.8463651809642061,Alfred_Sisley_038.jpg,Alfred_Sisley,Impresionismo,4
153.82573,131.84152,100.96287,48.211468,52.62202,53.12822,8.0,0.0,0.0,255.0,255.0,255.0,0.37872967,0.17802526,0.6055068,0.19021508,0.19805170595645905,0.19947820901870728,0.1858758181333542,0.25,0.0804133489727974,0.0785176232457161,3.4911892414093018,1.83491051197052,6.709317207336426,2.750023126602173,3.5701658725738525,2.083493947982788,6.720711708068848,2.8061611652374268,0.0016897203167900443,0.04355799297637947,0.002573395147919655,0.24784143936113917,0.001773774973116815,0.07286861981045846,0.0020557900425046682,0.03085197479193727,0.002577574225142598,0.21302737287727908,0.002105145249515772,0.1013845191706355,0.0017053915653377771,0.051695771395583776,0.00217464123852551,0.07454659161976235,0.002015170408412814,0.06548515899360177,-1419.5654257797273,1.2424910068511963,2.1272966220674214,0.511775776634124,-0.6427734941044925,Alfred_Sisley_039.jpg,Alfred_Sisley,Impresionismo,4
122.529945,123.3988,99.596016,50.34841,56.417236,60.872555,0.0,0.0,0.0,250.0,245.0,255.0,0.33953428,0.18125455,0.52203625,0.22365613,0.21055661141872406,0.3559424579143524,0.3263604938983917,0.25,0.20155160129070282,0.20711080729961395,3.5409724712371826,2.3743300437927246,6.049179553985596,2.8630545139312744,3.671964645385742,2.4722626209259033,6.092675685882568,2.990130662918091,0.0017680415185168386,0.021593200146627568,0.0023110739421099424,0.030173203812316716,0.0027409284375607967,0.4766999633431085,0.0017557053361088037,0.043850806451612906,0.001845147111453116,0.0768649193548387,0.0017749875551089644,0.0711487353372434,0.001284286379814148,0.01648414589442815,0.0012921830639243126,0.0747342375366569,0.0018946712370961905,0.08735795454545454,-1419.5654257797273,0.9963526725769043,0.7695835907998977,0.5384738984021796,-0.24347259593484247,Alfred_Sisley_040.jpg,Alfred_Sisley,Impresionismo,4
114.96636,101.1876,63.36314,58.288795,52.12281,37.97536,0.0,0.0,0.0,233.0,226.0,207.0,0.45644343,0.1740618,0.45282203,0.22589004,0.20320896804332733,0.24869497120380402,0.23840895295143127,0.25,0.20615136623382568,0.22625117003917694,2.719176769256592,1.5307636260986328,5.059366226196289,2.671583414077759,2.773390054702759,1.6673139333724976,5.083534240722656,2.7024455070495605,0.0023083211854100227,0.17215985168400452,0.0025338998530060053,0.542246026023964,0.00140412210021168,0.054828852954303564,0.0013218058738857508,0.005287190579187695,0.0019959306810051203,0.12538194802073677,0.0007908116676844656,0.0019226147560682527,0.0016364039620384574,0.0007553129398839564,0.001248223939910531,0.0001888282349709891,0.0007448181277140975,0.0005493185017337865,-1419.5654257797273,1.2845271825790405,1.2492112320048725,0.44390267639613024,-0.19922383186927037,Alfred_Sisley_041.jpg,Alfred_Sisley,Impresionismo,4
171.17914,153.79408,141.83939,37.704014,43.544163,48.169907,0.0,0.0,0.0,255.0,255.0,244.0,0.20482096,0.1802579,0.6765979,0.14911543,0.16139967739582062,0.3192524015903473,0.3476058840751648,0.25,0.2991452217102051,0.37933704257011414,4.14301872253418,1.6723078489303589,7.844666481018066,2.1945464611053467,4.039183139801025,1.5547828674316406,7.85219144821167,2.2508442401885986,0.0025923370849341154,0.07890582810617705,0.0028149650897830725,0.08949860839945167,0.00285208597779274,0.15070826236862875,0.0020488498266786337,0.04199725833921821,0.002789905061945319,0.21380800066464503,0.002702881582081318,0.27732314210941716,0.0018517818534746766,0.006958002741660782,0.002208018209785223,0.028081252855896646,0.001969677861779928,0.0178831055539401,-1419.5654257797273,1.150181531906128,2.125883221391702,0.5184722683743722,-0.17801068078428148,Alfred_Sisley_042.jpg,Alfred_Sisley,Impresionismo,4
185.08038,178.23447,145.04472,58.1238,68.458305,94.91364,0.0,0.0,0.0,255.0,255.0,255.0,0.37069178,0.35782725,0.7662774,0.23977958,0.2577216625213623,0.3333519995212555,0.29602134227752686,0.25,0.4890746474266052,0.545417070388794,4.487123012542725,1.7006263732910156,8.780083656311035,3.1356801986694336,4.610865116119385,1.7668324708938599,8.787785530090332,3.1668803691864014,0.0033394964411854744,0.047990004345936546,0.003412589430809021,0.10195567144719687,0.0035659344866871834,0.3709256844850065,0.00286487746052444,0.04276401564537158,0.002954252064228058,0.13263798348544112,0.002972795395180583,0.18717948717948718,0.001177659840323031,0.001966536288570187,0.0017085685394704342,0.004378531073446328,0.002441884484142065,0.00646458061712299,-1417.9836390103812,1.0879820585250854,1.3319108394387744,0.5233057281528103,-0.2328270136254147,Alfred_Sisley_043.jpg,Alfred_Sisley,Impresionismo,4
97.82234,83.72585,85.32559,56.925114,58.004574,60.90016,0.0,0.0,0.0,242.0,230.0,239.0,0.27738222,0.20015076,0.38879076,0.22455937,0.22664089500904083,0.22104261815547943,0.20474909245967865,0.25,0.2664797604084015,0.32306164503097534,2.329890251159668,1.5759730339050293,4.392061710357666,2.8899314403533936,2.3757524490356445,1.5992618799209595,4.393550395965576,2.8801941871643066,0.0025319084525108337,0.46373895424100864,0.002359186066314578,0.19548882760173356,0.0023639178834855556,0.19631901840490798,0.0010085930116474628,0.043943828445995384,0.0007234003860503435,0.0004924860696797433,0.0008167568012140691,0.0002251364889964541,0.0007128588622435927,0.0005065571002420218,0.0008862170507200062,7.03551528113919e-05,0.000800265755970031,1.4071030562278382e-05,-1419.5654257797273,0.5335162878036499,0.004920490620262293,0.48825766914876984,-0.16481625018663562,Alfred_Sisley_044.jpg,Alfred_Sisley,Impresionismo,4
145.1219,147.2042,130.48639,72.32913,76.3819,76.449234,0.0,0.0,0.0,252.0,255.0,238.0,0.22759734,0.2345782,0.5943632,0.29190484,0.29412543773651123,0.13355977833271027,0.1252286583185196,0.25,0.05934128537774086,0.06036289408802986,3.6977851390838623,1.9730066061019897,7.228242874145508,3.729102611541748,3.778744697570801,2.1260793209075928,7.23654317855835,3.7497611045837402,0.0032375792507082224,0.13159413530766315,0.0033220096956938505,0.2001340834232081,0.0033816001377999783,0.3822621233761817,0.001741337589919567,0.011822660098522168,0.0024669310078024864,0.10530018169275464,0.0013790790690109134,0.06527919472216555,0.0013897591270506382,6.412685457778296e-05,0.0016532160807400942,0.0007462033987232926,0.001543311052955687,1.9432380175085745e-05,-1419.5654257797273,1.1037769317626953,1.0562618738395164,0.4975590107123893,-0.524892353758655,Alfred_Sisley_045.jpg,Alfred_Sisley,Impresionismo,4
150.2137,130.6504,92.83233,44.280727,45.62959,54.48169,28.0,7.0,0.0,255.0,255.0,235.0,0.45897493,0.2113705,0.61599034,0.17633015,0.16773799061775208,0.17566201090812683,0.1261003166437149,0.25,0.12681345641613007,0.11522261053323746,3.314448356628418,1.3859483003616333,6.56638240814209,2.2531468868255615,3.3304784297943115,1.4342869520187378,6.566477298736572,2.2698535919189453,0.001958015840500593,0.05790844902017545,0.002711058361455798,0.2963607415704882,0.002489841775968671,0.19847582847721296,0.001393332495354116,0.011701886649969163,0.00234326533973217,0.24340490604508325,0.0018842143472284079,0.06836746252501479,0.0015258961357176304,0.003215737605880206,0.0019695437513291836,0.0155815387713491,0.002026277594268322,0.006975822184184361,-1419.5654257797273,1.1523288488388062,2.428672349972409,0.5303960434224392,-0.46281217890399495,Alfred_Sisley_046.jpg,Alfred_Sisley,Impresionismo,4
126.813385,105.57202,91.2486,46.333107,49.222134,56.143078,0.0,0.0,0.0,255.0,227.0,225.0,0.3552494,0.27857843,0.49926522,0.18088879,0.18943536281585693,0.2689639627933502,0.27728384733200073,0.25,0.27581554651260376,0.3242073655128479,2.959380865097046,1.5850714445114136,5.516141891479492,2.485361099243164,3.060028314590454,1.638067603111267,5.50750207901001,2.469492197036743,0.002306688576936722,0.2149557060969255,0.002534260507673025,0.39032606268145614,0.002050630049780011,0.030186853271793344,0.0014510152395814657,0.12095213280726569,0.0014883457915857434,0.09811657857515074,0.0012312480248510838,0.044517233678255046,0.0013270796043798327,0.002103029851857366,0.001435842365026474,0.001935531899054567,0.0014485114952549338,0.0004280503238293754,-1419.5654257797273,0.8770044445991516,0.9773419146760274,0.4921269267778195,-0.18572858218472824,Alfred_Sisley_047.jpg,Alfred_Sisley,Impresionismo,4
160.78462,160.06871,49.31517,47.00597,61.407078,25.062365,16.0,3.0,0.0,255.0,255.0,196.0,0.7144949,0.10898552,0.6636088,0.21565549,0.20418502390384674,0.19459718465805054,0.19565077126026154,0.2500006363865463,0.127214252948761,0.156388059258461,3.8339943885803223,1.6820557117462158,7.334566116333008,2.6897523403167725,3.773780584335327,1.6459811925888062,7.33742094039917,2.687230348587036,0.0029134037904441357,0.1783049286043298,0.003150059375911951,0.2610087517273146,0.003287399187684059,0.45446798710271763,0.0018404658185318112,0.00016121602947950252,0.002072754083201289,0.0001381851681252879,0.0022253687493503094,0.00036849378166743435,0.0018565309001132846,0.0,0.0015319159720093012,0.0,0.001548093045130372,0.0,-1419.5654257797273,0.9132827520370483,0.0013904265150884794,0.5080507369419004,-0.14968474605977114,Alfred_Sisley_048.jpg,Alfred_Sisley,Impresionismo,4
127.24578,115.2898,82.49464,65.92059,65.849785,75.70782,0.0,0.0,0.0,255.0,255.0,250.0,0.45697272,0.27762848,0.502112,0.2594135,0.2594437003135681,0.3370476961135864,0.32198917865753174,0.2500008250580016,0.31498733162879944,0.34677013754844666,3.2523927688598633,2.2136764526367188,5.785955905914307,3.438101053237915,3.320483922958374,2.2863500118255615,5.7882280349731445,3.4873735904693604,0.0032049324363470078,0.529130040307587,0.0024624234065413475,0.29846950158404356,0.0015993955312296748,0.01842845031457766,0.0012542869662865996,0.002171552660152009,0.0015040879370644689,0.014115092290988056,0.001734340563416481,0.03602397632115181,0.0011117635294795036,0.0,0.0014239655574783683,0.0,0.0016403693007305264,0.0013981229455773206,-1419.553917513885,0.849465548992157,0.1411922096417737,0.4887532341204028,-0.2749272876470455,Alfred_Sisley_049.jpg,Alfred_Sisley,Impresionismo,4
146.89142,160.92937,128.28201,58.716297,51.087883,56.201134,0.0,3.0,0.0,255.0,255.0,249.0,0.34901828,0.14417307,0.670318,0.21383108,0.19907280802726746,0.15248794853687286,0.14212822914123535,0.25,0.055923812091350555,0.05606147274374962,3.8985965251922607,1.6829249858856201,7.6136040687561035,2.657217502593994,3.9050185680389404,1.6885366439819336,7.623391151428223,2.7683284282684326,0.0026317096780985594,0.2091533995654766,0.0028040313627570868,0.09184408371977641,0.0029234515968710184,0.22837485845980257,0.0017024519620463252,0.017651012887660095,0.002365046413615346,0.07772407363691289,0.0022623525001108646,0.12668397824982294,0.001723072025924921,0.002008570434003257,0.0020919148810207844,0.01207142828563312,0.0026958545204252005,0.13361794749708916,-1419.5654257797273,1.0040302276611328,0.777993278257565,0.5331504867179953,-0.5812482277108425,Alfred_Sisley_050.jpg,Alfred_Sisley,Impresionismo,4
102.20103,105.27717,106.873116,32.077003,33.305286,33.510914,0.0,0.0,0.0,186.0,185.0,187.0,0.08940335,0.057675026,0.42845806,0.13074347,0.12868395447731018,0.21660317480564117,0.23488380014896393,0.25,0.17181335389614105,0.20935189723968506,2.824423313140869,1.2790236473083496,5.2140793800354,1.8163827657699585,2.7849161624908447,1.4199310541152954,5.20510196685791,1.7297346591949463,0.0017145550809800625,0.0023502551705613752,0.001863994519226253,0.034548751007252215,0.0014874063199386,0.005607037335482138,0.001713937264867127,0.02491270480795058,0.0019274372607469559,0.17472468439430566,0.0009914629627019167,0.0018466290625839376,0.0013174662599340081,0.05620467365028203,0.0018065364565700293,0.4034380875637926,0.0016495618037879467,0.19513832930432448,-1419.5654257797273,1.198617935180664,1.7496355975193996,0.48683435328595487,-0.15428586329553934,Alfred_Sisley_1.jpg,Alfred_Sisley,Impresionismo,4
123.6203,136.95985,149.19505,46.771084,43.979904,49.263435,0.0,0.0,0.0,255.0,248.0,255.0,0.287968,0.15593943,0.62267786,0.17743257,0.17044538259506226,0.31651636958122253,0.33120235800743103,0.25,0.2953343689441681,0.3477126657962799,3.5263044834136963,1.5652984380722046,6.6903839111328125,2.294907331466675,3.6335272789001465,1.8229613304138184,6.700178146362305,2.319077730178833,0.0023236642591655254,0.06938344594594595,0.002137797884643078,0.0015202702702702704,0.001994048012420535,0.0002533783783783784,0.0022271869238466024,0.1800464527027027,0.0021924630273133516,0.09368665540540541,0.0025027492083609104,0.33116554054054054,0.0016070978017523885,0.06982685810810811,0.0017202046001330018,0.05489864864864865,0.0018900242866948247,0.09828969594594594,-1419.5654257797273,1.0611358880996704,0.9378345702812103,0.5029963555303363,-0.18864035523329922,Alfred_Sisley_10.jpg,Alfred_Sisley,Impresionismo,4
118.90262,116.895996,108.091415,48.64928,52.237015,61.14057,0.0,0.0,0.0,255.0,255.0,255.0,0.2289592,0.13789566,0.49829257,0.2197299,0.20225898921489716,0.288328617811203,0.27892377972602844,0.25,0.3315925896167755,0.35586634278297424,3.0410726070404053,1.5539988279342651,5.804640769958496,2.5503058433532715,3.1990294456481934,1.960720419883728,5.807806015014648,2.6015498638153076,0.0019744564779102802,0.051944572041035066,0.0026110655162483454,0.2696447710917164,0.0024104160256683826,0.28241463788087584,0.0013036124873906374,0.024452610626244067,0.0015290540177375078,0.13123564538355534,0.0009282029350288212,0.004547542489664676,0.0017726999940350652,0.0025340682896952994,0.0018653954612091184,0.016498239167049455,0.0017452065367251635,0.11765426427805849,-1419.4898739767664,0.8526217341423035,1.3110069306168877,0.5049555468906138,-0.30495003814757116,Alfred_Sisley_11.jpg,Alfred_Sisley,Impresionismo,4
133.78065,140.77359,146.31438,36.072636,36.483162,50.13695,4.0,4.0,0.0,255.0,255.0,255.0,0.18689424,0.11373916,0.6060361,0.1672233,0.14551635086536407,0.2689124345779419,0.23800182342529297,0.249998353909465,0.27240854501724243,0.2760554552078247,3.536149024963379,1.381664514541626,6.92402458190918,1.897495150566101,3.6248130798339844,1.6650161743164062,6.924339294433594,1.974152684211731,0.0024001002311706543,0.09598518518518519,0.0024512051604688168,0.1412,0.0025314255617558956,0.19004444444444443,0.0022852891124784946,0.08985185185185185,0.0023385609965771437,0.17020740740740742,0.0022899871692061424,0.07708148148148149,0.0016718958504498005,0.056133333333333334,0.001756860874593258,0.06121481481481481,0.001556880190037191,0.018207407407407408,-1419.5654257797273,1.0915218591690063,1.7022140037706797,0.5003993979067456,-0.21529199237821695,Alfred_Sisley_12.jpg,Alfred_Sisley,Impresionismo,4
107.30281,108.520706,92.72356,32.748276,32.094944,37.93565,0.0,0.0,0.0,229.0,228.0,200.0,0.2970744,0.17908534,0.45944574,0.12169251,0.1228431910276413,0.37671998143196106,0.2880699038505554,0.25,0.417484313249588,0.38336431980133057,2.8336915969848633,1.3343067169189453,5.287763595581055,1.535943627357483,2.8361318111419678,1.5207483768463135,5.32335090637207,1.8247778415679932,0.0018688635900616646,0.15349624060150377,0.001917183049954474,0.15590225563909774,0.0017065891297534108,0.08902255639097745,0.0016355224652215838,0.17112781954887218,0.0018514815019443631,0.21289473684210528,0.0016710120253264904,0.049135338345864664,0.0011622827732935548,0.01575187969924812,0.001430402509868145,0.03229323308270677,0.0014762805076316,0.0206390977443609,-1419.5654257797273,1.1320425271987915,2.128324838384363,0.5060619265409974,-0.13708335050587891,Alfred_Sisley_13.jpg,Alfred_Sisley,Impresionismo,4
141.4142,137.62163,117.31505,47.538044,51.439972,57.57801,3.0,0.0,0.0,255.0,255.0,253.0,0.23558187,0.16513275,0.57106084,0.19022658,0.1971701830625534,0.20823200047016144,0.2384958267211914,0.25,0.19003544747829437,0.259594202041626,3.512155532836914,1.6554899215698242,6.7809553146362305,2.6638171672821045,3.518960475921631,1.774375319480896,6.788475513458252,2.666055917739868,0.0021884466987103224,0.11671584023349513,0.0029442200902849436,0.1573554138510834,0.0030800148379057646,0.5652739443545572,0.0016095202881842852,0.014804944851580428,0.0017565495800226927,0.011569006905449278,0.002154004294425249,0.021319120586275817,0.0016571823507547379,0.0007613971637955648,0.0017268123337998986,0.00022207417277370642,0.0017435582121834159,0.0005921977940632171,-1419.531797510211,0.8382084965705872,0.11717242654747288,0.5302255557274829,-0.22048764368195756,Alfred_Sisley_14.jpg,Alfred_Sisley,Impresionismo,4
139.3535,146.75471,143.55675,30.856958,22.903326,31.809628,9.0,34.0,4.0,222.0,222.0,220.0,0.19177978,0.13276064,0.613554,0.09467897,0.09534724056720734,0.11963334679603577,0.137015700340271,0.25000196224637966,0.10041528195142746,0.13102678954601288,3.6178221702575684,0.8238162398338318,7.16066312789917,1.25420081615448,3.6242849826812744,0.982293963432312,7.161158084869385,1.295691967010498,0.0024437247775495052,0.2688618925831202,0.002501438604667783,0.3786231884057971,0.002409289823845029,0.10656436487638533,0.002231740625575185,0.04156010230179028,0.0020885721314698458,0.04401108269394714,0.001950439647771418,0.002522023302074453,0.002106473548337817,0.00632281898266553,0.002149543259292841,0.044082125603864736,0.002081031445413828,0.010336743393009377,-1419.5654257797273,0.9416304230690002,0.43870481109695464,0.4928097594153887,-0.14032529467607624,Alfred_Sisley_15.jpg,Alfred_Sisley,Impresionismo,4
123.36724,126.51515,108.04668,50.13739,48.3318,52.55875,0.0,5.0,0.0,238.0,220.0,205.0,0.2242064,0.14616749,0.5120307,0.18853186,0.1912035197019577,0.2212156355381012,0.22666503489017487,0.25000163192835184,0.16807326674461365,0.19762133061885834,3.216529607772827,1.553558588027954,6.134701728820801,2.5549583435058594,3.2360942363739014,1.6691534519195557,6.160758972167969,2.688278913497925,0.002499583177268505,0.19158988896763524,0.002851197961717844,0.4714446019371604,0.0027417533565312624,0.18884360973304984,0.001282096141949296,2.9529884242853768e-05,0.0018229203997179866,0.023299078667611623,0.0018544208724051714,0.023535317741554453,0.001478501595556736,2.9529884242853768e-05,0.0013314896496012807,0.0008563666430427592,0.0012266143457964063,0.0,-1419.5654257797273,0.9600681066513062,0.2330871258692395,0.5100680764518589,-0.14589671792065223,Alfred_Sisley_16.jpg,Alfred_Sisley,Impresionismo,4
95.86145,87.606575,89.394615,63.33215,61.948273,64.364746,0.0,0.0,0.0,255.0,249.0,251.0,0.35368785,0.2954318,0.4109016,0.24682167,0.24087178707122803,0.28654739260673523,0.28656256198883057,0.25,0.25103697180747986,0.28067123889923096,2.432492256164551,1.9091318845748901,4.576418399810791,3.275261163711548,2.6139144897460938,2.329059362411499,4.525694370269775,3.195009231567383,0.00017384986858814955,0.0,0.0006269586738198996,0.0023243801652892563,0.001879336778074503,0.01921487603305785,0.0007364501361735165,0.0,0.0009533135453239083,0.0021694214876033058,0.0018259375356137753,0.06270661157024793,0.0017225909978151321,0.09850206611570247,0.0019624237902462482,0.2381198347107438,0.0025743856094777584,0.46668388429752067,-1419.5654257797273,0.688847005367279,0.021944845385387598,0.6005739681284294,-0.1552843482975748,Alfred_Sisley_17.jpg,Alfred_Sisley,Impresionismo,4
133.5613,138.64017,127.19551,44.64318,45.40907,59.651936,0.0,0.0,0.0,255.0,255.0,255.0,0.1998681,0.11078502,0.5756201,0.21219076,0.179742693901062,0.27411967515945435,0.2613643407821655,0.25,0.28654715418815613,0.3211826682090759,3.474576711654663,1.5093679428100586,6.746009349822998,2.357997179031372,3.4812049865722656,1.6078661680221558,6.747896194458008,2.410149097442627,0.0014445874840021133,0.002553710293923817,0.0027698823250830173,0.5153552128641097,0.0029462280217558146,0.2971200738104653,0.0016505224630236626,0.0004777909582180045,0.0018151086987927556,0.04598326084091209,0.002254330785945058,0.03349479372611045,0.0019478343892842531,0.001565177276921049,0.0020323600620031357,0.00044483985765124553,0.0019350649090483785,0.003476341109793067,-1419.5527698610247,0.8691195249557495,0.45959194015944893,0.5394138342722546,-0.21696107818706126,Alfred_Sisley_18.jpg,Alfred_Sisley,Impresionismo,4
109.65665,113.841255,104.917946,52.223064,52.223503,60.613472,0.0,0.0,0.0,255.0,247.0,236.0,0.2977957,0.23298311,0.48242146,0.21627112,0.2043319046497345,0.39151108264923096,0.4153943955898285,0.25,0.3934497535228729,0.4859963655471802,3.1447415351867676,1.6153383255004883,5.6380414962768555,2.57448410987854,3.156559467315674,1.720748782157898,5.657609462738037,2.6274540424346924,0.0015080065932124853,0.008746603260869566,0.002004411304369569,0.006984544836956522,0.0024244694504886866,0.15690811820652173,0.0011294108116999269,0.048828125,0.0015353643102571368,0.09746518342391304,0.002544202608987689,0.42287279211956524,0.001204275176860392,0.023862092391304348,0.0012861917493864894,0.02426545516304348,0.001812817296013236,0.11092476222826086,-1419.5654257797273,0.8944309949874878,0.9737238033660334,0.568619477314447,-0.18053642671161477,Alfred_Sisley_19.jpg,Alfred_Sisley,Impresionismo,4
149.93552,148.8426,151.41505,46.708908,49.449596,63.728992,0.0,0.0,0.0,255.0,255.0,255.0,0.18325241,0.13209426,0.64317197,0.21105638,0.1945069432258606,0.34025290608406067,0.3441208004951477,0.24999942235130745,0.3541226089000702,0.43270519375801086,4.082630157470703,2.0979390144348145,7.435708045959473,2.517763614654541,3.9183895587921143,1.8649193048477173,7.43585729598999,2.516934394836426,0.002431221306324005,0.08095585933423771,0.002843274734914303,0.1346133778566211,0.0027044995222240686,0.057810706459355106,0.002104660961776972,0.0882604612334342,0.0026485000271350145,0.2751747886883022,0.002352256327867508,0.09992695398100804,0.0020307525992393494,0.038422205989773556,0.0019789186771959066,0.10750286966503182,0.0016231235349550843,0.020306793279766252,-1419.5425708287366,1.1505603790283203,2.742684513765646,0.5025256377041267,-0.17749206104232865,Alfred_Sisley_2.jpg,Alfred_Sisley,Impresionismo,4
137.44827,132.58708,122.54769,44.09644,51.02044,72.76078,4.0,0.0,0.0,250.0,229.0,230.0,0.31097946,0.29597747,0.5743783,0.19226265,0.1994207352399826,0.208825945854187,0.2056298404932022,0.25,0.20478427410125732,0.23963850736618042,3.413818597793579,1.5580289363861084,6.601982116699219,2.5791897773742676,3.376540422439575,1.5117634534835815,6.607795715332031,2.576422691345215,0.002574985148385167,0.1511988146551724,0.002781311050057411,0.2992322198275862,0.0028461129404604435,0.4119971264367816,0.0019097448093816638,0.0025368175287356323,0.0024170968681573868,0.011247306034482759,0.0024693345185369253,0.02184357040229885,0.001060694339685142,4.489942528735632e-05,0.001190032809972763,0.0017510775862068966,0.0011628038482740521,0.00017959770114942528,-1419.5654257797273,1.1814918518066406,0.11246912147653566,0.5172154228506295,-0.14923683013139963,Alfred_Sisley_20.jpg,Alfred_Sisley,Impresionismo,4
191.60701,174.74962,147.53438,37.800056,40.597507,34.010838,0.0,0.0,0.0,255.0,255.0,255.0,0.23571737,0.09358998,0.7535787,0.14583753,0.1496775895357132,0.3960045874118805,0.3562144935131073,0.25000042200431793,0.43043509125709534,0.43364283442497253,4.574799537658691,1.8351463079452515,8.784598350524902,2.084019899368286,4.476225852966309,1.5894076824188232,8.791211128234863,2.1725809574127197,0.0032285144552588463,0.25218060348439486,0.002907061716541648,0.2021162328313184,0.002804648131132126,0.0780598913697618,0.002896804828196764,0.13315202900869194,0.0027212100103497505,0.1389872858437888,0.0025690027978271246,0.06395929032307211,0.0025145451072603464,0.004928735211889907,0.0024601216427981853,0.0191512215188427,0.002357538091018796,0.00945372549915823,-1419.5654257797273,1.0012818574905396,1.3868078511524955,0.485922822641612,-0.33215187814728786,Alfred_Sisley_3.jpg,Alfred_Sisley,Impresionismo,4
125.045235,134.26807,130.49748,49.73946,56.884468,60.593082,0.0,0.0,0.0,242.0,246.0,243.0,0.1825936,0.1594295,0.54425126,0.21962477,0.21495947241783142,0.40554654598236084,0.3896779716014862,0.2499989327231356,0.37498554587364197,0.4004490375518799,3.8378608226776123,2.053638458251953,6.574276447296143,2.7990870475769043,3.772623062133789,2.1482036113739014,6.573512077331543,2.7708630561828613,0.002495505614206195,0.016616489115331173,0.0025860369205474854,0.058939323761000466,0.002754442859441042,0.3045777366064536,0.0018076591659337282,0.10768874478925429,0.0014829548308625817,0.04496680561988575,0.0018681474030017853,0.10469739076733055,0.0015087593346834183,0.00426509186351706,0.001868678373284638,0.16691755442334413,0.0017687412910163403,0.08842828469970665,-1419.5654257797273,0.7357136011123657,0.4511229217841693,0.5091023076333208,-0.19308469255729752,Alfred_Sisley_4.jpg,Alfred_Sisley,Impresionismo,4
139.34854,135.45804,117.383316,35.046974,35.57357,35.392952,0.0,5.0,0.0,243.0,229.0,204.0,0.1882605,0.12155173,0.5584384,0.1384763,0.13594074547290802,0.21947485208511353,0.2453739047050476,0.2500017897412034,0.1792754977941513,0.22220954298973083,3.586573839187622,1.5995619297027588,6.68560266494751,1.7495008707046509,3.5444436073303223,1.5126996040344238,6.68770170211792,1.783618688583374,0.0020374504383653402,0.0051292039994805865,0.0022757460828870535,0.012011427087391249,0.002083747647702694,0.002954161797169199,0.002085604704916477,0.27681469938968967,0.0023819853086024523,0.16156992598363848,0.002014592755585909,0.008732632125697961,0.001693050959147513,0.0040254512400986885,0.002180199371650815,0.30739514348785874,0.0018972139805555344,0.12771068692377613,-1419.5654257797273,1.1495031118392944,1.6043911154428971,0.5019334268525101,-0.15664620278787347,Alfred_Sisley_5.jpg,Alfred_Sisley,Impresionismo,4
168.37979,166.83209,160.54759,39.463837,39.879013,47.475815,5.0,13.0,5.0,255.0,253.0,255.0,0.1119482,0.08999585,0.6799234,0.15828148,0.15765920281410217,0.2854452431201935,0.2918587327003479,0.25,0.25652608275413513,0.3099467158317566,4.363758563995361,1.920717477798462,8.286791801452637,2.188786745071411,4.243788719177246,1.5758278369903564,8.27828598022461,2.132354736328125,0.002331549534574151,0.02845149253731343,0.003043109318241477,0.3844402985074627,0.0031443550251424313,0.2538992537313433,0.0019210462924093008,0.00914179104477612,0.0029080091044306755,0.1115858208955224,0.0026443826500326395,0.052649253731343285,0.0021505008917301893,0.00875,0.0025815346743911505,0.0407089552238806,0.002327551832422614,0.00332089552238806,-1419.5654257797273,1.1353434324264526,1.1246708155653335,0.5266813623066612,-0.20096857167864987,Alfred_Sisley_6.jpg,Alfred_Sisley,Impresionismo,4
151.85585,156.52063,146.36328,67.47825,70.82306,71.136444,0.0,0.0,0.0,255.0,255.0,248.0,0.14179274,0.13718228,0.62648815,0.2704192,0.27279341220855713,0.23292581737041473,0.21085941791534424,0.24999940051986916,0.17628200352191925,0.1685761958360672,3.9566941261291504,1.9335962533950806,7.661686420440674,3.488316297531128,4.12896728515625,2.2638161182403564,7.671116828918457,3.5217130184173584,0.003289816901087761,0.1405474048255924,0.003367644501850009,0.21126692064521357,0.003423889633268118,0.3591688957337008,0.0019160965457558632,0.017043581637891436,0.0025846983771771193,0.10784901785955527,0.0015831590862944722,0.0627543162843479,0.0015900508733466268,0.0003998811164248467,0.0018299405928701162,0.0019994055821242335,0.0017318027094006538,0.00030261273675393803,-1419.5654257797273,1.091245412826538,1.076896220918651,0.4976941025941822,-0.3241346755929577,Alfred_Sisley_7.jpg,Alfred_Sisley,Impresionismo,4
147.90695,145.83147,138.4416,38.261703,41.925488,38.412308,0.0,0.0,0.0,255.0,255.0,255.0,0.16876622,0.09814746,0.61103714,0.14958861,0.15383099019527435,0.42007315158843994,0.38134899735450745,0.25,0.430643767118454,0.4391254782676697,4.196300983428955,2.2433829307556152,7.234853744506836,2.0243723392486572,3.8348608016967773,1.951551914215088,7.242208003997803,2.123863697052002,0.00234888750128448,0.14045438534695315,0.0024881456047296524,0.13097334742280145,0.002456334652379155,0.06299166373136081,0.0019478779286146164,0.09648350358107315,0.0022121877409517765,0.16085476106610308,0.0021836361847817898,0.03783609252084067,0.0020666485652327538,0.06915580603498885,0.002205437980592251,0.07667018903369731,0.0022418552543967962,0.12389926030292356,-1419.5654257797273,0.9880199432373047,1.6097654894009348,0.5091144249654297,-0.17123945700323565,Alfred_Sisley_8.jpg,Alfred_Sisley,Impresionismo,4
157.92491,149.52213,139.12076,37.27282,43.920372,50.64105,4.0,0.0,0.0,255.0,255.0,255.0,0.18311317,0.15429288,0.6347374,0.15403004,0.16441921889781952,0.26500752568244934,0.2704349756240845,0.24999979128419494,0.3051145374774933,0.35623395442962646,3.8274195194244385,1.3788294792175293,7.493839263916016,2.0789997577667236,3.8241353034973145,1.5401520729064941,7.496647834777832,2.2036349773406982,0.0028400104492902756,0.19983141035772614,0.0028834519907832146,0.2703982177666388,0.0027723032981157303,0.12014269909006751,0.002574668964371085,0.07088291298817614,0.0026008218992501497,0.13432229221702907,0.0021925868932157755,0.08120150225413383,0.0015850377967581153,0.006261900998743104,0.0017463756958022714,0.008918693129219444,0.0016880892217159271,0.00848216637690322,-1419.188300806091,1.1208593845367432,1.3425637454808421,0.4932837633763374,-0.31043418939960987,Alfred_Sisley_9.jpg,Alfred_Sisley,Impresionismo,4
141.35316,116.854385,108.40428,74.14624,76.40261,79.41826,0.0,0.0,0.0,255.0,255.0,255.0,0.35447848,0.27185866,0.5558397,0.29149458,0.2968338131904602,0.5931321382522583,0.5310633182525635,0.25,0.6702228784561157,0.6770860552787781,3.3953897953033447,2.3159196376800537,6.184957504272461,3.781491756439209,3.429605484008789,2.4163949489593506,6.185571193695068,3.7279515266418457,0.0030163568444550037,0.08646749095011988,0.002843267284333706,0.3369963800479526,0.0008831840241327882,0.00609985426167082,0.0020816531032323837,0.1442691927977058,0.0027072809170931578,0.25681679281651076,0.0011212397366762161,0.009108645573785906,0.001444153138436377,0.020661934088665318,0.0018503385363146663,0.03433077899487565,0.0011306916130706668,0.0076042499177283625,-1419.5561897498533,1.4266990423202515,2.5614642646847154,0.4307850586301732,-0.2255221247013659,Camille_Pissarro_001.jpg,Camille_Pissarro,Impresionismo,4
77.71009,79.97571,53.43491,59.429066,59.3686,56.9763,0.0,1.0,0.0,254.0,255.0,251.0,0.4030603,0.20528795,0.3207945,0.23377122,0.23033422231674194,0.2982829213142395,0.2897983491420746,0.25000039469342583,0.3053048551082611,0.3259165585041046,2.1702518463134766,1.987410545349121,3.8338711261749268,3.0696563720703125,2.209416627883911,2.0686349868774414,3.8269126415252686,3.0127081871032715,0.0017316691810265183,0.29190883190883193,0.0006957492441870272,0.009031339031339031,0.001032741740345955,0.027364672364672365,0.0023162763100117445,0.44155270655270656,0.0010720877908170223,0.03334757834757835,0.00062668597092852,0.0038888888888888888,0.0011431792518123984,0.05368945868945869,0.0010122684761881828,0.01658119658119658,0.0009278560755774379,0.024045584045584045,-1419.4905014042363,0.9138320088386536,0.3329540273455089,0.4019992601336912,-0.23968877222813967,Camille_Pissarro_002.jpg,Camille_Pissarro,Impresionismo,4
176.27495,174.31738,144.9645,69.38885,67.65225,64.99381,0.0,0.0,0.0,255.0,255.0,248.0,0.2199048,0.13407914,0.70223427,0.26334935,0.26502805948257446,0.2164233773946762,0.19184671342372894,0.2500004425350532,0.2392839640378952,0.24048428237438202,4.31175422668457,1.7817809581756592,8.524221420288086,3.3634884357452393,4.366559982299805,1.8868414163589478,8.524469375610352,3.3885464668273926,0.0030735128093510866,0.011036682615629984,0.003164400579407811,0.03527910685805423,0.003365080803632736,0.05866028708133971,0.0022241121623665094,0.09931419457735247,0.0027681973297148943,0.37200956937799046,0.003498115809634328,0.28200956937799043,0.0011193628888577223,0.0,0.001700304332189262,0.00011164274322169058,0.0028236210346221924,0.03735247208931419,-1419.558970822853,1.0495845079421997,3.7376476258961007,0.5486037028920883,-0.19529138697784973,Camille_Pissarro_003.jpg,Camille_Pissarro,Impresionismo,4
156.11316,157.81532,132.15437,65.955246,67.292725,63.14007,0.0,0.0,0.0,255.0,255.0,248.0,0.24605599,0.15420021,0.6437964,0.25870684,0.25777217745780945,0.19442196190357208,0.20580144226551056,0.25000070101647387,0.1940683275461197,0.24546369910240173,3.9063968658447266,1.7527621984481812,7.676455020904541,3.2772271633148193,3.933943271636963,1.9027305841445923,7.676499843597412,3.2979013919830322,0.003280803794041276,0.23594952681388012,0.0029306700453162193,0.07864984227129337,0.0028169944416731596,0.0036845425867507884,0.0025923806242644787,0.11381703470031546,0.002702865982428193,0.08845425867507886,0.002311770571395755,0.008782334384858044,0.0024068960919976234,0.3693249211356467,0.0014856962952762842,0.0011608832807570978,0.0008384525426663458,0.0,-1419.5466308536134,1.1384950876235962,0.884716154446888,0.4568983720095922,-0.2272891068783998,Camille_Pissarro_004.jpg,Camille_Pissarro,Impresionismo,4
123.86427,116.91692,104.11899,61.957535,67.69326,75.21032,0.0,0.0,0.0,255.0,255.0,255.0,0.302713,0.18149771,0.51253355,0.2689128,0.25925758481025696,0.2971290946006775,0.3079589903354645,0.25,0.3418874144554138,0.40831172466278076,3.029075860977173,1.9485827684402466,5.86528205871582,3.3697593212127686,3.133131265640259,2.1592414379119873,5.858209133148193,3.380985975265503,0.002602091059088707,0.13577215189873418,0.0029416948091238737,0.4110379746835443,0.0023520493414252996,0.04556962025316456,0.0016347912605851889,0.03153164556962025,0.0021730137523263693,0.21053164556962026,0.001373101957142353,0.05341772151898734,0.0011670429958030581,0.007556962025316456,0.0010758141288533807,0.005215189873417721,0.0009557408047839999,0.00012658227848101267,-1419.5058389732928,1.2016350030899048,2.103541105168954,0.48825891856321574,-0.20545554859359633,Camille_Pissarro_005.jpg,Camille_Pissarro,Impresionismo,4
135.59175,126.57697,101.460365,59.96487,61.605164,70.423676,0.0,0.0,0.0,255.0,255.0,255.0,0.52378964,0.18520065,0.6169391,0.2414861,0.22525227069854736,0.3512416183948517,0.28834712505340576,0.24999973044804924,0.36958983540534973,0.3571804463863373,3.2704567909240723,1.752138614654541,6.292032241821289,2.8754241466522217,3.2407217025756836,1.7891901731491089,6.295945167541504,2.8636956214904785,0.002055266173556447,0.0017705141300646918,0.0018004800658673048,0.07655041587625858,0.002510228892788291,0.17070869205700667,0.001996466889977455,0.014475412228221216,0.0013314485549926758,0.09016975533829466,0.0028611125890165567,0.3961184882533197,0.0012173060094937682,0.0022666472104674353,0.0015544593334197998,0.04273554161194611,0.002155164023861289,0.10231042365873827,-1419.557671205954,0.6854491233825684,0.904606385206671,0.5427250745116893,-0.3840382942174766,Camille_Pissarro_006.jpg,Camille_Pissarro,Impresionismo,4
173.99706,164.44312,154.91003,60.890495,64.80676,60.361225,0.0,0.0,0.0,255.0,238.0,231.0,0.15454249,0.13973188,0.6843004,0.23679808,0.24680881202220917,0.1446729600429535,0.23124021291732788,0.24999754901960786,0.13729362189769745,0.2557813227176666,4.237497329711914,1.6877949237823486,8.258980751037598,3.1012227535247803,4.278521537780762,1.7277050018310547,8.26317310333252,3.126749038696289,0.0030263203661888838,0.14272445820433435,0.00320177199319005,0.13991596638655462,0.0031647656578570604,0.14429455992923484,0.002418294083327055,0.19360902255639098,0.003061804687604308,0.08104820875718709,0.003186566522344947,0.18996019460415745,0.0007253595977090299,0.0003980539584254755,0.0015629850095137954,0.0004201680672268908,0.0026480508968234062,0.00183547103051747,-1419.5654257797273,1.198305368423462,0.8157334226958185,0.5446453660525592,-0.15428272284107447,Camille_Pissarro_007.jpg,Camille_Pissarro,Impresionismo,4
127.71604,96.25353,56.039703,62.644066,60.726448,39.611626,0.0,0.0,0.0,255.0,253.0,255.0,0.5790431,0.14193039,0.5008724,0.2456354,0.22899971902370453,0.20489796996116638,0.2520754039287567,0.25,0.18649828433990479,0.26784276962280273,2.647507429122925,1.6824870109558105,5.037121772766113,2.994762420654297,2.671044111251831,1.8417409658432007,5.036290168762207,2.99751353263855,0.0010853903368115425,0.059598725073553446,0.001639246242120862,0.10405769859431187,0.0029753458220511675,0.6031995750245178,0.001411599456332624,0.06762830990519778,0.002222576644271612,0.06137626675384113,0.0018293262692168355,0.003085158548545276,0.0006958488374948502,4.0863027133050016e-05,0.0010833550477400422,0.0,0.0010453456779941916,0.0,-1419.5654257797273,1.4300122261047363,0.6144544839398315,0.5731793429301417,-0.16631597154170194,Camille_Pissarro_008.jpg,Camille_Pissarro,Impresionismo,4
172.33327,143.72298,126.71229,57.72291,63.12176,62.041092,0.0,0.0,0.0,255.0,255.0,255.0,0.32047546,0.2099238,0.6761616,0.22594997,0.23929645121097565,0.17084532976150513,0.19500745832920074,0.24999944737580876,0.26538822054862976,0.3024934232234955,3.851219415664673,1.9596961736679077,7.46774435043335,2.988463878631592,3.798485279083252,1.6565616130828857,7.46772575378418,3.007852077484131,0.0029565938748419285,0.02116883116883117,0.0030951458029448986,0.17071928071928072,0.0031348078045994043,0.38647352647352645,0.0015625833766534925,0.008661338661338662,0.002426691120490432,0.04518481518481519,0.003059827024117112,0.2550749250749251,0.0009409529739059508,0.007832167832167832,0.0018293056637048721,0.002247752247752248,0.0018225518288090825,0.0046853146853146855,-1419.5270889241915,1.0485713481903076,0.45082225968815853,0.5423262687464956,-0.23032943285613372,Camille_Pissarro_009.jpg,Camille_Pissarro,Impresionismo,4
132.32584,115.5162,95.13553,67.84712,70.53084,71.53428,0.0,0.0,0.0,255.0,255.0,255.0,0.39314702,0.27288404,0.519212,0.26619145,0.27215608954429626,0.30718815326690674,0.2903580963611603,0.2500005026469388,0.4698561131954193,0.5364251136779785,3.035100221633911,1.9129340648651123,5.877893924713135,3.3604624271392822,3.0994133949279785,1.8808873891830444,5.871212005615234,3.348700523376465,0.0028599384240806103,0.16222427302173245,0.002944633364677429,0.2648426614552232,0.002907126909121871,0.15536615818902338,0.0010953969322144985,0.045871559633027525,0.0014549042098224163,0.1370718202052006,0.002192474901676178,0.12427845031938187,0.0011263963533565402,0.003021913395943036,0.000861503416672349,0.0013571467347049562,0.0009200776112265885,0.005247634040859164,-1419.5654257797273,0.8002508282661438,1.371813050627897,0.5186998660919628,-0.13368001158712364,Camille_Pissarro_010.jpg,Camille_Pissarro,Impresionismo,4
60.425133,48.52004,34.65615,45.760998,43.326588,36.14499,0.0,0.0,0.0,255.0,255.0,255.0,0.5326635,0.2757341,0.23891768,0.18176341,0.16733521223068237,0.41979706287384033,0.3679426908493042,0.25,0.7750409841537476,0.7302410006523132,1.5379496812820435,1.7093048095703125,2.5135304927825928,1.728209376335144,1.4512757062911987,1.541627287864685,2.5114030838012695,1.7144403457641602,0.0011310813715681434,0.23408695652173914,0.0008907782612368464,0.11773913043478261,0.0005703382776118815,0.019753623188405796,0.0006498597795143723,0.050434782608695654,0.0005484837456606328,0.02320289855072464,0.0006729153683409095,0.08150724637681159,0.000624587875790894,0.042492753623188405,0.0009562299237586558,0.17468115942028986,0.0009451249497942626,0.15610144927536232,-1418.9612222769586,0.7062538266181946,0.2320289623043502,0.479301188565971,-0.31483031607938045,Camille_Pissarro_011.jpg,Camille_Pissarro,Impresionismo,4
140.68182,125.66674,113.42016,63.253345,73.08568,78.13908,0.0,0.0,0.0,255.0,255.0,255.0,0.31229967,0.26789108,0.55593663,0.25165418,0.2756839394569397,0.3043377101421356,0.2892190217971802,0.25,0.3278648555278778,0.3828313648700714,3.3779654502868652,1.873555302619934,6.407111644744873,3.449310779571533,3.414679527282715,2.0899956226348877,6.4117937088012695,3.482311964035034,0.003217145102098584,0.3601344276691323,0.0031586657278239727,0.2114702604113892,0.0029667287599295378,0.11395953659607526,0.0020144328009337187,0.17469686222852704,0.001122210524044931,0.010614043976086736,0.0014652407262474298,0.022528456108352756,0.0013207877054810524,0.00286249873340764,0.0013601798564195633,0.000726179619684534,0.0011938001262024045,6.755159252879387e-05,-1419.516310751765,0.566795825958252,0.10648831259346735,0.48254134770215257,-0.22698102529147088,Camille_Pissarro_012.jpg,Camille_Pissarro,Impresionismo,4
115.80037,101.46074,84.50845,66.3593,64.21122,66.61042,0.0,0.0,0.0,255.0,255.0,255.0,0.365309,0.25822717,0.45833135,0.2556049,0.25312209129333496,0.1944466531276703,0.20980559289455414,0.25,0.16060639917850494,0.20549902319908142,2.719935655593872,1.8129007816314697,5.183662414550781,3.2757363319396973,2.729879379272461,1.891805648803711,5.178506851196289,3.2401626110076904,0.0025156266056001186,0.1267215067371399,0.0027940089348703623,0.345511054864885,0.002387281274423003,0.2179520583637311,0.0016319232527166605,0.0945060671480682,0.0017753890715539455,0.1158527506886027,0.0005975973326712847,0.0,0.000899936945643276,0.0,0.0010288543999195099,0.0,0.0007509554270654917,0.0,-1419.544874306709,1.1110329627990723,1.1578282714904815,0.4671115606727438,-0.1592114292562948,Camille_Pissarro_013.jpg,Camille_Pissarro,Impresionismo,4
116.58887,100.35367,82.086365,55.018364,61.8645,65.80123,0.0,0.0,0.0,255.0,255.0,255.0,0.43373933,0.20753916,0.4757959,0.23799293,0.2325393110513687,0.3430967628955841,0.3147326707839966,0.25,0.34463030099868774,0.37081220746040344,2.827167510986328,1.856060266494751,5.167201995849609,2.9880919456481934,2.886204481124878,1.9826723337173462,5.15504264831543,2.9763922691345215,0.001988266594707966,0.18185651043496592,0.0027075547259300947,0.5387182910547397,0.0015527404611930251,0.060730096268709156,0.001029724720865488,0.0024067177289016934,0.0009989225072786212,0.011963319513737615,0.0011326586827635765,0.02029021151008362,0.0015224023954942822,0.0029864380577612256,0.0016523096710443497,0.0018621319654275876,0.0017045087879523635,0.08418241866348113,-1419.5654257797273,0.6291686296463013,0.11897273449964373,0.49604668619281456,-0.20775901825582438,Camille_Pissarro_014.jpg,Camille_Pissarro,Impresionismo,4
157.39326,153.40952,134.5515,65.50616,79.37339,101.68505,0.0,0.0,0.0,255.0,255.0,255.0,0.3958337,0.3278344,0.66470253,0.29240182,0.3005720376968384,0.17183645069599152,0.27344435453414917,0.25,0.1421535164117813,0.27429819107055664,3.995166778564453,2.0789763927459717,7.59431266784668,3.8160178661346436,3.9585230350494385,2.032755136489868,7.595206260681152,3.805521249771118,0.003408156568184495,0.26473237744914047,0.0033865005243569613,0.10916347621549934,0.003028769278898835,0.03475715036408678,0.0027778593357652426,0.3356855090959137,0.002789120189845562,0.12841878737832496,0.0019950082059949636,0.008019918424542702,0.0014601985458284616,0.00106348372244326,0.0014371441211551428,0.0008257638315441783,0.0008627820643596351,0.0007006480994920302,-1419.551177054142,1.1871050596237183,1.3083676645581916,0.4656881027488935,-0.19051524255583283,Camille_Pissarro_015.jpg,Camille_Pissarro,Impresionismo,4
128.9902,119.967285,108.75238,71.161064,72.98134,76.5796,0.0,0.0,0.0,255.0,255.0,255.0,0.302416,0.21699452,0.5204899,0.28618464,0.28438952565193176,0.23980902135372162,0.24433684349060059,0.25,0.19006069004535675,0.23535044491291046,3.2097859382629395,2.132014513015747,6.056049346923828,3.6670920848846436,3.2243332862854004,2.0944442749023438,6.048819541931152,3.6154189109802246,0.0028747846372425556,0.22673740053050398,0.0025894572027027607,0.13651635720601238,0.0028979715425521135,0.23770114942528736,0.0021123115438967943,0.1154553492484527,0.0010210830951109529,0.002944297082228117,0.0020280941389501095,0.17185676392572943,0.001162481028586626,0.0005039787798408488,0.0010439594043418765,0.00022104332449160034,0.0010782522149384022,8.841732979664014e-06,-1419.5550715580205,0.5467327237129211,0.029708856130548023,0.4948508909627542,-0.3078838184506639,Camille_Pissarro_016.jpg,Camille_Pissarro,Impresionismo,4
109.281166,100.027084,86.178825,71.11325,76.85378,77.17099,0.0,0.0,0.0,255.0,255.0,255.0,0.37067515,0.25736082,0.43355182,0.28519824,0.2939530313014984,0.29464492201805115,0.3027982711791992,0.25,0.3549882471561432,0.39898696541786194,2.717413902282715,2.1414883136749268,5.05239200592041,3.6650853157043457,2.884686231613159,2.187297821044922,5.063235282897949,3.705684185028076,0.0023153177462518215,0.09958084867340766,0.002938420744612813,0.3596275170685334,0.0030955865513533354,0.3845173278022643,0.0009282950777560472,0.007086682222798376,0.00111269426997751,0.011407829919626652,0.0015036500990390778,0.02847636332209835,0.0006431426154449582,0.0038674271886613085,0.0005107359611429274,0.00012963443090484831,0.0009421162540093064,6.481721545242416e-05,-1419.4621226886754,0.7158122062683105,0.11474656561988497,0.539657895712297,-0.12295053066982765,Camille_Pissarro_017.jpg,Camille_Pissarro,Impresionismo,4
100.85659,89.349396,77.83931,53.094383,59.958767,65.271835,0.0,0.0,0.0,255.0,255.0,255.0,0.37506083,0.18068294,0.4190414,0.23802292,0.226124107837677,0.2579757273197174,0.2528225779533386,0.25,0.2698816657066345,0.30346643924713135,2.4565906524658203,1.8113092184066772,4.570383548736572,2.909909725189209,2.4974746704101562,1.86118483543396,4.561409950256348,2.9008259773254395,0.00264761783182621,0.4478168400553477,0.002219703746959567,0.33667298723927636,0.0010005485964938998,0.008225285706964588,0.0012815715745091438,0.020627274124942346,0.0014716796576976776,0.07639778609132374,0.000928317429497838,3.8435914518526114e-05,0.0011134082451462746,0.007072208271408804,0.0012728376314043999,0.003946087223902014,0.0007410698453895748,0.00224209501358069,-1419.2073174030702,1.0448275804519653,0.7614067682220236,0.43124568072134756,-0.21964683782871633,Camille_Pissarro_018.jpg,Camille_Pissarro,Impresionismo,4
124.83198,126.347176,128.12141,58.296177,62.832394,71.57411,0.0,0.0,0.0,255.0,255.0,255.0,0.21835534,0.16316004,0.5443761,0.25793213,0.24300724267959595,0.30910301208496094,0.30793511867523193,0.25,0.24755626916885376,0.29241079092025757,3.245363473892212,1.6702481508255005,6.28834867477417,3.0513718128204346,3.4580202102661133,2.0892815589904785,6.2927632331848145,3.062864065170288,0.0026424142997711897,0.1607771629778672,0.002406294224783778,0.01255449362843729,0.001665013376623392,0.006780264922870556,0.002855762606486678,0.49665702548625085,0.002098972210660577,0.21107897384305835,0.0007300206343643367,0.0033953722334004025,0.0020656874403357506,0.010039403085177733,0.0018748127622529864,0.00031438631790744467,0.0011293297866359353,0.000943158953722334,-1418.3718748643978,1.081424355506897,2.104848612735397,0.4146082016397313,-0.21746495263363608,Camille_Pissarro_019.jpg,Camille_Pissarro,Impresionismo,4
102.29674,95.674934,66.08094,54.7955,58.80571,61.008427,0.0,0.0,0.0,255.0,255.0,246.0,0.45436576,0.23945408,0.40375122,0.21808805,0.22495140135288239,0.25785377621650696,0.2260209619998932,0.25,0.2274456024169922,0.2582557201385498,2.4657371044158936,1.6666128635406494,4.70574426651001,2.924178123474121,2.4634082317352295,1.6794278621673584,4.696456432342529,2.8960464000701904,0.001401732093654573,0.05782222222222222,0.0014519825344905257,0.013813333333333334,0.002988566178828478,0.7748088888888889,0.0010374003322795033,0.0004622222222222222,0.0007950906874611974,0.0007733333333333333,0.001490322407335043,0.0472,0.0011713970452547073,0.0006577777777777777,0.001393696991726756,0.001751111111111111,0.0013175768544897437,0.0034666666666666665,-1419.5654257797273,0.5484285950660706,0.007726845825881345,0.5568408904572628,-0.3504061202797221,Camille_Pissarro_020.jpg,Camille_Pissarro,Impresionismo,4
102.84746,86.28313,74.90876,55.207417,60.311947,62.068565,1.0,0.0,0.0,255.0,255.0,255.0,0.40794235,0.28408265,0.40663034,0.21812469,0.2298765778541565,0.2792896032333374,0.21890853345394135,0.25,0.4225471019744873,0.42080309987068176,2.3265318870544434,1.532411813735962,4.4739837646484375,2.8544774055480957,2.326814651489258,1.6612147092819214,4.477297306060791,2.8651490211486816,0.001993347890675068,0.21267082590612002,0.0023937399964779615,0.27058823529411763,0.0024058944545686245,0.317260843731432,0.0007700735586695373,0.021004159239453358,0.0009575633448548615,0.01442364824717766,0.0012985473731532693,0.06314616755793226,0.000806183263193816,0.00028223410576351754,0.001130180899053812,0.0009358288770053476,0.0006934670964255929,0.00011883541295306001,-1419.1743494465827,0.6922650933265686,0.14416746336041328,0.5200394010529853,-0.1643298925971855,Camille_Pissarro_021.jpg,Camille_Pissarro,Impresionismo,4
118.05417,101.763504,87.530914,74.97026,84.63968,84.85411,0.0,0.0,0.0,255.0,255.0,255.0,0.45445025,0.2984862,0.4742794,0.30722022,0.31852197647094727,0.38523951172828674,0.328331857919693,0.2499997397722695,0.4242205023765564,0.4273102283477783,2.833143949508667,2.2851414680480957,5.238490581512451,4.028627395629883,2.7876040935516357,2.218754768371582,5.2424468994140625,4.019016265869141,0.0026885801926255226,0.1475095244814449,0.0028623458929359913,0.22797610648605426,0.0025628383737057447,0.3561544612200743,0.001351146143861115,0.0501105310192371,0.0009653299930505455,0.06312026715582522,0.0015492421807721257,0.052810309957198626,0.0006841480499133468,0.00019754480033864824,0.0008381883963011205,0.00046093786745684585,0.0010257611284032464,0.00021635859084709092,-1419.0558377928003,0.5980291366577148,0.6322169360799832,0.5094240403166704,-0.28552764155667076,Camille_Pissarro_022.jpg,Camille_Pissarro,Impresionismo,4
126.1743,140.42444,142.89229,49.180336,63.081303,77.9335,0.0,0.0,0.0,255.0,255.0,255.0,0.29326785,0.18445751,0.6045259,0.25536922,0.23491021990776062,0.17338581383228302,0.23112241923809052,0.25,0.15890075266361237,0.2549404501914978,3.467635154724121,1.639219045639038,6.785675525665283,2.9933149814605713,3.568312883377075,1.8128257989883423,6.7829203605651855,2.9949235916137695,0.002721872180700302,0.021419302798625237,0.0027594242710620165,0.1008364312267658,0.0022532502189278603,0.0010871852423370975,0.002270475262776017,0.2752244511468051,0.0020399396307766438,0.3239110612330785,0.0009614606969989836,0.00426983236304973,0.0019837559666484594,0.00867117906993056,0.0025353822857141495,0.16521708634355053,0.0013698006514459848,0.00028056393350634775,-1419.5654257797273,0.9716336131095886,3.235813019164517,0.45459907991185,-0.26689332513038805,Camille_Pissarro_023.jpg,Camille_Pissarro,Impresionismo,4
122.93563,119.91695,106.497284,41.193947,54.152958,58.35255,0.0,0.0,0.0,234.0,235.0,229.0,0.28458104,0.24866094,0.51028025,0.17994991,0.19667352735996246,0.1653880476951599,0.19073864817619324,0.25,0.14979059994220734,0.1937892585992813,3.08752179145813,1.4951363801956177,5.933417320251465,2.4623680114746094,3.122004270553589,1.4569768905639648,5.9383463859558105,2.513300657272339,0.002340104663744569,0.052943008408595456,0.0023750741966068745,0.07787961026827424,0.002279585925862193,0.02008720024914357,0.0014221909223124385,0.18750278062018952,0.0018157485174015164,0.2961471726653913,0.002341211074963212,0.26722872269430975,0.001097925123758614,8.897984606486631e-05,0.0008608557400293648,8.897984606486631e-05,0.0019770704675465822,0.00024469457667838235,-1419.5654257797273,0.9898169040679932,2.954213423927859,0.5389707954511173,-0.15455570831093857,Camille_Pissarro_024.jpg,Camille_Pissarro,Impresionismo,4
106.477646,92.95573,65.17224,65.00871,67.72735,69.489365,0.0,0.0,0.0,255.0,255.0,248.0,0.5460528,0.3326567,0.41911945,0.2555626,0.261176735162735,0.36356714367866516,0.2810784876346588,0.25000108058109327,0.5835251808166504,0.5215355753898621,2.437405824661255,1.7519587278366089,4.6670026779174805,3.2085700035095215,2.5868992805480957,2.079892873764038,4.664946556091309,3.1937026977539062,0.002822121372446418,0.3334309933981796,0.0026545983273535967,0.29872260635181064,0.0023437868803739548,0.23971639517168639,0.0010943228844553232,0.026817453806789328,0.001016307738609612,0.00037110824641587564,0.000928090768866241,0.00042970428532364545,0.0007616128423251212,0.0013867729208172194,0.0006398432306014001,0.0016211570764482987,0.000733910477720201,0.00039064025938513223,-1419.5654257797273,0.7038854956626892,0.0036992165221882947,0.47748887892582675,-0.11813262898455038,Camille_Pissarro_025.jpg,Camille_Pissarro,Impresionismo,4
82.51229,63.90824,52.210846,59.0511,61.117718,55.692127,0.0,0.0,0.0,255.0,255.0,255.0,0.48372346,0.2427871,0.32359737,0.23169965,0.23388206958770752,0.3831179440021515,0.3381555378437042,0.2500006661603848,0.6062211990356445,0.656554102897644,1.8232380151748657,1.6033453941345215,3.3934097290039062,2.831097364425659,1.8779717683792114,1.7630804777145386,3.388739824295044,2.8098392486572266,0.002151446882635355,0.3688904359516036,0.002178548602387309,0.4448818897637795,0.0005524487933143973,0.006133570193969656,0.0005842957179993391,0.015796043787209526,0.0009057473507709801,0.05730266948338775,0.0006443957099691033,0.0014163625888227386,0.0008662939071655273,0.0032648357979642786,0.0008724335348233581,0.0023045899750336087,0.0006768882158212364,0.0006601690032648358,-1419.4976130213483,0.8642088174819946,0.5726127234824282,0.43608735072880966,-0.21621029019543098,Camille_Pissarro_026.jpg,Camille_Pissarro,Impresionismo,4
163.92099,158.32799,136.85567,45.65756,42.237156,42.030525,0.0,0.0,0.0,255.0,254.0,239.0,0.18400328,0.10151894,0.6456202,0.17503682,0.16900889575481415,0.17278002202510834,0.22896608710289001,0.25,0.1703323870897293,0.254429429769516,4.003528118133545,1.2834128141403198,7.845703601837158,2.140866279602051,4.098587989807129,1.5857012271881104,7.835816860198975,2.1420958042144775,0.002879026345908642,0.13647210897882073,0.002834754064679146,0.1203142090086507,0.0026958284433931112,0.00029829969175698516,0.0019829189404845238,0.09528189320871035,0.0027683773078024387,0.42773689967187034,0.002566017210483551,0.02376454210997315,0.0020169515628367662,0.06761459679824998,0.001889638020657003,0.002659838918166451,0.0021452298387885094,0.0003231579994034006,-1419.5654257797273,1.1440188884735107,4.4022680101626195,0.5070869457974448,-0.1755606142276169,Camille_Pissarro_027.jpg,Camille_Pissarro,Impresionismo,4
111.51545,114.021935,102.12755,45.337273,58.07848,72.14136,0.0,0.0,0.0,242.0,240.0,255.0,0.34545937,0.15725036,0.49983397,0.24106829,0.2140505462884903,0.15582333505153656,0.15877893567085266,0.2500004556298536,0.1380966603755951,0.1784088909626007,2.8915035724639893,1.4964609146118164,5.5695013999938965,2.7133305072784424,2.8645517826080322,1.531267762184143,5.573333740234375,2.7268378734588623,0.002347193658351898,0.0019124068419843067,0.002695326693356037,0.3218096457533077,0.0028084157966077328,0.43790833579565974,0.0012434965465217829,1.6415509373255853e-05,0.0011145944008603692,0.0004268032437046522,0.0018149814568459988,0.13706950326668638,0.0009330373723059893,0.00026264814997209365,0.0010311215883120894,0.00010670081092616304,0.001498757628723979,0.0,-1419.5654257797273,0.6477264761924744,0.004270345306494383,0.5371956542146602,-0.24163540604144224,Camille_Pissarro_028.jpg,Camille_Pissarro,Impresionismo,4
97.606064,84.65725,60.928032,51.76812,61.392143,51.976063,0.0,0.0,0.0,255.0,255.0,255.0,0.4944428,0.27019513,0.39276394,0.20659176,0.2234639823436737,0.19150178134441376,0.20830854773521423,0.24999765552760944,0.32554447650909424,0.3327077031135559,2.195883274078369,1.4965370893478394,4.2606425285339355,2.764456272125244,2.2835278511047363,1.9677156209945679,4.263689041137695,2.799314260482788,0.0014820395736023784,0.005680665449381213,0.002063749823719263,0.16406302833570027,0.002326421206817031,0.17215290457834584,0.0005900873802602291,0.00017752079529316292,0.0010646835435181856,0.08804186109420437,0.0021517290733754635,0.4662287820382769,0.0008064874564297497,0.0016230472712517752,0.000735208042897284,0.0016737674984783932,0.0006559615139849484,0.00048184215865287075,-1418.7518083107273,0.8068190217018127,0.8802978055031994,0.5684784295702004,-0.2290453424434955,Camille_Pissarro_029.jpg,Camille_Pissarro,Impresionismo,4
107.566635,100.97758,91.761185,43.60744,48.55666,58.999832,0.0,0.0,0.0,231.0,229.0,232.0,0.2915835,0.25160283,0.43913034,0.18364719,0.18728604912757874,0.28802037239074707,0.31155893206596375,0.25,0.24055051803588867,0.28633740544319153,2.812267780303955,1.689319133758545,5.138077259063721,2.5145604610443115,2.8853180408477783,1.8018566370010376,5.160558700561523,2.6184675693511963,0.002291668439283967,0.17210565681218754,0.0017261706525459886,0.04381372278864701,0.0020388062112033367,0.04086131559264654,0.001949958154000342,0.3788332086761406,0.00163821701426059,0.2099358343502736,0.00161963258869946,0.05530842813840885,0.0008670465904287994,0.0,0.0010345589835196733,1.968271464000315e-05,0.0009460607543587685,0.0001574617171200252,-1419.5654257797273,1.0447657108306885,2.0969459218758115,0.4896455962785846,-0.16691038096097563,Camille_Pissarro_030.jpg,Camille_Pissarro,Impresionismo,4
122.62492,101.958206,88.86825,64.4308,75.26256,66.95866,0.0,0.0,0.0,255.0,255.0,255.0,0.39797497,0.25692624,0.48092118,0.2526155,0.27805620431900024,0.2548294961452484,0.24028795957565308,0.25,0.28743988275527954,0.31884369254112244,2.823991537094116,2.351547956466675,5.295180797576904,3.459408760070801,2.780094861984253,1.9151946306228638,5.29345178604126,3.4925131797790527,0.0025539121124893427,0.07876247997041785,0.00274157477542758,0.21508689757179836,0.002621239051222801,0.12251941328731665,0.0007730593206360936,0.033772956982620485,0.0018324742559343576,0.2390607666707753,0.0025078014004975557,0.20489748962570362,0.0006058550206944346,0.007580426476026131,0.0005154836107976735,0.0,0.0006219277274794877,0.0001232589670898558,-1419.2094844502362,1.1163475513458252,2.385825995435979,0.5434389359988869,-0.13584080678255153,Camille_Pissarro_031.jpg,Camille_Pissarro,Impresionismo,4
103.34837,78.57387,69.400826,58.46147,50.923847,47.96545,0.0,0.0,0.0,255.0,255.0,255.0,0.35405454,0.17775226,0.40680587,0.22883421,0.20445433259010315,0.2277754247188568,0.23192229866981506,0.25,0.158865287899971,0.2012164294719696,2.3481709957122803,1.7503185272216797,4.243851661682129,2.6374096870422363,2.3437750339508057,1.7522990703582764,4.238536357879639,2.609224796295166,0.0013036994496360421,0.19138024488888272,0.0016928371042013168,0.39705494016761406,0.0014584570890292525,0.18656446748481606,0.001107364078052342,0.0192422620950369,0.0013263378059491515,0.04186877180303262,0.0012662125518545508,0.03116009506469681,0.001127283670939505,0.002689330238634626,0.0013414968270808458,0.02201498241859043,0.0011370000429451466,0.010111047796417007,-1419.562453250655,1.0149872303009033,0.4177194295599827,0.504624550511344,-0.33769011973137575,Camille_Pissarro_032.jpg,Camille_Pissarro,Impresionismo,4
116.19847,124.212364,127.63141,65.54884,69.07793,90.25033,0.0,0.0,0.0,255.0,255.0,255.0,0.35309675,0.20628941,0.5663324,0.32125062,0.2704641819000244,0.24872396886348724,0.32886001467704773,0.25,0.24765725433826447,0.3656516373157501,3.3363242149353027,2.0963950157165527,6.097892761230469,3.397963762283325,3.4034013748168945,2.1331820487976074,6.108073711395264,3.4080662727355957,0.0027445850428193808,0.2110071645791454,0.0026072536129504442,0.09824235864130715,0.0017147682374343276,0.005128601618473274,0.0020725203212350607,0.15399979382506057,0.0022234772332012653,0.26941910210813874,0.001315362169407308,0.12519973197257872,0.0012477361597120762,0.002151950930364414,0.0019281817367300391,0.034830678830988095,0.0010620135581120849,0.0012499355703314262,-1419.1693988869783,1.1829811334609985,2.6905157524195285,0.45851855766745275,-0.20699307535455572,Camille_Pissarro_033.jpg,Camille_Pissarro,Impresionismo,4
115.712,113.92385,62.14232,52.902847,60.66991,92.52229,0.0,0.0,0.0,255.0,255.0,255.0,0.75459445,0.28742552,0.52107227,0.2672664,0.2315293401479721,0.26752468943595886,0.30398455262184143,0.25,0.1860056072473526,0.24761895835399628,2.9780170917510986,1.9452555179595947,5.434637546539307,2.996133327484131,3.015850305557251,2.012972116470337,5.456579208374023,3.0422723293304443,0.0022095548920333385,0.22739231811450358,0.0025647873990237713,0.4440006931972146,0.00211735931225121,0.1625232378611715,0.0013657131930813193,0.022513154992595392,0.0013307094341143966,0.024277656993414626,0.001157618360593915,0.003300564010460976,0.001339118811301887,0.006104861833191543,0.0015348822344094515,0.011240823014147526,0.0014165096217766404,0.0007640923842833286,-1419.282658439547,0.7964958548545837,0.24220671340625202,0.49401582879357775,-0.27101074581477047,Camille_Pissarro_034.jpg,Camille_Pissarro,Impresionismo,4
124.730804,99.37672,70.30297,51.920338,47.885128,46.24648,0.0,0.0,0.0,255.0,255.0,255.0,0.44243452,0.2516293,0.4906205,0.20152853,0.18606121838092804,0.27691686153411865,0.28706759214401245,0.25,0.2909930944442749,0.3694821000099182,2.6966190338134766,1.4414161443710327,5.1738667488098145,2.3071534633636475,2.7884750366210938,1.6551331281661987,5.1743483543396,2.3675553798675537,0.0012606760719791055,0.0012602656252163917,0.0017026033019647002,0.007291536831609124,0.001916958368383348,0.0070768762031382,0.001113475882448256,0.04164416192335923,0.0011846204288303852,0.038576592297145704,0.001376853440888226,0.02229700721536693,0.0019435409922152758,0.3323223510185993,0.002114891540259123,0.3078371903001094,0.0017295163124799728,0.14201531707452186,-1419.5624630665507,0.7433183789253235,0.38562821578299955,0.5169104673825802,-0.3689570443317639,Camille_Pissarro_035.jpg,Camille_Pissarro,Impresionismo,4
93.31268,90.78605,71.822845,43.70646,59.031536,70.6279,0.0,0.0,0.0,255.0,247.0,229.0,0.5384776,0.28709114,0.41360155,0.21758126,0.21446292102336884,0.1509896218776703,0.17327947914600372,0.25,0.10077181458473206,0.14796440303325653,2.3446826934814453,1.5483150482177734,4.451266288757324,2.747382164001465,2.3663761615753174,1.5216474533081055,4.456156253814697,2.76020884513855,0.002326842164620757,0.23161887994634472,0.0024508002679795027,0.4094916722557568,0.0022601287346333265,0.08634445562262463,0.0011964748846367002,0.0766683433936955,0.0010063785593956709,0.08869885982562038,0.0007017158204689622,0.0072448580371115585,0.000757513684220612,0.0006776771741560474,0.0009254422038793564,0.0002654817795662866,0.0007490120478905737,0.0002864408674267829,-1419.5654257797273,0.7319472432136536,0.8857124255088055,0.48111430118066156,-0.26036882363374286,Camille_Pissarro_036.jpg,Camille_Pissarro,Impresionismo,4
107.877975,97.310555,86.66891,55.43839,57.913597,60.01315,0.0,0.0,0.0,255.0,255.0,255.0,0.27526498,0.19543101,0.42652956,0.2192131,0.2234622687101364,0.21300671994686127,0.2264656275510788,0.25,0.1771898865699768,0.22458381950855255,2.6683616638183594,1.7503471374511719,4.95139217376709,2.8596768379211426,2.6851308345794678,1.7472811937332153,4.967794895172119,2.9108760356903076,0.0013816467253491282,0.0,0.002419734839349985,0.11823283450704225,0.0029210373759269714,0.6106128961267606,0.0008359751082025468,0.02107174295774648,0.0014473953051492572,0.03391835387323944,0.0014696484431624413,0.10971427523474178,0.00079430389450863,0.00214568661971831,0.001050790073350072,0.001082012910798122,0.0014074631035327911,0.00026591842723004694,-1419.5654257797273,0.948898434638977,0.3403013110758578,0.5731669697779372,-0.22268659275429772,Camille_Pissarro_037.jpg,Camille_Pissarro,Impresionismo,4
108.78709,92.73928,57.94254,58.047314,55.715645,54.90698,0.0,0.0,0.0,255.0,255.0,231.0,0.5353917,0.23043437,0.42693606,0.22779568,0.21862371265888214,0.23967166244983673,0.2646142542362213,0.25,0.17902293801307678,0.24328245222568512,2.5405025482177734,1.8406827449798584,4.671143054962158,2.8514206409454346,2.58172345161438,1.910685420036316,4.666197776794434,2.8336026668548584,0.002263320842757821,0.37479369962665643,0.0020533588249236345,0.35958755948661253,0.0016162387328222394,0.0822317293980035,0.001457543927244842,0.01621560992805525,0.0014395177131518722,0.028385329039080903,0.0012416046811267734,0.03839189860436796,0.00114642851985991,0.0009293531381691743,0.001047900295816362,0.00037654825425819993,0.0006954430718906224,0.0,-1419.5654257797273,0.9995535612106323,0.28356600101847307,0.4643090132774005,-0.25149194440296585,Camille_Pissarro_038.jpg,Camille_Pissarro,Impresionismo,4
115.38051,96.33037,81.87289,55.870125,62.160614,63.995766,0.0,0.0,0.0,255.0,255.0,255.0,0.39260268,0.24223839,0.46013752,0.22761934,0.2338530719280243,0.39192071557044983,0.4171546399593353,0.25,0.41322022676467896,0.5177419185638428,3.270768642425537,2.676633358001709,5.0354719161987305,2.913896322250366,2.739802122116089,1.919250249862671,5.036650657653809,2.995884895324707,0.0020318389870226383,0.09189889115844763,0.0013019893085584044,0.020070396848555588,0.0012419013073667884,0.00703056609279253,0.0022825144696980715,0.4451415231981325,0.0020382071379572153,0.25540742632039687,0.0018579501193016768,0.06654873066822294,0.0009746814030222595,0.004787350452290633,0.0012329963501542807,0.011699372629121681,0.0009401848656125367,8.206886489641085e-05,-1419.4987887469922,1.3194791078567505,2.5465296986196897,0.4636318819250861,-0.3592415704526603,Camille_Pissarro_039.jpg,Camille_Pissarro,Impresionismo,4
115.07462,115.27422,108.43055,62.32337,62.792152,69.87681,0.0,0.0,0.0,255.0,255.0,255.0,0.23171327,0.21300271,0.4815216,0.24400172,0.24705563485622406,0.3288263976573944,0.38670751452445984,0.25,0.26128950715065,0.36749422550201416,3.1898813247680664,2.102576494216919,5.781691074371338,3.21293568611145,3.229558229446411,2.18308424949646,5.823344707489014,3.361339807510376,0.0027382688131183386,0.07479415745544778,0.0019705058075487614,0.04015339499210467,0.002115001203492284,0.165971125648545,0.0023264577612280846,0.26676347845702686,0.002096671611070633,0.2703939205955335,0.0014018226647749543,0.07915068802165576,0.0010430217953398824,0.0013393864200315813,0.0010927802650257945,0.00036656891495601173,0.0010554787004366517,0.0006767426122264832,-1419.3635722489435,1.1912832260131836,2.705112764672783,0.46744822873118036,-0.297053784698417,Camille_Pissarro_040.jpg,Camille_Pissarro,Impresionismo,4
124.96506,131.71056,107.030365,52.73799,59.64795,63.5239,0.0,0.0,0.0,255.0,255.0,255.0,0.31688824,0.1645934,0.5369258,0.23515917,0.2226431518793106,0.2906566858291626,0.28540894389152527,0.24999904023341524,0.28328800201416016,0.3240301012992859,3.5216941833496094,2.124199390411377,6.3269524574279785,2.788827657699585,3.4255268573760986,1.9864248037338257,6.3159708976745605,2.7890172004699707,0.0027122267056256533,0.21701055038719402,0.0027157170698046684,0.17761550854945168,0.0017395627219229937,0.09146267519013218,0.0022117961198091507,0.24253763664397207,0.0018303518882021308,0.06652460890806092,0.0014727297239005566,0.026722450323094782,0.001727161929011345,0.0512360757410391,0.001709916046820581,0.003802643660239419,0.0014128913171589375,0.008029728184605789,-1419.3924491963796,0.9395819902420044,0.6765658112074481,0.4566203480003798,-0.2601206792918158,Camille_Pissarro_041.jpg,Camille_Pissarro,Impresionismo,4
112.73245,88.68515,60.270985,58.100513,51.752106,45.831112,0.0,0.0,0.0,255.0,248.0,237.0,0.49272236,0.183099,0.44218457,0.22805254,0.20456340909004211,0.2667158544063568,0.26265862584114075,0.2499992261786846,0.21375110745429993,0.2637830078601837,2.5099477767944336,1.6707627773284912,4.642958641052246,2.678595542907715,2.52109694480896,1.6965789794921875,4.638588905334473,2.683316707611084,0.002170599065721035,0.3172461946655495,0.0019658594392240047,0.41359447004608296,0.0006860938156023622,2.7929060187124703e-05,0.0008780263597145677,0.0015570451054322022,0.0015646086540073156,0.048205557882977236,0.001398460939526558,0.0005934925289763999,0.000976684968918562,0.0004049713727133082,0.0017662623431533575,0.0781175813433878,0.0014152508229017258,0.04085323278871666,-1419.5654257797273,1.0982333421707153,0.4817341204377561,0.48368360438147856,-0.3457562310725291,Camille_Pissarro_042.jpg,Camille_Pissarro,Impresionismo,4
125.8607,126.30259,109.773315,68.55558,75.13226,80.992355,0.0,0.0,0.0,255.0,255.0,255.0,0.3244902,0.26040557,0.5218371,0.28235433,0.28787466883659363,0.35715508460998535,0.3279469311237335,0.25000037344478915,0.36417093873023987,0.3976474106311798,3.311138153076172,2.1415793895721436,6.192509174346924,3.6960129737854004,3.312098264694214,2.311845302581787,6.201901912689209,3.7427074909210205,0.0021750470623373985,0.0002699055330634278,0.002523736096918583,0.001282051282051282,0.001847804756835103,0.00012145748987854252,0.001246018917299807,0.0010931174089068825,0.001089625060558319,0.00017543859649122806,0.0008447585278190672,0.0,0.0027951225638389587,0.41927125506072876,0.0025238338857889175,0.314331983805668,0.002120482735335827,0.16110661268556006,-1416.9940340075284,0.5712646842002869,0.001758975107784518,0.46291365664657663,-0.2744581121820733,Camille_Pissarro_043.jpg,Camille_Pissarro,Impresionismo,4
109.864494,98.914894,75.7902,63.538574,61.299805,54.43331,0.0,0.0,0.0,255.0,255.0,255.0,0.3899102,0.2327949,0.43194187,0.24907352,0.23861068487167358,0.4356703460216522,0.3701479732990265,0.25,0.4269985556602478,0.4502691328525543,2.7250821590423584,1.8119381666183472,4.991449356079102,2.9966132640838623,2.7126214504241943,1.8838649988174438,4.978962421417236,2.9805638790130615,0.002141401404514909,0.16801133732758983,0.0021651796996593475,0.08133269724564678,0.0023829860147088766,0.2798411651629741,0.0011676729191094637,0.042662307595167606,0.0011920290999114513,0.04529318497523467,0.0012853483203798532,0.17356775035429148,0.0010612130863592029,0.01823373416211817,0.0009160166955552995,0.0015294167169456565,0.0014618395362049341,0.08832030756710492,-1419.5545172712891,0.7788903713226318,0.453540606514539,0.5228442031487868,-0.2977726535289838,Camille_Pissarro_044.jpg,Camille_Pissarro,Impresionismo,4
146.51321,140.16875,127.72872,66.73729,65.17794,68.736,24.0,22.0,0.0,255.0,255.0,255.0,0.18784207,0.12161744,0.5896871,0.26770708,0.25723862648010254,0.2191755175590515,0.20354177057743073,0.25,0.14018386602401733,0.17117947340011597,3.561633825302124,1.895375370979309,6.987126350402832,3.3430700302124023,3.6737377643585205,2.1008360385894775,6.99015998840332,3.3584539890289307,0.0033444599248468876,0.32327010419449637,0.003252448281273246,0.18035571161406053,0.002610203344374895,0.06062745696729133,0.002691463101655245,0.22749131712530057,0.002226419048383832,0.11295370405709705,0.0013891212875023484,9.541620548834014e-05,0.001461970852687955,1.9083241097668028e-05,0.0014778155600652099,0.0,0.0010495806345716119,7.633296439067211e-05,-1419.507764721499,1.0273898839950562,1.1234340271981718,0.45140443751892817,-0.16816964346536664,Camille_Pissarro_045.jpg,Camille_Pissarro,Impresionismo,4
113.40623,116.56465,116.159164,58.795624,74.49869,77.81176,0.0,0.0,0.0,255.0,255.0,255.0,0.29221487,0.21538404,0.50860316,0.27633262,0.2729690670967102,0.21709340810775757,0.26504281163215637,0.25,0.17908518016338348,0.2578045129776001,3.0243425369262695,1.9483286142349243,5.751781463623047,3.471407413482666,3.1060731410980225,2.129503011703491,5.761122226715088,3.5290260314941406,0.0028880201280117035,0.2906954233557278,0.0029296495486050844,0.28645075249697066,0.0015392283676192164,0.08771841771289678,0.0014428598806262016,0.07218808480737655,0.0020445536356419325,0.13978733625393458,0.0009557220037095249,0.00399371903433738,0.0013210403267294168,0.0020076145953581083,0.0017398892669007182,0.013049494869827703,0.001149031682871282,0.005291498469193871,-1419.5654257797273,1.1493369340896606,1.3960392282147116,0.4511967823563053,-0.3093761317544137,Camille_Pissarro_046.jpg,Camille_Pissarro,Impresionismo,4
189.93706,194.10973,188.21204,53.209164,66.0797,75.19004,2.0,10.0,0.0,255.0,255.0,255.0,0.16777389,0.15348326,0.8003566,0.23685765,0.2461695820093155,0.24058958888053894,0.2980128824710846,0.25,0.13855259120464325,0.19037114083766937,5.172934055328369,2.219299077987671,9.553546905517578,3.2381694316864014,4.998526573181152,2.180232286453247,9.558401107788086,3.304635763168335,0.0036516417749226093,0.14682873044208758,0.0036970656365156174,0.07983303580804368,0.003653290681540966,0.28796072666176625,0.0024582543410360813,7.875669431901712e-05,0.002558437641710043,0.0007613147117504988,0.0020213874522596598,2.625223143967237e-05,0.002375601790845394,0.014464979523259477,0.0030784481205046177,0.12375301900661556,0.0031076231971383095,0.24684973222723933,-1419.0263815901735,0.8655768632888794,0.0076084414038051695,0.5028825476760853,-0.1768851185225261,Camille_Pissarro_047.jpg,Camille_Pissarro,Impresionismo,4
113.12563,92.29052,58.858044,45.075836,49.48033,47.826916,0.0,0.0,0.0,255.0,255.0,255.0,0.5459004,0.23715153,0.4453894,0.17886086,0.18511472642421722,0.5244916677474976,0.4093354046344757,0.25,0.5879841446876526,0.5740352272987366,2.688260793685913,1.8444032669067383,4.802189350128174,2.4924471378326416,2.7227632999420166,1.9611084461212158,4.812154769897461,2.5528740882873535,0.001722991350106895,0.1697091301968598,0.0015324944397434592,0.137879021734555,0.002041783882305026,0.3182449592389398,0.0012472294038161635,0.05899479437062397,0.0012283861869946122,0.06824846707544655,0.001527082291431725,0.1303371732450294,0.0012560810428112745,0.006201854943944773,0.0011434502666816115,0.0036972596781209223,0.0014113020151853561,0.007471691759390478,-1419.5654257797273,0.8432283997535706,0.6818903334404843,0.5190969589241812,-0.3325178946215961,Camille_Pissarro_048.jpg,Camille_Pissarro,Impresionismo,4
140.38298,138.42229,114.0674,49.292694,56.631332,69.27968,0.0,0.0,0.0,255.0,255.0,255.0,0.3065028,0.20113052,0.577872,0.21237397,0.21586637198925018,0.3326804041862488,0.35476744174957275,0.25,0.3097517788410187,0.3367006778717041,3.6967267990112305,2.3074424266815186,6.787556171417236,2.939516305923462,3.7311959266662598,2.5888659954071045,6.786627292633057,2.945427179336548,0.0027196200098842382,0.14979662443311983,0.0023039679508656263,0.06486511758380475,0.0030510006472468376,0.2947215858618916,0.0021052975207567215,0.10498854551404928,0.0018140593310818076,0.03590630698022348,0.002299300394952297,0.20764879143484968,0.001541475998237729,0.01911262798634812,0.0014589247293770313,0.006825938566552901,0.0015470858197659254,0.008639955117116275,-1412.9122870492222,0.8665509819984436,0.3620781413632389,0.5086069486172443,-0.26812671483541073,Camille_Pissarro_049.jpg,Camille_Pissarro,Impresionismo,4
114.64437,98.22646,78.943825,44.73116,48.623375,52.525646,0.0,0.0,0.0,250.0,225.0,216.0,0.37831438,0.26269493,0.4508832,0.17608008,0.18484488129615784,0.1991872489452362,0.18067073822021484,0.25,0.16587470471858978,0.18237972259521484,2.61830997467041,1.373895287513733,5.032773017883301,2.4571006298065186,2.654413938522339,1.5098211765289307,5.025209426879883,2.4192450046539307,0.0021155192516744137,0.05017681189274556,0.002430880442261696,0.50188828234971,0.0014655066188424826,0.04770487863494352,0.0017698676092550159,0.04166237511587187,0.0021218168549239635,0.20395165997184742,0.0010341315064579248,0.04921550451471143,0.0011153663508594036,0.00017166203179180828,0.0009741943795233965,0.008394273354619425,0.0009682914242148399,0.00046348748583788235,-1419.5654257797273,1.3644477128982544,2.0313257855251385,0.45834947173337254,-0.19864726640394276,Camille_Pissarro_050.jpg,Camille_Pissarro,Impresionismo,4
164.26828,165.16435,156.98828,47.34748,45.929714,45.971264,0.0,0.0,0.0,250.0,250.0,242.0,0.104211695,0.12598412,0.65951425,0.17435496,0.18078270554542542,0.27604344487190247,0.32652273774147034,0.25000110793503066,0.2643234133720398,0.3028854727745056,4.421073913574219,2.202458620071411,8.16254711151123,2.2019317150115967,4.5025224685668945,2.3917765617370605,8.172920227050781,2.286424398422241,0.0028781192377209663,0.08021208483393358,0.003123643808066845,0.40712284913965585,0.003008531406521797,0.2729891956782713,0.002209495287388563,0.005822328931572629,0.0024313111789524555,0.0962985194077631,0.002359224483370781,0.02701080432172869,0.0017631460214033723,0.000820328131252501,0.0023539999965578318,0.008083233293317327,0.002637325320392847,0.003721488595438175,-1419.5654257797273,0.9612084031105042,0.9607637776314683,0.5175788137508713,-0.1993844885187177,Camille_Pissarro_1.jpg,Camille_Pissarro,Impresionismo,4
140.41061,125.27772,112.94673,62.592617,72.441925,77.50547,0.0,0.0,0.0,255.0,253.0,255.0,0.30957532,0.25996363,0.5548528,0.24910814,0.2730970084667206,0.2695832848548889,0.2662828266620636,0.25,0.31988364458084106,0.349319189786911,3.3498401641845703,1.8425252437591553,6.387950897216797,3.4207170009613037,3.4652178287506104,2.0378053188323975,6.395750999450684,3.4601855278015137,0.0032187141478061676,0.37206439393939394,0.003155982121825218,0.2136126893939394,0.0029605855233967304,0.11242897727272727,0.0020172786898911,0.17462121212121212,0.0011170435464009643,0.008806818181818181,0.0014700585743412375,0.021543560606060608,0.0013095153262838721,4.734848484848485e-05,0.0013613593764603138,0.0003551136363636364,0.0011955957161262631,2.3674242424242424e-05,-1419.5654257797273,0.564599871635437,0.08772664465198585,0.4823125706700299,-0.13502686068129388,Camille_Pissarro_10.jpg,Camille_Pissarro,Impresionismo,4
136.40857,103.28514,63.39406,44.641876,46.93602,43.0972,4.0,0.0,0.0,255.0,254.0,239.0,0.5731098,0.22452563,0.5514491,0.17313462,0.16393038630485535,0.5274133682250977,0.3662981390953064,0.24999878203847783,0.5560434460639954,0.4723498821258545,3.184650182723999,2.2942583560943604,5.420516490936279,2.407991647720337,3.002685308456421,1.9814523458480835,5.4134202003479,2.3013033866882324,0.002004024339839816,0.21818181818181817,0.001969056436792016,0.1798274717982747,0.0018744077533483505,0.1344835213448352,0.0016869913088157773,0.07905330679053307,0.0017815404571592808,0.14019022340190224,0.0016401808243244886,0.06662242866622428,0.0013133350294083357,0.0036275160362751603,0.0014417547499760985,0.048263658482636584,0.001363144489005208,0.037602300376023,-1419.5654257797273,1.063639760017395,1.389776687095255,0.4943135655334015,-0.13193617802899038,Camille_Pissarro_2.jpg,Camille_Pissarro,Impresionismo,4
86.216774,79.86303,62.18205,46.852867,43.74431,40.866707,0.0,0.0,0.0,255.0,255.0,253.0,0.3564261,0.20410211,0.34493864,0.18345723,0.17248402535915375,0.300336092710495,0.2975984513759613,0.25,0.2818872928619385,0.33449774980545044,2.3726584911346436,1.6694939136505127,4.007765293121338,2.200315475463867,2.4155547618865967,1.9940587282180786,4.006303787231445,2.13431453704834,0.001157209393568337,0.15326286764705882,0.0015782671980559826,0.2382123161764706,0.001735549420118332,0.30903033088235293,0.0008399946964345872,0.0029871323529411763,0.001341984374448657,0.05618106617647059,0.0013082543155178428,0.09326746323529411,0.0007411272381432354,0.006318933823529412,0.0012035443214699626,0.02741268382352941,0.0011727602686733007,0.016704963235294117,-1419.5654257797273,1.090179443359375,0.5597099785763183,0.5492234376191608,-0.1649620658706728,Camille_Pissarro_3.jpg,Camille_Pissarro,Impresionismo,4
69.747765,70.07033,61.869144,62.93987,57.95853,46.104477,0.0,0.0,0.0,231.0,230.0,200.0,0.34699747,0.22018792,0.29590878,0.23005207,0.2267025113105774,0.148849219083786,0.15238896012306213,0.25,0.1312331110239029,0.15311622619628906,1.8435035943984985,1.5811131000518799,3.453932285308838,2.881335973739624,1.8005553483963013,1.5551217794418335,3.4533891677856445,2.910604238510132,0.0017690525855869055,0.0005322128851540616,0.0010920631466433406,0.0892717086834734,0.0023820986971259117,0.713641456582633,0.00133896479383111,8.403361344537815e-05,0.0007715967367403209,0.008627450980392156,0.0011715783039107919,0.08907563025210084,0.000374279246898368,0.0,0.0003608877887018025,0.00011204481792717087,0.0003041059535462409,0.0,-1419.5654257797273,0.7260403037071228,0.0861458053083948,0.5115152694201135,-0.14334274726795837,Camille_Pissarro_4.jpg,Camille_Pissarro,Impresionismo,4
150.28888,135.32549,102.89709,46.073654,54.552,56.93086,0.0,0.0,0.0,254.0,236.0,241.0,0.37616968,0.23482056,0.5981085,0.18304284,0.19932502508163452,0.3771129846572876,0.3471085727214813,0.25,0.36360964179039,0.38913238048553467,3.7550230026245117,1.8662726879119873,6.878389358520508,2.794628381729126,3.7405338287353516,1.9804662466049194,6.792218208312988,2.5826988220214844,0.0027577003929764032,0.4581845238095238,0.002597654704004526,0.1795138888888889,0.002867284696549177,0.2365079365079365,0.0020486845169216394,0.0035714285714285713,0.001758864731527865,0.0015873015873015873,0.0017722935881465673,0.003968253968253968,0.0017125379526987672,0.0019345238095238096,0.0017359635094180703,0.011061507936507937,0.0016175111522898078,0.007886904761904762,-1419.5654257797273,0.8389490842819214,0.015799000018338602,0.49611577107976357,-0.11785166946376115,Camille_Pissarro_5.jpg,Camille_Pissarro,Impresionismo,4
92.584076,92.83155,84.23725,44.66304,39.19428,42.40256,0.0,0.0,0.0,234.0,231.0,253.0,0.3433589,0.18520792,0.4180696,0.1717456,0.1538170874118805,0.47205251455307007,0.3254348635673523,0.2500010901368776,0.5570197105407715,0.48838669061660767,2.4870028495788574,1.4983118772506714,4.588749885559082,1.9330246448516846,2.4408562183380127,1.4626315832138062,4.588800430297852,2.0523314476013184,0.0016965806717053056,0.2021615875265769,0.001595573965460062,0.13359319631467045,0.0015455689281225204,0.0956177651783605,0.0012048729695379734,0.038172297031262306,0.0013192917685955763,0.060634695645326406,0.0010387459769845009,0.07215135050003937,0.0016271885251626372,0.12806126466650916,0.0013146518031135201,0.06996613906606819,0.0013531765434890985,0.09738955823293173,-1419.5654257797273,0.9352447390556335,0.6078680150222856,0.4864465440457463,-0.20897158585947231,Camille_Pissarro_6.jpg,Camille_Pissarro,Impresionismo,4
113.04082,125.33581,116.015274,65.99078,64.19405,67.00485,0.0,0.0,0.0,255.0,255.0,255.0,0.29648918,0.19201264,0.52180237,0.25243264,0.25216084718704224,0.4109826982021332,0.3723687529563904,0.25,0.4393473267555237,0.47533804178237915,3.1995387077331543,1.9552640914916992,6.014160633087158,3.303337574005127,3.202014923095703,2.0044643878936768,6.012442588806152,3.243939161300659,0.002059333957731724,0.07119799139167862,0.0030423887073993683,0.42455762792922047,0.0029451942536979914,0.36465805834528936,0.0014104220317676663,0.0019428503108560498,0.0008510710904374719,0.012553802008608322,0.0013556835474446416,0.02699067431850789,0.0015283258398994803,0.0001793400286944046,0.0017162770964205265,2.9890004782400767e-05,0.0017806116957217455,2.9890004782400767e-05,-1419.553928307238,0.4589524269104004,0.12524019690201968,0.5186046933477333,-0.18794816129388744,Camille_Pissarro_7.jpg,Camille_Pissarro,Impresionismo,4
151.48125,126.38568,90.37693,71.27738,57.011143,40.56511,0.0,0.0,0.0,255.0,238.0,216.0,0.3874602,0.15945613,0.5951825,0.278026,0.23053433001041412,0.3226231336593628,0.3306044042110443,0.2500018629050887,0.34072279930114746,0.3957917392253876,3.656255006790161,2.0424087047576904,6.496692657470703,2.888237714767456,3.532440185546875,1.8600451946258545,6.466788291931152,2.922736644744873,0.0027230530977249146,0.27853973376361435,0.002776029286906123,0.2408229124647035,0.002760927192866802,0.127470754336426,0.0016018303576856852,0.025413473174667203,0.002341636223718524,0.19665187575635337,0.0019383588805794716,0.013110125050423558,0.0011701923795044422,0.004033884630899556,0.0014010980958119035,0.01189995966115369,0.0012595053995028138,0.004033884630899556,-1419.5654257797273,1.1725951433181763,1.962209106534672,0.506433696296989,-0.09539956879577391,Camille_Pissarro_8.jpg,Camille_Pissarro,Impresionismo,4
123.85473,105.4796,97.532074,71.123665,74.49453,72.28983,0.0,0.0,0.0,255.0,255.0,255.0,0.27599323,0.1802853,0.4876842,0.27735814,0.2849731743335724,0.3736349940299988,0.34963512420654297,0.25,0.4690600037574768,0.5045059323310852,2.8679585456848145,2.0692172050476074,5.471662521362305,3.6453769207000732,2.924041271209717,2.2415366172790527,5.473592281341553,3.6055707931518555,0.003087628399953246,0.3659382931472081,0.0030296738259494305,0.4269709708121827,0.0010100265499204397,1.9828680203045684e-05,0.0010545023251324892,0.008863420050761421,0.001522047445178032,0.05101919416243655,0.0011916287476196885,5.948604060913706e-05,0.0015444864984601736,0.0,0.0015573682030662894,0.0,0.0012383663561195135,0.0,-1352.4976540122423,0.8990936279296875,0.5383845800320142,0.44890381445638367,-0.18889296766442615,Camille_Pissarro_9.jpg,Camille_Pissarro,Impresionismo,4
70.76209,57.648056,41.657,76.7264,66.92524,56.543987,0.0,0.0,0.0,255.0,230.0,208.0,0.4909206,0.17362025,0.2787891,0.2999221,0.2677561044692993,0.14404843747615814,0.24135048687458038,0.25000188703456294,0.08867046236991882,0.14229826629161835,1.7374229431152344,2.3774843215942383,3.018213987350464,3.4261200428009033,1.6494157314300537,2.030608892440796,3.030829906463623,3.4672861099243164,0.00010555002518231049,0.0,0.00021769991144537926,0.0,0.00028477952582761645,0.0,0.000757811008952558,0.12947461548931535,0.0019505496602505445,0.3477950183748469,0.0008769651758484542,0.0788417040969103,0.0012344238348305225,0.08221042602422758,0.001519603654742241,0.11599972778004627,0.0013251628261059523,0.1473050224581462,-1419.5654257797273,2.1220500469207764,3.471675692255558,0.5102330890444695,-0.25270606820666075,Caravaggio_001.jpg,Caravaggio,Barroco,3
82.1166,70.53174,55.253258,60.863365,52.062466,45.421364,0.0,0.0,0.0,255.0,255.0,255.0,0.29585445,0.17910843,0.3239434,0.23811042,0.20899270474910736,0.2229709029197693,0.31195709109306335,0.25,0.24773703515529633,0.35652169585227966,1.9796634912490845,1.8127938508987427,3.666656970977783,2.801872968673706,1.975769281387329,1.7135612964630127,3.629589080810547,2.6326701641082764,0.0011010613525286317,1.1614401858304297e-05,0.0012643366353586316,0.059790940766550525,0.0008861080859787762,0.0,0.0008804469252936542,0.09626016260162602,0.001647138618864119,0.22939605110336816,0.0006737074581906199,0.013112659698025551,0.0016308677149936557,0.32852497096399536,0.0012264380929991603,0.153472706155633,0.0006967034423723817,0.02152148664343786,-1419.1442799797253,1.4814027547836304,2.2886440358606586,0.459244175859153,-0.32474144469562743,Caravaggio_002.jpg,Caravaggio,Barroco,3
74.38036,62.926533,46.958755,68.34779,57.73275,47.42635,0.0,0.0,0.0,255.0,255.0,255.0,0.4089481,0.19289854,0.2970762,0.26481536,0.23250621557235718,0.10669592022895813,0.10730057209730148,0.2500000359515712,0.11187036335468292,0.13223181664943695,1.633191704750061,1.60867440700531,3.2032153606414795,2.9975509643554688,1.6281274557113647,1.6039254665374756,3.198967695236206,2.945399522781372,0.00048512325156480074,0.006073985834703681,0.0008277602610178292,0.05107016612500162,0.00037762447027489543,2.5896336963136563e-06,0.0021727813873440027,0.4809454752625241,0.0016695233061909676,0.20553016275847782,0.00045938463881611824,0.0014760912068987843,0.0013064402155578136,0.10312568787145059,0.0009953619446605444,0.033815436806463726,0.0006082570180296898,0.018350144372078568,-1418.657406824842,1.6878371238708496,2.054411770833432,0.4026464196052509,-1.168964961312484,Caravaggio_003.jpg,Caravaggio,Barroco,3
94.3306,74.24594,49.41984,55.980503,42.97008,27.160248,0.0,0.0,0.0,255.0,255.0,252.0,0.4410206,0.15686937,0.36725432,0.22193886,0.17709799110889435,0.17343968152999878,0.15208512544631958,0.24999987996218329,0.18813030421733856,0.196489155292511,1.9357610940933228,1.2827191352844238,3.8056998252868652,2.2662618160247803,1.9426658153533936,1.3014302253723145,3.8053271770477295,2.256157636642456,0.001007528742775321,0.03977510040160642,0.001256765448488295,0.04558232931726908,0.0016564360121265054,0.1856855112758727,0.000937670236453414,0.10776583256101328,0.001127720344811678,0.07678035217794255,0.0017430107109248638,0.3562539388322521,0.0007705073803663254,0.004271238801359283,0.0011495111975818872,0.0783163422922459,0.0009454170940443873,0.006206981773246833,-1419.5654257797273,0.9579812288284302,0.7672598606809253,0.5577898210152034,-1.0521910351200816,Caravaggio_004.jpg,Caravaggio,Barroco,3
85.516464,64.53062,50.88785,54.02208,49.925148,41.57241,0.0,0.0,0.0,255.0,255.0,239.0,0.45867747,0.1845812,0.33541158,0.21190143,0.19496998190879822,0.2186352014541626,0.243807852268219,0.25,0.24675296247005463,0.2724209427833557,1.8782228231430054,1.6087064743041992,3.4969518184661865,2.6270077228546143,1.8685113191604614,1.5462661981582642,3.480440378189087,2.4682748317718506,0.0007107172277756035,0.013939144736842105,0.0008771367720328271,0.041085526315789475,0.0009390051127411425,0.018782894736842106,0.0008908206946216524,0.03481085526315789,0.0011197362327948213,0.12614309210526317,0.0017817668849602342,0.3203371710526316,0.0006802744464948773,0.01997532894736842,0.0013316901167854667,0.18254934210526316,0.0012536203721538186,0.14226973684210525,-1419.5654257797273,1.0514109134674072,1.261580653707598,0.5593251417744669,-0.34419490063467706,Caravaggio_005.jpg,Caravaggio,Barroco,3
41.593433,28.928438,27.446892,45.686016,35.302372,30.376776,0.0,0.0,0.0,255.0,255.0,255.0,0.32108352,0.17295492,0.16446303,0.17890662,0.14657948911190033,0.12746168673038483,0.20352202653884888,0.25,0.14780288934707642,0.23903188109397888,0.8996685743331909,1.2116341590881348,1.6776996850967407,1.9823747873306274,0.9543777108192444,1.2943788766860962,1.6514911651611328,1.896338939666748,0.00020461599342525005,0.0002989728148290516,0.0004311965894885361,0.07843765349050762,0.0007246452150866389,0.12896405919661733,0.00020831910660490394,0.005509641873278237,0.0007260346319526434,0.21296474256305123,0.000756534282118082,0.16471266576974822,0.0005353527958504856,0.19018942063339525,0.00046783185098320246,0.08425694577914451,0.0004471666761673987,0.03558844256518675,-1418.871850670116,1.4514927864074707,2.127466454137874,0.5822792479398291,-0.27983002573496885,Caravaggio_006.jpg,Caravaggio,Barroco,3
101.53197,85.31119,63.903862,57.321053,51.98236,32.143593,4.0,13.0,0.0,253.0,246.0,232.0,0.32152465,0.1602801,0.3989038,0.22459939,0.1987510472536087,0.17273108661174774,0.22603285312652588,0.25,0.14548282325267792,0.19362510740756989,2.2927236557006836,1.6673648357391357,4.373888969421387,2.6037423610687256,2.295752763748169,1.6099505424499512,4.388805389404297,2.675636053085327,0.0007583832484669983,0.00039058685675227026,0.0011099633993580937,0.004312729876639651,0.0008506027515977621,0.0,0.0019099204801023006,0.14243400709566123,0.002435592468827963,0.5627705627705628,0.0010941552463918924,0.035006347036422227,0.0016229135217145085,0.10685805422647528,0.0013959609204903245,0.047814341047423756,0.0009549384121783078,0.003922143019887381,-1419.5654257797273,1.8067419528961182,5.605849901811431,0.4594950853659485,-0.3027495028974552,Caravaggio_007.jpg,Caravaggio,Barroco,3
179.23413,160.05435,117.31785,74.47818,76.01504,69.79397,0.0,0.0,0.0,255.0,255.0,255.0,0.41668588,0.25746813,0.7048017,0.2905792,0.2908850908279419,0.3092478811740875,0.29928091168403625,0.25,0.2973802983760834,0.30044829845428467,4.194164752960205,2.0500926971435547,8.118197441101074,3.689366340637207,4.232296466827393,2.095766067504883,8.081206321716309,3.6428849697113037,0.003370398422703147,0.3537271648535922,0.0032571021001785994,0.11799668885936179,0.0032543574925512075,0.16672410240377442,0.00264125713147223,0.13258240547972458,0.0020508174784481525,0.05247198675543745,0.0029594972729682922,0.05341701187321032,0.0022725011222064495,0.009563938409941948,0.0009712137980386615,0.005988119684233712,0.0016016204608604312,0.008128637103249323,-1419.3237336685006,0.8247677683830261,0.5243702026912034,0.4860903976783538,-0.5915893272483798,Caravaggio_008.jpg,Caravaggio,Barroco,3
62.835175,50.923344,41.200348,37.60733,34.745033,29.480927,0.0,0.0,0.0,255.0,255.0,255.0,0.3747498,0.14062959,0.24621862,0.14927159,0.13672147691249847,0.18560774624347687,0.17693692445755005,0.25,0.2024129033088684,0.23562310636043549,1.3899972438812256,1.077760934829712,2.7002711296081543,1.7502905130386353,1.3755706548690796,1.020442008972168,2.697650194168091,1.724020004272461,0.0009703257819637656,0.027395255031228315,0.0006925711641088128,0.07058696760062456,0.0007183976122178137,0.00504478226925746,0.0015398104442283511,0.4397458904406662,0.0007199844694696367,0.07911105026891048,0.0007174892234615982,0.017708920671408744,0.0008199579897336662,0.13922216559680778,0.0006070600938983262,0.05674227966689799,0.000724657962564379,0.06413121855482304,-1419.5654257797273,0.8627913594245911,0.7913843039834845,0.44099921997294683,-1.4533625251325712,Caravaggio_009.jpg,Caravaggio,Barroco,3
66.7105,46.77915,25.470907,40.871742,39.376198,35.850655,3.0,0.0,0.0,255.0,255.0,236.0,0.72001374,0.2338203,0.26165125,0.1604328,0.15295150876045227,0.176292285323143,0.21723128855228424,0.25,0.22523461282253265,0.2798055410385132,1.334557056427002,1.2237694263458252,2.5274300575256348,1.950058102607727,1.3856141567230225,1.372849464416504,2.525460958480835,1.9688118696212769,0.0004194860812276602,0.0181787109375,0.0007113433675840497,0.0593798828125,0.0006166428211145103,0.0002587890625,0.0006359174149110913,0.0879296875,0.0012110909447073936,0.27287109375,0.0007526949048042297,0.1223779296875,0.0008467716979794204,0.122939453125,0.0011486649746075273,0.203720703125,0.0006208910490386188,0.0123193359375,-1419.5654257797273,1.5652577877044678,2.7287846876436572,0.5022063568687386,-0.4622819844367114,Caravaggio_010.jpg,Caravaggio,Barroco,3
55.84914,42.929604,30.94244,65.40811,55.147675,44.897633,1.0,0.0,0.0,255.0,250.0,236.0,0.42565286,0.22012872,0.2190359,0.2564911,0.22193263471126556,0.16802476346492767,0.33743295073509216,0.25,0.1274830549955368,0.24890349805355072,1.4089086055755615,2.053016424179077,2.3910176753997803,3.06734561920166,1.493322491645813,2.2562568187713623,2.383955955505371,2.929702043533325,0.00013530091382563114,0.0,0.0009338977979496121,0.16166883963494133,0.00020067267178092152,0.0,0.0011289839167147875,0.2665688830943068,0.0010144130792468786,0.11592785745328119,0.0011003558756783605,0.1569426336375489,0.0005715283914469182,0.07431551499348109,0.0008333442383445799,0.13314863102998697,0.00040796661050990224,0.0003259452411994785,-1419.5654257797273,1.4430789947509766,1.1479288804137988,0.49394214630320876,-0.17473067938939835,Caravaggio_011.jpg,Caravaggio,Barroco,3
127.91736,113.83586,110.14257,53.66432,55.453316,59.26507,0.0,0.0,0.0,255.0,255.0,255.0,0.1914231,0.16296677,0.5051267,0.21292935,0.21551892161369324,0.34965530037879944,0.3278881907463074,0.2499988642042615,0.3861870765686035,0.4076617360115051,3.157571792602539,1.8057467937469482,5.856050491333008,2.6910505294799805,3.0649476051330566,1.71946120262146,5.8663201332092285,2.669877052307129,0.001194141455926001,0.0004197379197379197,0.0011586310574784875,0.033558558558558556,0.0015510115772485733,0.007975020475020475,0.0023956012446433306,0.21723996723996725,0.0028004811611026525,0.4063472563472563,0.0020643833559006453,0.010984848484848484,0.002162386430427432,0.15014332514332515,0.0014560343697667122,0.05800573300573301,0.0014970365446060896,0.016165028665028666,-1419.4699665775393,1.5481969118118286,4.0596854820839265,0.48959202049715944,-0.48748568324601954,Caravaggio_012.jpg,Caravaggio,Barroco,3
92.08148,84.01806,67.84974,78.30731,78.98968,86.115974,0.0,0.0,0.0,255.0,255.0,255.0,0.39989287,0.27643237,0.3731491,0.3209976,0.3132518529891968,0.09350196272134781,0.1533050686120987,0.24999739967405238,0.06770049780607224,0.11377321183681488,2.2041475772857666,2.0887207984924316,4.287082672119141,4.0047607421875,2.1977851390838623,2.0707337856292725,4.281977653503418,3.986813545227051,0.0020497869700193405,0.3576943043062171,0.000689914682880044,0.013159024674041621,0.0020647274795919657,0.4333882883210465,0.0008403628598898649,0.0005585758019082868,0.0014329879777505994,0.00046264311570797163,0.0006434458773583174,0.01953622735427709,0.0018251014407724142,0.0010521649454228116,0.0006799243274144828,0.00016478759806989624,0.001642165007069707,0.07159905088532717,-1419.3450460065649,1.0866482257843018,0.004638722963723731,0.48724667151093526,-1.159284151945027,Caravaggio_013.jpg,Caravaggio,Barroco,3
66.24996,51.148964,40.618965,60.20633,54.365185,49.341854,0.0,0.0,0.0,255.0,255.0,244.0,0.4828615,0.21033984,0.26393148,0.2324426,0.21505169570446014,0.13591893017292023,0.23438456654548645,0.2500018218520219,0.10596754401922226,0.19145317375659943,1.4920194149017334,1.7586692571640015,2.7455811500549316,2.8086535930633545,1.5304632186889648,1.7520380020141602,2.7261385917663574,2.7781975269317627,8.305522351292893e-05,0.0,0.0004406337393447757,0.0024267068931593102,0.0006527974619530141,0.0,0.000813486403785646,0.17013182921230405,0.0021355943754315376,0.5445005574867187,0.0009054032270796597,0.043451170722109266,0.0006621279171667993,0.020299075227913688,0.0011826582485809922,0.10411884305109202,0.0006624426459893584,0.01505214140486653,-1419.5654257797273,2.549696445465088,5.4451240728784,0.5358355156308784,-0.23064954134653376,Caravaggio_014.jpg,Caravaggio,Barroco,3
94.85837,78.506516,66.985535,75.67859,66.56313,57.672863,0.0,0.0,0.0,255.0,254.0,248.0,0.28663054,0.18386455,0.3736406,0.29524374,0.26543372869491577,0.27043038606643677,0.2932094931602478,0.2500017912543796,0.3843706548213959,0.3780130445957184,2.2243762016296387,2.158743143081665,4.104824542999268,3.4078564643859863,2.2006709575653076,1.9750189781188965,4.089941501617432,3.313795328140259,0.0005927883903495967,0.0,0.0005981056019663811,0.005932890257740315,0.0005756315658800304,0.0,0.0008883966947905719,0.04723618090452261,0.0018298523500561714,0.033684551791214136,0.0008337897597812116,0.016599124655535744,0.002400181721895933,0.4148484357270222,0.0013204655842855573,0.04123845031609661,0.002299053594470024,0.3375911817150267,-1419.5654257797273,1.4524743556976318,0.3379227761603599,0.4894719246785351,-0.2666676646793649,Caravaggio_015.jpg,Caravaggio,Barroco,3
70.4522,61.143204,51.946877,58.184734,42.50198,32.596462,0.0,0.0,0.0,255.0,255.0,242.0,0.42825714,0.2482202,0.29950014,0.20978318,0.17780263721942902,0.15828631818294525,0.19000959396362305,0.2500002526806894,0.12405575811862946,0.15480703115463257,1.7540990114212036,1.5277900695800781,3.167468786239624,2.3630940914154053,1.6917952299118042,1.4058090448379517,3.16068172454834,2.272888422012329,0.0004985554260201752,0.009933201498181951,0.000798744906205684,0.11724822979413668,0.0009031961089931428,0.012712675311893414,0.001194637268781662,0.09935935406851175,0.0014934012433514,0.32996455031758903,0.0010807376820594072,0.09389153673006297,0.0010025411611422896,0.05448679977764209,0.0012440322898328304,0.18403761858328851,0.0004897312610410154,0.0,-1419.5654257797273,1.5438920259475708,3.293665465305478,0.4748643791618863,-0.3308998000168549,Caravaggio_016.jpg,Caravaggio,Barroco,3
54.130253,36.78207,24.485407,60.19122,44.17735,36.187675,0.0,0.0,0.0,255.0,255.0,255.0,0.67197675,0.244756,0.2215088,0.22891234,0.1838429719209671,0.21443237364292145,0.35093018412590027,0.25,0.1727292686700821,0.2835570275783539,1.3211241960525513,1.8683511018753052,2.208939790725708,2.8287718296051025,1.3966954946517944,2.1821985244750977,2.072979211807251,2.3269379138946533,0.0001431352720828727,0.00010852713178294573,0.0007858055178076029,0.1921860465116279,0.00020603189477697015,7.751937984496124e-05,0.0006462574820034206,0.07365891472868218,0.00121114996727556,0.28015503875968994,0.0005254663992673159,0.05353488372093023,0.0012475057737901807,0.25632558139534883,0.0005793082527816296,0.04297674418604651,0.00027024929295293987,0.0009457364341085271,-1419.5426960715522,1.9412912130355835,2.801646632725353,0.42534257946269793,-0.35828172078968357,Caravaggio_017.jpg,Caravaggio,Barroco,3
58.88974,48.354446,41.556175,45.477158,44.190563,45.59603,0.0,0.0,0.0,236.0,230.0,234.0,0.47318938,0.29088882,0.23973845,0.17932206,0.17294976115226746,0.1398320198059082,0.14515405893325806,0.25,0.09934839606285095,0.10532873868942261,1.4160877466201782,1.3914058208465576,2.559623956680298,2.2928578853607178,1.3569515943527222,1.312506079673767,2.547884941101074,2.224393129348755,0.0006153928698040545,1.7167381974248926e-05,0.0008821968222036958,0.1054134477825465,0.0010007971432060003,0.0003261802575107296,0.0011112171923741698,0.24979113018597998,0.0005146818584762514,0.01688698140200286,0.0014920947141945362,0.42970529327610874,0.0005016317591071129,0.09162804005722461,0.0004333984979894012,0.004801144492131617,0.0004775755514856428,0.0034163090128755363,-1419.5654257797273,0.6589964628219604,0.16849803548963438,0.5450059328391917,-0.44066825693605816,Caravaggio_018.jpg,Caravaggio,Barroco,3
101.07759,74.2037,49.952465,84.07216,67.38249,56.457882,0.0,0.0,0.0,255.0,255.0,255.0,0.5691432,0.24761535,0.40900213,0.3250662,0.2678963541984558,0.41022270917892456,0.4840734302997589,0.25000226845844636,0.3235926628112793,0.38907015323638916,2.9821579456329346,2.9999382495880127,4.257200241088867,3.510479688644409,2.6799490451812744,2.608403444290161,4.334223747253418,3.6615004539489746,0.000868123141117394,0.010129593175853019,0.001069567515514791,0.029568569553805775,0.0010349666699767113,0.035597112860892385,0.0011343600926920772,0.15916174540682415,0.001691930228844285,0.15838254593175852,0.0015649423003196716,0.15145177165354332,0.0007095555774867535,0.02518044619422572,0.0014420530060306191,0.20218175853018372,0.0014848050195723772,0.13180774278215224,-1414.1975503020367,1.3842570781707764,1.5777574460969868,0.542836276425755,-0.2124493536245561,Caravaggio_019.jpg,Caravaggio,Barroco,3
86.24309,69.55172,60.85576,57.303318,46.118702,40.34255,1.0,1.0,0.0,255.0,255.0,255.0,0.2837429,0.18495294,0.34547788,0.22439536,0.1858503669500351,0.21243397891521454,0.2789583206176758,0.25,0.20777928829193115,0.2632501721382141,2.024470329284668,1.6853936910629272,3.740065336227417,2.578913927078247,2.027150869369507,1.755741834640503,3.7031986713409424,2.4005541801452637,0.0011997477849945426,0.005784383954154728,0.0010277755791321397,0.094878223495702,0.0007266641478054225,0.038687917860553964,0.0013482290087267756,0.14663920725883475,0.0015415222151204944,0.304512893982808,0.0009352550259791315,0.07434336198662846,0.0011516560334712267,0.06024355300859599,0.0013717814581468701,0.16772325692454632,0.0008721536723896861,0.0064828080229226365,-1417.5377946449555,1.363525390625,3.047513800552565,0.461218266503355,-0.3816611434279627,Caravaggio_020.jpg,Caravaggio,Barroco,3
41.437695,21.020315,14.6169,57.211308,42.903194,32.330643,0.0,0.0,0.0,255.0,255.0,255.0,0.48417184,0.41501272,0.17175797,0.24983956,0.19042964279651642,0.12417762726545334,0.18137939274311066,0.24999995112470524,0.130036398768425,0.2172456830739975,0.8381003737449646,1.2930246591567993,1.483516812324524,2.3794939517974854,0.836362361907959,1.2834774255752563,1.4859681129455566,2.3957037925720215,0.0001997501967707649,0.04507373212068497,0.0005774045130237937,0.15640685081300784,9.343758574686944e-05,0.03276644148917835,0.0002550933277234435,0.04541080162550228,0.0004952074377797544,0.09538054897738715,0.0003298807132523507,0.06564875978810679,0.0005894821370020509,0.17439885237954494,0.0007806156645528972,0.16712794926649246,0.0005946580204181373,0.11804986663165916,-1419.5627640971256,1.1382277011871338,0.9535259021092117,0.4953447141141131,-2.770276723856593,Caravaggio_021.jpg,Caravaggio,Barroco,3
54.753117,40.613796,41.516563,44.021484,39.287815,33.34737,0.0,0.0,0.0,255.0,255.0,255.0,0.2948355,0.1159359,0.21490413,0.17273386,0.15604086220264435,0.15944547951221466,0.309309184551239,0.24991004497751124,0.15734069049358368,0.28805097937583923,1.3215028047561646,1.6873725652694702,2.298693895339966,2.1684012413024902,1.225674033164978,1.449817419052124,2.2849740982055664,2.04014253616333,0.000433718494605273,0.00012012012012012012,0.0008397483034059405,0.13247747747747748,0.0007091501611284912,0.02277777777777778,0.0009470188524574041,0.1853903903903904,0.0005438828957267106,0.03366366366366366,0.0009137589950114489,0.27555555555555555,0.0006953956326469779,0.09509009009009009,0.0004653091018553823,0.009294294294294294,0.000666055828332901,0.1413063063063063,-1419.1185459328237,0.7877123951911926,0.33826188514145816,0.520479722624968,-0.3159941330207037,Caravaggio_022.jpg,Caravaggio,Barroco,3
58.94049,48.590076,39.97442,54.747673,44.624325,36.107246,0.0,0.0,0.0,255.0,255.0,255.0,0.2806423,0.22123545,0.23379429,0.21397729,0.18056660890579224,0.2417069971561432,0.282310426235199,0.25,0.3149872422218323,0.34690579771995544,1.419816493988037,1.547450304031372,2.5656745433807373,2.288422107696533,1.4319331645965576,1.5568939447402954,2.594609260559082,2.4302947521209717,0.0006486928323283792,0.03620341175519444,0.0010670480551198125,0.20063060878001454,0.0004503718519117683,0.000994421537715256,0.0007941483054310083,0.09837496968227019,0.001086522126570344,0.2196782278276336,0.0006056054844520986,0.036591478696741855,0.0007502376101911068,0.09236801681623413,0.0007883037906140089,0.134546042525669,0.0008204811019822955,0.07789635378769505,-1419.5391081317155,1.3946654796600342,2.2034326753270004,0.4874086719586556,-0.4400807749917593,Caravaggio_023.jpg,Caravaggio,Barroco,3
48.83439,50.33613,35.541805,56.893684,41.809013,28.525145,0.0,0.0,0.0,255.0,255.0,254.0,0.46083677,0.18435626,0.22120643,0.20700409,0.17577771842479706,0.18508508801460266,0.19038009643554688,0.25,0.2529928386211395,0.3226175308227539,1.2326860427856445,1.22452974319458,2.3883116245269775,2.172487497329712,1.2236419916152954,1.2136963605880737,2.387321710586548,2.1785006523132324,0.0007766297785565257,0.12060996829103564,0.0012262312229722738,0.2881781082225809,0.00044546285062097013,0.00021320558169351053,0.0008026269497349858,0.15143033758027405,0.0010173370828852057,0.19198947995008986,0.00047046810504980385,0.02821611319070023,0.0006614290177822113,0.04445121741818057,0.000613064446952194,0.05228974209279165,0.0006310700555332005,0.022999015533958354,-1419.5654257797273,1.3780056238174438,1.9190903213985566,0.4738724273469474,-0.8796545860733467,Caravaggio_024.jpg,Caravaggio,Barroco,3
46.741974,37.841156,31.414064,67.72658,59.849,45.79909,0.0,0.0,0.0,255.0,255.0,255.0,0.48053107,0.2079109,0.1961015,0.25963375,0.23576617240905762,0.19956611096858978,0.37845414876937866,0.25,0.15896882116794586,0.2860864996910095,1.3997451066970825,2.3798439502716064,2.1401119232177734,3.1540682315826416,1.3724247217178345,2.2662951946258545,2.1822617053985596,3.274949789047241,0.0007314808899536729,0.1211880633260169,0.0009916676208376884,0.19754354831177323,0.000807287753559649,0.18586839770233035,0.0007050877902656794,0.11572409284079764,0.0006237569032236934,0.08714332414888153,0.0008442713296972215,0.16335870732732452,0.00022072115098126233,0.0030355391584551443,0.00021219589689280838,0.004389856629150516,0.0003823702281806618,0.02577873254564984,-1419.3329828475735,1.0171921253204346,0.8675482140762016,0.5247768908942783,-0.140532223986995,Caravaggio_025.jpg,Caravaggio,Barroco,3
95.096306,76.35793,61.259907,64.9033,59.8399,42.532967,9.0,5.0,0.0,255.0,255.0,249.0,0.31413862,0.16849487,0.37445873,0.25372538,0.2294650822877884,0.1528889387845993,0.25245437026023865,0.25,0.14326515793800354,0.22199176251888275,2.189398765563965,1.932374119758606,4.044312953948975,3.0026912689208984,2.1004292964935303,1.733333945274353,4.030142784118652,2.9400253295898438,0.0010935775935649872,0.07609645113453999,0.0011867833090946078,0.04235480528978,0.0011134621454402804,0.024803461515022242,0.0014782351208850741,0.16541735226603288,0.0018481663428246975,0.2252117740264489,0.0017338681500405073,0.15514859731448188,0.0012084015179425478,0.17985048855302985,0.0006528631201945245,0.0218376094419729,0.0007987805875018239,0.0112133585227619,-1419.5654257797273,1.496594786643982,2.247288596573051,0.49640636163053353,-0.2648267459412764,Caravaggio_026.jpg,Caravaggio,Barroco,3
57.320946,44.404964,43.25644,65.29378,54.33571,45.335854,0.0,0.0,0.0,255.0,255.0,255.0,0.3719886,0.1572692,0.23625007,0.24868223,0.2197549194097519,0.14987249672412872,0.25440457463264465,0.25,0.12751220166683197,0.213993102312088,1.3843903541564941,1.8029271364212036,2.487867832183838,3.0031731128692627,1.384331464767456,1.8196704387664795,2.447263717651367,2.7604572772979736,0.00023290632816497236,0.0,0.00041998762753792107,0.004353909465020576,0.0005774533492513001,0.06465020576131687,0.0007302645826712251,0.10587654320987654,0.001004815218038857,0.2022469135802469,0.0017657213611528277,0.38671604938271603,0.0008647277718409896,0.08818106995884774,0.000542970490641892,0.042156378600823045,0.0005268451641313732,0.008041152263374485,-1419.448829581583,1.3566806316375732,2.017487483477234,0.5507279872682892,-0.3350935160835388,Caravaggio_027.jpg,Caravaggio,Barroco,3
42.952145,30.11293,18.978455,49.7611,37.216793,22.908789,0.0,0.0,0.0,255.0,255.0,255.0,0.4682793,0.24543098,0.1700041,0.1941748,0.1517014503479004,0.15605610609054565,0.28181192278862,0.25,0.16365887224674225,0.2574865221977234,1.040627121925354,1.647637128829956,1.6868062019348145,1.9948441982269287,0.9990324974060059,1.6006388664245605,1.7032527923583984,2.1085879802703857,0.00015801067638676614,0.0,0.00039841479156166315,0.08344512195121952,0.0007023484795354307,0.22869512195121952,0.000583541695959866,0.11154878048780488,0.0006704697152599692,0.15729268292682927,0.0005180357256904244,0.13375609756097562,0.0004897540784440935,0.060585365853658535,0.0006819152622483671,0.11567073170731708,0.00031641486566513777,0.006597560975609756,-1419.41207904937,1.335302710533142,1.5771473572317858,0.5297050429301515,-0.45415372083852457,Caravaggio_028.jpg,Caravaggio,Barroco,3
51.48118,33.638687,20.272215,63.826286,45.778595,25.67751,0.0,0.0,0.0,255.0,255.0,250.0,0.55153483,0.21750423,0.2034718,0.24958529,0.18927444517612457,0.13592800498008728,0.2235487699508667,0.24999804443053816,0.1333654671907425,0.22059296071529388,1.0810843706130981,1.5216015577316284,1.921555995941162,2.4047303199768066,1.1027615070343018,1.5456780195236206,1.9460570812225342,2.520282030105591,0.0005548003246076405,0.11011420525657072,0.0005069065373390913,0.08825680538172716,0.0005054347566328943,0.0863031914893617,0.00043410187936387956,0.07508017834793491,0.0005658846348524094,0.08894516583229037,0.0008490082109346986,0.12863149249061326,0.0003909198276232928,0.05423185231539424,0.0009951534448191524,0.24619055068836046,0.0003942000330425799,0.022182024405506883,-1419.5645167515945,0.9800755381584167,0.889515351370124,0.5317747900664984,-0.8880794399874304,Caravaggio_029.jpg,Caravaggio,Barroco,3
57.655724,40.462894,32.539425,62.131298,52.777264,40.71221,0.0,0.0,0.0,255.0,255.0,255.0,0.53326005,0.23563007,0.23926671,0.25386855,0.22052831947803497,0.284076988697052,0.26636606454849243,0.24999995446265938,0.3639867603778839,0.3905857503414154,1.2662280797958374,1.581809639930725,2.3644793033599854,2.7699196338653564,1.2727816104888916,1.541496753692627,2.3628265857696533,2.7484304904937744,0.0004153092741034925,0.026837784294045486,0.00048635591519996524,0.042708476833356296,0.0007501490763388574,0.11924400907904145,0.0005730848642997444,0.039534256325481014,0.0012847897596657276,0.22033772525403605,0.0006295564235188067,0.07487585198013631,0.000495134387165308,0.04248789679806349,0.0009093609405681491,0.14514576322332212,0.0009657939081080258,0.18914533026325284,-1419.5201519050315,1.7763093709945679,2.2026009970887945,0.5313359656554911,-1.634752538984905,Caravaggio_030.jpg,Caravaggio,Barroco,3
60.33702,42.66537,25.557144,70.06033,61.748684,43.591217,0.0,0.0,0.0,255.0,255.0,255.0,0.5037451,0.26423618,0.27794617,0.29586744,0.254770427942276,0.17081014811992645,0.1611328423023224,0.2499822421117331,0.1526496261358261,0.17327691614627838,1.5270028114318848,1.7460097074508667,2.9044268131256104,3.229783296585083,1.4998037815093994,1.6900296211242676,2.902141809463501,3.2286765575408936,0.0007652885396964848,0.09529955161902508,0.0016972614685073495,0.3318072450054703,0.0004754214023705572,0.04197979996480364,0.00045184444752521813,0.026454766513809402,0.000887034519109875,0.10443144109027806,0.0008267734083347023,0.07373257730613367,0.0007799710147082806,0.022838241380427508,0.0010496049653738737,0.1061526253611848,0.0011021451791748405,0.09728949981770596,-1419.2573866660252,0.9935131669044495,1.04433084396052,0.5322187659741949,-3.151820640188194,Caravaggio_031.jpg,Caravaggio,Barroco,3
66.79071,53.261635,34.5967,70.94664,61.127445,40.995243,0.0,0.0,0.0,255.0,255.0,255.0,0.4597268,0.23900484,0.2869068,0.29427072,0.2527339458465576,0.22739705443382263,0.18927817046642303,0.24999618071727991,0.2901107966899872,0.28417107462882996,1.5551071166992188,1.6942168474197388,3.004608154296875,3.176858901977539,1.57065749168396,1.6802221536636353,3.004673957824707,3.180978536605835,0.000554646656382829,0.047094385029279526,0.0008609124924987555,0.06542281560970918,0.0005110863130539656,0.00789342285586801,0.0014269802486523986,0.23140527752787188,0.0014926190488040447,0.22243857953055465,0.0007176478975452483,0.08253762613568949,0.0010788396466523409,0.1380705985235268,0.0007733578677289188,0.06201120410903067,0.0009180750348605216,0.04347952501913667,-1419.4835920157273,1.6118501424789429,2.223512388915262,0.46037619074938885,-2.4289109859424665,Caravaggio_032.jpg,Caravaggio,Barroco,3
71.03647,52.9986,50.219788,56.467567,41.538017,33.651237,0.0,0.0,0.0,255.0,255.0,255.0,0.26291913,0.16902271,0.28023866,0.22046702,0.17410317063331604,0.27252161502838135,0.3061177432537079,0.25,0.27129068970680237,0.3101607859134674,1.730436086654663,1.6865558624267578,2.995910167694092,2.4339582920074463,1.7610417604446411,1.7221879959106445,2.972094774246216,2.2603232860565186,0.0007503158994950354,0.02984384155932273,0.0008355590398423374,0.05081574537641483,0.0005290171829983592,0.016345748563321785,0.0008650642121210694,0.10993800951959948,0.0012241665972396731,0.1983592569366628,0.0008549608755856752,0.06507458390303579,0.0010904624359682202,0.1822191152735086,0.0008972688228823245,0.11841929415151173,0.0009891916997730732,0.13053982091638996,-1419.5194550309589,1.3710014820098877,1.9801701616299499,0.48152967886442066,-0.2721765513022504,Caravaggio_033.jpg,Caravaggio,Barroco,3
63.18818,49.172867,40.618805,68.36601,58.350346,50.83111,0.0,0.0,0.0,255.0,255.0,255.0,0.50217026,0.26362973,0.24852732,0.2684501,0.2359456866979599,0.186698779463768,0.25816610455513,0.2500002691479959,0.1949974000453949,0.26334142684936523,1.5976585149765015,1.9849013090133667,2.7219555377960205,3.1047487258911133,1.48105788230896,1.7580257654190063,2.667693853378296,2.9481916427612305,0.0003683196846395731,0.00739611946382987,0.0006527241785079241,0.09701825735001504,0.00027366139693185687,0.0007231114173954401,0.000455330649856478,0.029681539790540345,0.00176411890424788,0.3616770361167461,0.001270882785320282,0.21887951701981034,0.0009055592818185687,0.020150057751851455,0.0010602789698168635,0.10881613557611111,0.0005054902285337448,0.05712580197423976,-1419.4229792994804,2.1879920959472656,3.6108819496890994,0.5184574953437364,-0.6418701393462973,Caravaggio_034.jpg,Caravaggio,Barroco,3
59.685623,46.33233,38.651188,61.62426,45.94402,31.967117,0.0,0.0,0.0,255.0,255.0,225.0,0.25507295,0.17956088,0.2370387,0.23989111,0.19022788107395172,0.15014763176441193,0.21931931376457214,0.25,0.12142244726419449,0.15814326703548431,1.428273320198059,1.8740068674087524,2.5258290767669678,2.589125871658325,1.3403081893920898,1.5062096118927002,2.4823079109191895,2.427293539047241,0.0007270993664860725,0.1122348403685451,0.0006800889386795461,0.05191772016284551,0.00044104864355176687,0.0,0.0016766659682616591,0.41120634240411397,0.0008319698390550911,0.11476323119777158,0.000645869062282145,0.03992929076494536,0.001080666552297771,0.16953074780372832,0.0004371840332169086,0.00038568673666166704,0.00032377481693401933,0.0,-1419.5654257797273,1.0939842462539673,1.1476731826108193,0.3904282728356867,-0.2766930361263346,Caravaggio_035.jpg,Caravaggio,Barroco,3
55.32088,34.580017,22.931067,51.755733,30.787874,19.888176,10.0,0.0,0.0,255.0,254.0,244.0,0.46489185,0.20731257,0.21707198,0.20290902,0.1325758397579193,0.1422310173511505,0.24146735668182373,0.24999961080831998,0.1530936062335968,0.23976364731788635,1.1426417827606201,1.409613013267517,2.0382041931152344,1.9897313117980957,1.142828345298767,1.3742598295211792,1.9912331104278564,1.6845062971115112,0.0007973869214765728,0.1936515955207544,0.0008470444008708,0.23351856529426623,0.00047397526213899255,0.04361370716510903,0.0006435452960431576,0.149841430215262,0.0007879338809289038,0.21115040273918778,0.0003941193863283843,0.00011226179450478516,0.0004981951788067818,0.01218040470376919,0.0005224300548434258,0.036316690522298,0.0004969314322806895,0.02093682467514243,-1419.5654257797273,1.2983993291854858,2.1084070757833184,0.46507414143780046,-0.3208737016849154,Caravaggio_036.jpg,Caravaggio,Barroco,3
85.17466,63.410442,54.345318,71.28485,54.463055,43.625786,0.0,0.0,0.0,255.0,255.0,255.0,0.31532702,0.1816046,0.33917955,0.2751572,0.22572435438632965,0.22297188639640808,0.38150230050086975,0.24999952932936967,0.26829269528388977,0.4813321530818939,2.227147102355957,3.2741007804870605,3.4809746742248535,2.774427652359009,1.9660927057266235,1.963499665260315,3.460754632949829,2.6799678802490234,0.0010761870071291924,0.1588122849496623,0.0009587942622601986,0.03782337198929527,0.0006481001037172973,0.06385455163332059,0.0017263541230931878,0.2323095875281424,0.0013591867173090577,0.09125355762287074,0.0011161774164065719,0.14768276623762797,0.0008203713805414736,0.056327258825028675,0.0008560902788303792,0.044993840533537235,0.0009897468844428658,0.06947028588420202,-1417.0581413489222,1.28076171875,0.9099799529348301,0.4682146400660027,-0.42354964119710503,Caravaggio_037.jpg,Caravaggio,Barroco,3
55.32545,35.445507,30.16547,61.31595,42.00107,32.65699,0.0,0.0,0.0,242.0,200.0,182.0,0.57321644,0.23823042,0.22774878,0.23246603,0.17930245399475098,0.10964507609605789,0.11650334298610687,0.24995093457943926,0.0766301155090332,0.08390320092439651,1.1355856657028198,1.3031420707702637,2.0702009201049805,2.3154916763305664,1.1268433332443237,1.2919387817382812,2.06721568107605,2.2818431854248047,0.0005390637088567019,0.06643793326036317,0.0006672839517705142,0.12284246863686116,0.0012656610924750566,0.4018972243271309,0.0010705377208068967,0.14041845583901658,0.0005551728536374867,0.02389071314304959,0.00024467631010338664,2.1049086469647216e-05,0.00026315986178815365,0.0,0.0006715485942550004,0.11569279559933765,0.0003776566591113806,0.029686228284359125,-1419.5654257797273,0.8835874795913696,0.23867191808686367,0.5016432499289736,-0.28997339764179614,Caravaggio_038.jpg,Caravaggio,Barroco,3
91.689705,63.320774,30.229988,71.444496,61.765327,47.18272,0.0,0.0,0.0,216.0,213.0,199.0,0.7998575,0.23384653,0.3596128,0.2801335,0.2422664612531662,0.20368173718452454,0.2467605471611023,0.25,0.18910802900791168,0.2307264506816864,1.9535001516342163,1.9935191869735718,3.449207305908203,3.165109157562256,1.8562477827072144,1.8131134510040283,3.4350838661193848,3.068774938583374,0.000408570485888049,0.030930406585183336,0.0008522510761395097,0.08812315148059723,0.0015574427088722587,0.3048319851762107,0.0010461603524163365,0.029611944553326445,0.0014748844550922513,0.23354595018351565,0.0009068362414836884,0.04844457114349856,0.001320592942647636,0.03793250899761252,0.001272894092835486,0.1267505256031073,0.000561614113394171,0.0012650108684032356,-1419.5654257797273,1.411922574043274,2.3317387085740404,0.49828337384436827,-0.29843003580319233,Caravaggio_039.jpg,Caravaggio,Barroco,3
59.32193,44.685577,29.424269,42.84334,37.45606,27.19881,0.0,0.0,0.0,255.0,255.0,255.0,0.5107224,0.16810106,0.2532364,0.17271976,0.15106835961341858,0.11326830834150314,0.0933334082365036,0.24999992040686736,0.0895550325512886,0.08965401351451874,1.3090286254882812,1.0820866823196411,2.5762810707092285,1.9363679885864258,1.317151665687561,1.1099785566329956,2.5759639739990234,1.9329344034194946,0.0007793115801177919,0.059692774745436196,0.0006038518622517586,0.021389236079258783,0.0005245436914265156,0.00023901190257774517,0.0008949451730586588,0.05524435831575085,0.0009273836039938033,0.1686943858361618,0.0010147878201678395,0.18520519906430602,0.0008407403947785497,0.10416117214017062,0.0008077393285930157,0.16725923940464177,0.0007797231082804501,0.13825387292450234,-1419.562647696341,1.163573980331421,1.6866827216208364,0.4897309796668966,-1.5474893276036068,Caravaggio_040.jpg,Caravaggio,Barroco,3
47.403187,35.25983,34.354122,44.094337,33.626274,23.674057,9.0,7.0,0.0,255.0,255.0,255.0,0.27164763,0.15163524,0.18958946,0.17275721,0.13634808361530304,0.10296344757080078,0.184663787484169,0.25,0.07843410223722458,0.1256737858057022,1.062559962272644,1.292340636253357,1.9587253332138062,1.9269458055496216,1.0935779809951782,1.4633045196533203,1.948274850845337,1.7755346298217773,0.0006274589686654508,0.11215914562086926,0.0005504320724867284,0.09303190790913468,0.0005137305706739426,0.08663062984199238,0.0008854311890900135,0.2410382107060008,0.00065014255233109,0.10753052917232021,0.00047850291593931615,0.03641615967085394,0.000498162058647722,0.009191578763076115,0.0006118214223533869,0.09743073488860682,0.0005519214901141822,0.11834157657460498,-1419.5490023817788,1.090092658996582,1.0731940053277496,0.4703057390277214,-0.2897697902986103,Caravaggio_041.jpg,Caravaggio,Barroco,3
79.76643,50.027626,38.290447,51.992218,38.740524,18.674868,18.0,2.0,0.0,248.0,234.0,242.0,0.50775486,0.1403621,0.31286988,0.20394607,0.15298789739608765,0.10562847554683685,0.13965687155723572,0.25,0.07259467989206314,0.0917341336607933,1.5132687091827393,1.2229048013687134,2.8876490592956543,2.029825210571289,1.5202513933181763,1.249752163887024,2.872351884841919,1.9467566013336182,0.0005056835943832994,0.0006216234544180474,0.001439751940779388,0.12697506724835553,0.0009013950475491583,0.06771739867537693,0.0008720676996745169,0.1299927665634395,0.0012519389856606722,0.3041038450236217,0.0008485430735163391,0.11425439092203711,0.0006751118926331401,0.03414973213680237,0.0007696604006923735,0.07803069689640363,0.000714798690751195,0.0465256900020344,-1419.5654257797273,1.4121308326721191,3.033047042181685,0.5212984014589364,-0.32627662411534486,Caravaggio_042.jpg,Caravaggio,Barroco,3
62.889114,43.557312,45.403885,54.49438,45.17718,34.587822,7.0,0.0,0.0,255.0,255.0,248.0,0.33536217,0.11781653,0.24727225,0.21349521,0.1820192188024521,0.08445391058921814,0.138748899102211,0.24993559203058724,0.08491809666156769,0.1410290002822876,1.2593085765838623,1.270614743232727,2.472849130630493,2.336386203765869,1.2945334911346436,1.3938482999801636,2.4751546382904053,2.3470709323883057,0.0005922483978793025,9.26979311507184e-05,0.0005928128957748413,0.0333291197910083,0.00046411206130869687,0.0023174482787679603,0.0008115459349937737,0.05329288332701302,0.001436398597434163,0.3494037837610079,0.0005029803141951561,0.03151729659124426,0.001256004092283547,0.3160662368853495,0.0007821539184078574,0.11676568491130493,0.00042662600753828883,0.0,-1419.5654257797273,1.8831231594085693,3.4832581541816445,0.4279319204958764,-0.4524067489236702,Caravaggio_043.jpg,Caravaggio,Barroco,3
60.53704,45.689396,38.3084,73.52972,66.18236,64.63863,0.0,0.0,0.0,255.0,255.0,255.0,0.50556815,0.37226373,0.24140939,0.29364946,0.264691561460495,0.18654920160770416,0.3104097843170166,0.2500005199678036,0.13473911583423615,0.21265466511249542,1.6553442478179932,2.427647829055786,2.6143548488616943,3.5782318115234375,1.5480353832244873,2.2038004398345947,2.6081199645996094,3.434337854385376,1.2695858458755538e-05,0.0,0.00045230172690935433,0.028413730956604995,0.0006874153623357415,0.09429003219659636,0.0007387588266283274,0.14134587404841692,0.0016625531716272235,0.2533017938103686,0.000900848361197859,0.09668365670731136,0.0012314062332734466,0.19258821210329194,0.0005877513322047889,0.056705433996977465,0.000566347036510706,0.0392929890268743,-1419.4025511810778,2.187516212463379,2.525660372758079,0.5124698149164733,-0.4809277306696214,Caravaggio_044.jpg,Caravaggio,Barroco,3
69.57225,47.484596,31.730055,63.641926,45.6524,28.400959,0.0,0.0,0.0,247.0,215.0,194.0,0.42736527,0.24870461,0.27521962,0.24765676,0.18771903216838837,0.1169777438044548,0.1385447084903717,0.25,0.09175872802734375,0.10826744139194489,1.4036327600479126,1.449928641319275,2.634441375732422,2.451263427734375,1.3971259593963623,1.3637512922286987,2.6110754013061523,2.3587629795074463,0.0003424634342081845,6.944444444444444e-05,0.0007187537848949432,0.1192824074074074,0.0002921513223554939,0.0002777777777777778,0.0009688673308119178,0.13070987654320987,0.001382133923470974,0.27689814814814817,0.000768345023971051,0.0647608024691358,0.0011271050898358226,0.22258487654320988,0.0007787483045831323,0.02347222222222222,0.0008584523457102478,0.06192901234567901,-1419.5654257797273,1.7188080549240112,2.7690286844943284,0.46955810453119545,-0.48216116638301937,Caravaggio_045.jpg,Caravaggio,Barroco,3
49.210022,25.753633,23.928833,39.944057,25.087822,18.602106,0.0,0.0,0.0,237.0,196.0,191.0,0.5310998,0.2331317,0.19476691,0.1552018,0.10601992160081863,0.22561520338058472,0.29347091913223267,0.25,0.26022812724113464,0.43295830488204956,1.168408989906311,1.2736350297927856,1.6854904890060425,1.360114574432373,1.2596269845962524,1.6369259357452393,1.6918848752975464,1.3238705396652222,0.000762109411880374,0.22801324503311257,0.0004306597984395921,0.022980132450331127,0.0003454041725490242,0.02403973509933775,0.0004647479217965156,0.07033112582781458,0.0004957775818184018,0.1519867549668874,0.0004095116164535284,0.09576158940397352,0.00038950901944190264,0.016556291390728478,0.0005276097799651325,0.0966225165562914,0.0006501894094981253,0.17582781456953642,-1419.5654257797273,0.9969587922096252,1.5506755174648628,0.4778001427636673,-0.15911113389876674,Caravaggio_046.jpg,Caravaggio,Barroco,3
55.39975,49.82836,38.438797,44.662483,38.984535,30.992516,0.0,0.0,0.0,255.0,255.0,253.0,0.2854092,0.14887469,0.21970147,0.17510504,0.15410862863063812,0.12215933203697205,0.14100287854671478,0.25,0.07439728081226349,0.07580772042274475,1.404030442237854,1.3913078308105469,2.541107654571533,2.0901505947113037,1.4002306461334229,1.3516809940338135,2.5149426460266113,1.9479881525039673,0.0003684823459479958,0.0,0.001114418264478445,0.01531619760142566,0.0008918809471651912,0.09027565944739672,0.0007407225202769041,0.13511647695345738,0.001114523853175342,0.2864803249474208,0.0009309974266216159,0.2037985454428693,0.000511910067871213,0.02875399361022364,0.0006099220481701195,0.05895291152246857,0.0006737782387062907,0.08370928123043332,-1419.3260177871807,1.4418728351593018,2.8571730711495427,0.5435907024989948,-0.19751612512561093,Caravaggio_047.jpg,Caravaggio,Barroco,3
66.60586,45.482315,23.397642,51.52531,41.491352,27.933672,0.0,0.0,0.0,255.0,255.0,229.0,0.648164,0.20482853,0.26142487,0.20202033,0.166355162858963,0.1132793053984642,0.1788000613451004,0.2500002643206273,0.08412206918001175,0.13759034872055054,1.3182519674301147,1.3435554504394531,2.4990930557250977,2.2047109603881836,1.3530348539352417,1.4233222007751465,2.486442804336548,2.183422088623047,0.0010261384304612875,0.216749097077294,0.0008059256942942739,0.06508667105024919,0.0010869213147088885,0.21671574373195346,0.0005265135550871491,0.05812535140131698,0.000988208455964923,0.17885493200682315,0.0007277065305970609,0.05620991642604611,0.0006863398593850434,0.09002544383773121,0.0005185695481486619,0.019483118442494066,0.0004586824798025191,0.0,-1419.5654257797273,1.3031136989593506,1.7860679478272146,0.5049364127111451,-0.3669393980460498,Caravaggio_048.jpg,Caravaggio,Barroco,3
76.6918,52.47594,36.509407,76.088264,48.15837,35.607174,0.0,0.0,0.0,255.0,248.0,214.0,0.55254555,0.19959301,0.31445274,0.28695902,0.20908793807029724,0.1772715300321579,0.2805393636226654,0.25,0.13947367668151855,0.21531078219413757,1.7199928760528564,1.8806267976760864,3.0297229290008545,2.9336705207824707,1.6506681442260742,1.733783483505249,2.9711661338806152,2.7642180919647217,0.0004079218488186598,5.020080321285141e-05,0.000737768888939172,0.05773092369477912,0.0005393960163928568,0.049949799196787145,0.0005304115475155413,0.00040160642570281126,0.0018627559766173363,0.48765060240963853,0.0010119708022102714,0.18438755020080322,0.0008763336227275431,0.031927710843373494,0.0010414571734145284,0.04944779116465863,0.0010240658884868026,0.04447791164658634,-1419.5654257797273,2.0872068405151367,4.844081965621113,0.5244123373522998,-0.13934350932366735,Caravaggio_049.jpg,Caravaggio,Barroco,3
66.28112,43.53138,29.53078,60.82238,47.260494,36.281227,0.0,0.0,0.0,255.0,250.0,214.0,0.54509395,0.17295563,0.25995472,0.238609,0.1928863674402237,0.12701869010925293,0.1851871907711029,0.25,0.09502416849136353,0.14322486519813538,1.420900583267212,1.628427505493164,2.481288433074951,2.5761168003082275,1.310644507408142,1.4393465518951416,2.470447063446045,2.472043991088867,0.00048428185982629657,0.01817457551162675,0.0008581529837101698,0.16745506149479658,0.000266455695964396,0.0,0.000988450599834323,0.10581088482796396,0.0015607211971655488,0.38139222227754815,0.0007452509016729891,0.10837524274261813,0.0005126955220475793,0.00033195571710733786,0.0006576792802661657,0.0740510215937194,0.0006821390707045794,0.0463742136798951,-1419.5654257797273,2.079138994216919,3.8056121702978425,0.46952276886900446,-0.4334534498725197,Caravaggio_050.jpg,Caravaggio,Barroco,3
71.072754,53.97548,50.420124,34.02785,22.827997,15.507784,14.0,0.0,0.0,255.0,255.0,199.0,0.25783807,0.12032058,0.27877823,0.13342567,0.09782563894987106,0.13494284451007843,0.2036779224872589,0.25,0.12992727756500244,0.22343432903289795,1.5807377099990845,1.2352908849716187,2.9292006492614746,1.4854573011398315,1.5242502689361572,1.0117908716201782,2.922180652618408,1.272325038909912,0.0006525371572934091,0.00713768115942029,0.0010348932119086385,0.1431159420289855,0.001267892075702548,0.29746376811594205,0.0007206772570498288,0.059347826086956525,0.0008513749344274402,0.07561594202898551,0.0009509539813734591,0.10967391304347826,0.0007128968718461692,0.014673913043478261,0.0008331416174769402,0.011702898550724638,0.001091421814635396,0.17565217391304347,-1419.5654257797273,0.9441213607788086,0.7609073570956503,0.5500320082160837,-0.20757469674221293,Caravaggio_1.jpg,Caravaggio,Barroco,3
125.00484,92.028015,71.44192,62.245205,54.11619,42.427216,20.0,17.0,3.0,255.0,248.0,222.0,0.40401968,0.1743562,0.4908932,0.24375673,0.21397367119789124,0.11697685718536377,0.18460635840892792,0.25,0.0662742480635643,0.09184300154447556,2.6273422241210938,1.7532999515533447,4.992129325866699,2.8128550052642822,2.562295913696289,1.623864769935608,4.985960006713867,2.769775390625,0.0013885349035263062,0.0609550193429939,0.0014995664823800325,0.03202249032850305,0.0015497856074944139,0.028440757983083077,0.0018074209801852703,0.1595633073241099,0.002006008755415678,0.1863976132712609,0.0020556782837957144,0.2096993639761327,0.0014271133113652468,0.18387318864336766,0.0009133365238085389,0.013908924004983279,0.001176003715954721,0.022277227722772276,-1419.5654257797273,1.3060389757156372,1.869922522491772,0.505112076646007,-0.29885939835355035,Caravaggio_10.jpg,Caravaggio,Barroco,3
103.815865,84.65545,78.92033,74.198524,68.61167,56.64902,3.0,0.0,0.0,255.0,255.0,255.0,0.26790094,0.121973515,0.41156805,0.28715402,0.26801708340644836,0.22566208243370056,0.3656424880027771,0.25000133896770943,0.18959742784500122,0.3058234453201294,2.604954242706299,2.607180118560791,4.549591541290283,3.6642565727233887,2.4824416637420654,2.2846245765686035,4.503555774688721,3.4123594760894775,0.0009531332179903984,0.0036221385105766443,0.0011574174277484417,0.10055056505360765,0.0007439469918608665,0.00012073795035255481,0.001469455542974174,0.035400367043369074,0.0025592332240194082,0.3969139379889887,0.0020254701375961304,0.2257316719791365,0.0013208688469603658,0.010938858301941466,0.0013650221517309546,0.08632763450207669,0.0008243914344348013,0.04201680672268908,-1408.0834259026924,1.8546617031097412,3.9619954264643553,0.49636558541492654,-0.2637232623798795,Caravaggio_2.jpg,Caravaggio,Barroco,3
87.44987,72.515816,68.95495,71.58251,60.29556,48.702717,3.0,0.0,0.0,255.0,255.0,255.0,0.20726492,0.1355508,0.3493711,0.27749208,0.24207574129104614,0.2025168538093567,0.322283536195755,0.25,0.16688783466815948,0.2660451829433441,2.156320810317993,2.2426342964172363,3.8755428791046143,3.2584433555603027,2.0318148136138916,1.9123066663742065,3.8668503761291504,3.200282573699951,0.0011918734526261687,0.05346467391304348,0.0007381283794529736,0.0014266304347826087,0.0007254356169141829,0.014877717391304349,0.0017640647711232305,0.3070425724637681,0.0008849292644299567,0.04868659420289855,0.0010311759542673826,0.10011322463768116,0.0017720817122608423,0.22647192028985508,0.0013209491735324264,0.09832427536231884,0.0011594973038882017,0.05355525362318841,-1417.1664971779549,0.7521904706954956,0.48473153319178824,0.4497735149969811,-0.21578728066764402,Caravaggio_3.jpg,Caravaggio,Barroco,3
55.00221,49.785984,48.179764,50.93335,42.21779,34.800404,0.0,0.0,0.0,255.0,255.0,255.0,0.24214937,0.13684282,0.23353112,0.19113594,0.17090792953968048,0.1565665751695633,0.21900160610675812,0.25,0.12997260689735413,0.18175910413265228,1.3697798252105713,1.4403185844421387,2.601423740386963,2.3785064220428467,1.4339911937713623,1.5671886205673218,2.568850517272949,2.2190616130828857,0.0004045315145049244,3.538820864887819e-05,0.0006441817968152463,0.07217425153938707,0.0010754032991826534,0.12589355226838417,0.0004094457544852048,0.004653549437327482,0.0010563656687736511,0.2156557435062637,0.0011576046235859394,0.17133201217354377,0.0008221277967095375,0.19656380494019393,0.0007739784196019173,0.08385236039351689,0.0007345221820287406,0.03236251680939911,-1417.4229522827286,1.3431694507598877,2.150528144401114,0.569480092162127,-0.21638368437479835,Caravaggio_4.jpg,Caravaggio,Barroco,3
110.7813,92.18827,83.29559,65.94027,64.21091,55.366547,21.0,13.0,0.0,240.0,233.0,224.0,0.28140783,0.12510471,0.43488446,0.25837564,0.2485419511795044,0.15010112524032593,0.19100429117679596,0.25000029065745555,0.09435850381851196,0.10648762434720993,2.5366759300231934,1.9171243906021118,4.833645820617676,3.2090258598327637,2.549943447113037,1.9239838123321533,4.858501434326172,3.2861764430999756,0.0006213714950717986,0.0,0.00117381545715034,4.19533478771606e-05,0.0007634620415046811,0.0,0.0021525078918784857,0.18683399060245007,0.002618864644318819,0.4178238798456117,0.0011648667277768254,0.08037212619567041,0.001972969388589263,0.11935203054203726,0.0017565200105309486,0.06824236449068635,0.0011684175115078688,0.029052693404933713,-1419.5654257797273,1.759873390197754,4.170272981966006,0.45369546179915016,-0.5615032036934554,Caravaggio_5.jpg,Caravaggio,Barroco,3
66.211,57.366486,41.626602,45.97565,42.754475,36.474762,0.0,0.0,0.0,254.0,254.0,230.0,0.4037677,0.1676544,0.26158834,0.1797707,0.16706769168376923,0.1323731243610382,0.2050860971212387,0.25,0.09362012147903442,0.1487610638141632,1.5840392112731934,1.4820623397827148,2.926405668258667,2.257391929626465,1.5936694145202637,1.4890105724334717,2.921015501022339,2.1482203006744385,0.0013000455219298601,0.07102821801314263,0.0008239101152867079,0.09232057724520036,0.0007505753310397267,0.0,0.0017979315016418695,0.4538397113773998,0.0007186045404523611,0.05621053987888159,0.0007042690413072705,0.0018683159386676976,0.0008922136039473116,0.16682772838551732,0.0005424455739557743,0.050025769875016106,0.0005358795751817524,0.013078211570673882,-1419.5654257797273,0.8018186688423157,0.558876852728388,0.40591044086485195,-0.19021835142684496,Caravaggio_6.jpg,Caravaggio,Barroco,3
80.3921,65.68322,34.088776,74.67139,50.604565,30.240242,0.0,1.0,0.0,255.0,255.0,253.0,0.4607371,0.24743813,0.32909018,0.28439906,0.20882104337215424,0.21648797392845154,0.3200133442878723,0.25000161324669123,0.19141614437103271,0.28086352348327637,1.9606629610061646,2.1058874130249023,3.413442850112915,2.9583091735839844,1.931816577911377,2.0439398288726807,3.346379518508911,2.620089292526245,0.0009907716885209084,0.1794229087729525,0.0012708884896710515,0.2111920722821335,0.0006560033652931452,0.03278927426406295,0.0011141672730445862,0.13611192072282133,0.0015205276431515813,0.24331098805013116,0.0005881627439521253,0.0,0.0009192288853228092,0.012736811425240455,0.0011343916412442923,0.060448848732148064,0.0010023387148976326,0.02684348586417954,-1419.515723662848,1.488027572631836,2.4254121609765242,0.4736911703308823,-0.2506675585303387,Caravaggio_7.jpg,Caravaggio,Barroco,3
82.31717,67.176956,50.557922,50.9409,38.189167,26.888765,14.0,12.0,0.0,255.0,255.0,255.0,0.3354242,0.16882451,0.3252386,0.19881965,0.15448209643363953,0.16606810688972473,0.25005650520324707,0.25,0.12740828096866608,0.18594349920749664,1.865841269493103,1.603247880935669,3.4965250492095947,2.238668441772461,1.8916423320770264,1.7956947088241577,3.483240842819214,2.0775322914123535,0.001077465363778174,0.09932692307692308,0.001115304185077548,0.09036538461538461,0.0010630892356857657,0.08353846153846153,0.0013745432952418923,0.24494230769230768,0.0011413047323003411,0.10655769230769231,0.0009223679662682116,0.03001923076923077,0.0008529977058060467,0.00976923076923077,0.0010737762786448002,0.09523076923076923,0.001040925271809101,0.14025,-1417.1578245783048,1.063122272491455,1.0655768165192416,0.4902273425378534,-0.21037361152298611,Caravaggio_8.jpg,Caravaggio,Barroco,3
81.36152,52.2251,44.96614,37.95176,26.645718,20.238605,20.0,23.0,10.0,249.0,227.0,205.0,0.4080555,0.16728796,0.31950682,0.14896464,0.11273636668920517,0.09045718610286713,0.1274489462375641,0.25000024677148863,0.04747450724244118,0.06047794222831726,1.587390422821045,1.3008854389190674,3.002021074295044,1.5996092557907104,1.5246027708053589,0.9369296431541443,2.9970204830169678,1.5000416040420532,0.0006866438197903335,0.008890412422537217,0.0006336804945021868,0.0,0.0007728356868028641,0.0044207208490633235,0.0010597103973850608,0.16036131490846928,0.0009833051590248942,0.11815300235059477,0.0012468970380723476,0.19670204430514993,0.0007548925350420177,0.03419046940665289,0.0011192495003342628,0.1832306432082057,0.0010706641478464007,0.18854174086473396,-1419.5654257797273,1.0626535415649414,1.1888075887742409,0.5241187739714027,-0.6302730604208486,Caravaggio_9.jpg,Caravaggio,Barroco,3
128.20227,133.22386,127.94832,84.23797,81.986916,100.554985,0.0,0.0,0.0,255.0,255.0,255.0,0.3230918,0.27592638,0.559559,0.35106397,0.3310961127281189,0.17946258187294006,0.20475411415100098,0.25,0.11562010645866394,0.14108920097351074,3.396087884902954,2.290027618408203,6.5334248542785645,4.2232441902160645,3.501720428466797,2.2412240505218506,6.5438714027404785,4.228440761566162,0.0033457607496529818,0.3843298786429267,0.0032572741620242596,0.21994862255292763,0.003092418424785137,0.12854991584728498,0.0016988597344607115,0.07981220657276995,0.0018198158359155059,0.07238019310833554,0.002017999766394496,0.01595358313402427,0.0008676532306708395,0.0,0.0011956080561503768,0.0,0.0008768372354097664,0.0,-1418.146888806094,0.901279866695404,0.7230190702485861,0.5002840990629641,-0.20338243877710593,Claude_Monet_001.jpg,Claude_Monet,Impresionismo,4
79.24579,79.93081,69.08352,65.853,62.48471,39.742275,0.0,0.0,0.0,255.0,255.0,255.0,0.35627726,0.17329775,0.35576308,0.24635436,0.2347513884305954,0.46929609775543213,0.40417879819869995,0.24999977708684606,0.6010780334472656,0.5917076468467712,2.159123420715332,2.0622687339782715,3.9244725704193115,2.9276657104492188,2.3852763175964355,2.548549175262451,3.933711528778076,2.953303337097168,0.0016665032599121332,0.16372593212698822,0.0017857797211036086,0.22920825552192672,0.0015073145041242242,0.15607894906304334,0.0015089836670085788,0.20379612338205938,0.0012310856254771352,0.07086740936312705,0.0012608510442078114,0.062101551935089185,0.0006055793492123485,0.0036061562238392684,0.0006627242546528578,0.0028414579174447807,0.0006161252968013287,0.002253847639899543,-1419.2709670950842,1.0216443538665771,0.7130476321508598,0.4888325507819124,-0.3639305822966422,Claude_Monet_002.jpg,Claude_Monet,Impresionismo,4
97.547554,63.90166,48.09136,74.491325,61.811558,42.908325,0.0,0.0,0.0,247.0,236.0,195.0,0.62222856,0.1997221,0.38660258,0.28759477,0.2463548183441162,0.1899987906217575,0.2097231149673462,0.25,0.1150466725230217,0.12113302946090698,2.1144087314605713,2.089385747909546,3.693772315979004,3.148771047592163,2.114211320877075,1.9309344291687012,3.7034404277801514,3.1895816326141357,0.0014449763111770153,0.0672791519434629,0.0018847993342205882,0.3212279151943463,0.0021614364814013243,0.3009363957597173,0.0008581102010793984,0.01948763250883392,0.0005880788085050881,0.0035070671378091872,0.0011899732053279877,0.140547703180212,0.0008917021914385259,0.031130742049469966,0.0005520444829016924,0.01083922261484099,0.0004192592459730804,0.004911660777385159,-1419.5654257797273,0.5297757983207703,0.03507583215675082,0.5179018102225802,-0.3051681384708755,Claude_Monet_003.jpg,Claude_Monet,Impresionismo,4
117.08699,100.91933,70.49341,60.971653,64.064095,68.270454,0.0,0.0,0.0,255.0,251.0,242.0,0.49074686,0.25583163,0.4631335,0.23933649,0.2460620254278183,0.21481522917747498,0.2260303795337677,0.25,0.1661926656961441,0.219570130109787,2.672790765762329,1.8223928213119507,5.096601963043213,3.1694984436035156,2.7657248973846436,1.9658594131469727,5.095015525817871,3.1848201751708984,0.0020865267142653465,0.14882918912652873,0.003200937993824482,0.6187184837419579,0.002174125984311104,0.10644525589752507,0.0014053859049454331,0.00028255955486002434,0.0013915649615228176,0.02788645452964702,0.0008942654239945114,1.449023358256535e-05,0.0011643355246633291,0.0001159218686605228,0.0010385349160060287,0.00048542282501593925,0.0008210522937588394,4.347070074769605e-05,-1419.5654257797273,0.8834198713302612,0.27799308686011187,0.47673508807392756,-0.26433836911194614,Claude_Monet_004.jpg,Claude_Monet,Impresionismo,4
84.99047,78.72104,75.09007,71.30108,70.10795,72.05372,0.0,0.0,0.0,255.0,255.0,255.0,0.28360304,0.3265478,0.34437174,0.28211805,0.2757073938846588,0.2192927896976471,0.22578243911266327,0.25,0.15324246883392334,0.16995052993297577,2.2905797958374023,1.977164387702942,4.042927265167236,3.444074869155884,2.2436928749084473,2.17350172996521,4.0580363273620605,3.447502374649048,0.00012104427150916308,0.00011612667761575342,0.0007157200598157942,0.004114202292672406,0.001097034546546638,0.0,0.0007115782937034965,0.02750543306955988,0.0006939251907169819,0.019451218500638696,0.0014719682512804866,8.29476268683953e-06,0.0024373617488890886,0.39553575872194296,0.00252038543112576,0.4303986462947295,0.0013210985343903303,0.022188490187295743,-1419.549790001518,0.5631388425827026,0.19465963740915063,0.5190260466210621,-0.3837087246707901,Claude_Monet_005.jpg,Claude_Monet,Impresionismo,4
165.73653,178.67139,158.83955,58.80492,61.624397,71.22112,0.0,0.0,0.0,255.0,255.0,255.0,0.22611308,0.20002836,0.71151173,0.23758842,0.23984713852405548,0.26619958877563477,0.3099902868270874,0.25,0.17506548762321472,0.21807169914245605,4.491300106048584,1.79573655128479,8.593618392944336,3.0318071842193604,4.699683666229248,2.2823667526245117,8.668501853942871,3.2145943641662598,0.003415069542825222,0.3361082610453005,0.0033526746556162834,0.2384339147467587,0.0031490433029830456,0.0016634020458290582,0.0014526447048410773,0.04004601560799677,0.0027798160444945097,0.11783726642415197,0.00313038588501513,0.09046886173553462,0.0022036107257008553,0.013555949382831204,0.002397084841504693,0.03208655908963716,0.0019975195173174143,0.030765164941081367,-1419.562125943501,1.047759771347046,1.1771099064853299,0.5205589520124076,-0.2865069608356067,Claude_Monet_006.jpg,Claude_Monet,Impresionismo,4
146.40562,153.48497,143.6894,68.10002,68.59549,110.01418,0.0,0.0,0.0,255.0,255.0,255.0,0.42895204,0.28944415,0.6845633,0.32637718,0.2823907136917114,0.22036416828632355,0.2366359829902649,0.2499999013925346,0.13860689103603363,0.15845461189746857,3.9231560230255127,1.9554446935653687,7.499218463897705,3.6531808376312256,4.012527942657471,2.021383047103882,7.505630970001221,3.663837432861328,0.0029956058133393526,0.01183871747820026,0.003390273777768016,0.10897025562241283,0.003312828252092004,0.15147797265963953,0.001104443334043026,0.008616765530092888,0.0025533009320497513,0.29824748573948423,0.0029935541097074747,0.3110748374799073,0.001251651905477047,0.0,0.0016774043906480074,0.0003947424572184526,0.0015125521458685398,8.179348212634604e-05,-1419.38039061183,1.1052345037460327,3.0136065500264726,0.543617472107056,-0.3694681049699041,Claude_Monet_007.jpg,Claude_Monet,Impresionismo,4
153.43227,129.32414,103.925865,66.396866,69.479,75.89064,0.0,0.0,0.0,255.0,255.0,253.0,0.4182907,0.24665639,0.6017824,0.26027003,0.2697966992855072,0.26799625158309937,0.315171480178833,0.25,0.26878052949905396,0.34861159324645996,3.4546451568603516,1.8119585514068604,6.666131496429443,3.3948233127593994,3.5910584926605225,2.006418228149414,6.673048496246338,3.4028480052948,0.003299517324194312,0.516360169307889,0.0032095250207930803,0.15642922150152405,0.003218515310436487,0.11186310908224145,0.001808334607630968,0.09095965213874001,0.0012929185759276152,0.007071349118067694,0.0014262311160564423,0.012994236019820003,0.0014300048351287842,4.3338196842090056e-05,0.0014134496450424194,0.0003033673778946304,0.001401855144649744,0.0001516836889473152,-1419.5654257797273,0.6289723515510559,0.07101520983896885,0.4878570958483131,-0.28299088584869725,Claude_Monet_008.jpg,Claude_Monet,Impresionismo,4
121.65872,104.62637,86.08293,52.722687,44.246048,37.146244,0.0,0.0,0.0,255.0,255.0,237.0,0.29537532,0.21538667,0.47886065,0.2064169,0.17476923763751984,0.20831041038036346,0.22242175042629242,0.25,0.17110207676887512,0.2162000983953476,2.7562692165374756,1.2191662788391113,5.3611907958984375,2.166134834289551,3.0336737632751465,1.9149434566497803,5.3828349113464355,2.261977434158325,0.001802746090106666,0.005851656702806769,0.0018023632001131773,0.011019353531259499,0.001539077959023416,3.3775796264396935e-05,0.0010670124320313334,0.05037660012834803,0.001922652474604547,0.2948795892863174,0.0019685777369886637,0.19872834127064545,0.0011183040915057063,0.0374235822609518,0.0020464330445975065,0.26823048603370825,0.0016211135080084205,0.03313405613537339,-1419.5654257797273,1.1622408628463745,2.9498528213739923,0.5310016060925454,-0.28740525156999114,Claude_Monet_009.jpg,Claude_Monet,Impresionismo,4
160.16116,132.92938,107.45957,38.548107,34.239,38.66984,0.0,0.0,0.0,255.0,255.0,254.0,0.3698115,0.17436099,0.63967985,0.14339466,0.1343325972557068,0.2200784981250763,0.2289157211780548,0.25,0.21225160360336304,0.2582881450653076,3.512827157974243,1.0168112516403198,6.877615928649902,1.70100736618042,3.674070358276367,1.616074800491333,6.886261940002441,1.699341893196106,0.0025344917085021734,0.33314187726833816,0.0021451981738209724,0.026395964439116973,0.0021433434449136257,0.03328005860220424,0.001837697927840054,0.2211567275996404,0.002227679593488574,0.1338610861385809,0.0019949362613260746,0.037475443678620185,0.0021281028166413307,0.038232943761861954,0.001984219066798687,0.0182132987047581,0.002118203090503812,0.05067758798654813,-1419.5654257797273,1.0489251613616943,1.3499578901633924,0.49406164742201186,-0.2909080789510122,Claude_Monet_010.jpg,Claude_Monet,Impresionismo,4
125.38328,123.65092,98.16009,79.0983,76.84138,58.035263,0.0,0.0,0.0,255.0,255.0,246.0,0.33576417,0.19218037,0.520663,0.2894912,0.29243624210357666,0.29344674944877625,0.2840850353240967,0.25,0.24531444907188416,0.2956356108188629,3.2239797115325928,2.1041767597198486,6.037654876708984,3.76821231842041,3.2499921321868896,2.416512966156006,6.045520305633545,3.8002820014953613,0.0026755917351692915,0.2457943925233645,0.0022396426647901535,0.24105919003115264,0.0009831404313445091,0.0008878504672897196,0.0010556610068306327,0.08666666666666667,0.0013280212879180908,0.06174454828660436,0.00106017233338207,0.00021806853582554517,0.0016868497477844357,0.00895638629283489,0.0028495353180915117,0.1453582554517134,0.0028874296694993973,0.10845794392523364,-1419.5654257797273,0.7128769755363464,0.6180337189952563,0.492632355643176,-0.24050667640540574,Claude_Monet_011.jpg,Claude_Monet,Impresionismo,4
121.654465,134.1219,119.421555,69.89584,60.93171,46.838924,0.0,0.0,0.0,255.0,255.0,255.0,0.30729488,0.19423218,0.55744505,0.21974877,0.2400420606136322,0.4020747244358063,0.32414698600769043,0.25,0.3580775856971741,0.34250447154045105,3.460287570953369,2.1247782707214355,6.411510467529297,3.175602912902832,3.4657657146453857,2.268855094909668,6.4244160652160645,3.273482084274292,0.0021443201694637537,0.04872940167057814,0.002291439799591899,0.12791783380018673,0.001872141845524311,0.04835087188028365,0.0014379714848473668,0.03675271910566028,0.002892326097935438,0.5063063063063064,0.0014955305960029364,0.012380447674565321,0.001464466447941959,0.017089358265828854,0.00232838187366724,0.04006864006864007,0.0018914820393547416,0.06315391021273374,-1419.5298605929606,1.4609224796295166,5.058849721464857,0.5008885264743659,-0.611542064087191,Claude_Monet_012.jpg,Claude_Monet,Impresionismo,4
173.41978,146.15886,102.22268,69.060036,53.066418,41.69762,0.0,0.0,0.0,255.0,255.0,255.0,0.39384618,0.15614465,0.6860123,0.26218146,0.21703091263771057,0.31745773553848267,0.28666502237319946,0.25,0.28830093145370483,0.3109363913536072,3.755064010620117,1.508030652999878,7.419216156005859,2.7734575271606445,3.9752039909362793,2.18442964553833,7.417517185211182,2.7170469760894775,0.0029203169979155064,0.30432721526680445,0.0030322549864649773,0.3901057493618573,0.0024429752957075834,0.14223896924759938,0.0027489156927913427,0.01691989789716786,0.0021863458678126335,0.013613710951744257,0.0012088831281289458,0.0005105141606904097,0.0025933992583304644,0.012495441837850979,0.0019417207222431898,0.010805883067947004,0.0015870375791564584,0.010757262671690774,-1419.457415372071,0.9523361325263977,0.13586918537766773,0.445758424601201,-0.18627997743745495,Claude_Monet_013.jpg,Claude_Monet,Impresionismo,4
74.6557,75.79947,70.92653,61.433918,59.47043,43.89448,0.0,0.0,0.0,255.0,255.0,255.0,0.2831233,0.15674044,0.33184987,0.23152064,0.22616635262966156,0.3613858222961426,0.33176615834236145,0.25,0.5204663872718811,0.5048152208328247,2.0300755500793457,1.8820432424545288,3.757265567779541,2.908722400665283,2.055077075958252,1.9478636980056763,3.7683167457580566,2.9466071128845215,0.0006100994651205838,0.0009661748096000581,0.000719547679182142,0.0014311180865202737,0.000812880985904485,0.0003719546215361726,0.0009383801370859146,0.019173807136992703,0.001262402511201799,0.10812085803580744,0.0013748829951509833,0.14478333643295518,0.001252656802535057,0.08440421488090648,0.001568690175190568,0.24941825389985348,0.0018235374009236693,0.29170541193974336,-1417.3951193309406,1.0963464975357056,1.080758000526666,0.5397499781136812,-0.9559340250231494,Claude_Monet_014.jpg,Claude_Monet,Impresionismo,4
121.761,109.71904,110.31263,68.29062,70.021576,71.9986,0.0,0.0,0.0,254.0,254.0,255.0,0.259637,0.17297842,0.5035425,0.28663796,0.27107933163642883,0.2496163547039032,0.2915310263633728,0.25,0.1706586480140686,0.1812446117401123,3.4914281368255615,2.4480204582214355,5.736753463745117,3.47776198387146,3.138612985610962,2.1131093502044678,5.750045299530029,3.544504165649414,0.0014361209468916059,0.16971841971841972,0.0029722242616117,0.2726200226200226,0.001575771952047944,0.004602004602004602,0.0009060294250957668,0.002535002535002535,0.0018206804525107145,0.16085566085566086,0.0012371072079986334,0.0026715026715026717,0.001104410388506949,2.925002925002925e-05,0.002103329636156559,0.21996996996996998,0.002539109904319048,0.0678990678990679,-1419.5654257797273,1.0440430641174316,1.6069478914139577,0.544531691768814,-0.31934852805442926,Claude_Monet_015.jpg,Claude_Monet,Impresionismo,4
122.28979,125.41038,104.28275,69.49258,66.413574,75.1534,0.0,0.0,0.0,255.0,255.0,255.0,0.28798065,0.22434808,0.50611,0.2625621,0.2663898169994354,0.33517906069755554,0.3331648111343384,0.25,0.33617985248565674,0.3760311007499695,3.297454833984375,2.096808433532715,6.107408046722412,3.436594009399414,3.435715436935425,2.2804291248321533,6.126338958740234,3.483442783355713,0.0013381906319409609,0.012383167506568463,0.0029628395568579435,0.3179279550903792,0.0033353480976074934,0.4443726579661455,0.0009532349649816751,0.0004378975176235804,0.0014001668896526098,0.02043043172388049,0.0018766522407531738,0.04986288782644901,0.0012312588514760137,0.0010480825831646352,0.0015835855156183243,0.026998894488234195,0.0022076743189245462,0.02216766449871502,-1418.7134879567354,0.7461347579956055,0.20530123054191965,0.5825616393610953,-0.3104693670825825,Claude_Monet_016.jpg,Claude_Monet,Impresionismo,4
172.47711,140.63586,83.19866,52.99939,49.78836,37.674274,0.0,0.0,0.0,255.0,255.0,225.0,0.5461453,0.13843876,0.67680866,0.20691907,0.1917579174041748,0.21465575695037842,0.2573070228099823,0.25,0.18210124969482422,0.24968041479587555,3.6508686542510986,1.391669511795044,7.147818565368652,2.4201533794403076,3.8454349040985107,1.9341957569122314,7.166503429412842,2.529557943344116,0.0020293407142162323,0.0,0.0022133991587907076,3.143863179074447e-05,0.0023077286314219236,0.00024102951039570758,0.0016030145343393087,0.1016934942991281,0.002794592874124646,0.35950075452716296,0.002617103746160865,0.08024186787391013,0.0015640617348253727,0.0031333836351441985,0.0024442956782877445,0.30443075117370894,0.0023077719379216433,0.05329896042924212,-1419.5654257797273,1.2650686502456665,3.584764002153485,0.538271830455988,-0.23332525332092394,Claude_Monet_017.jpg,Claude_Monet,Impresionismo,4
180.61676,177.11606,161.17262,39.331337,42.4721,51.635445,1.0,1.0,0.0,255.0,255.0,255.0,0.15033177,0.17821828,0.7172904,0.15460487,0.1651025265455246,0.2204282581806183,0.22358061373233795,0.25,0.20148228108882904,0.22088167071342468,4.426171779632568,1.2917121648788452,8.757942199707031,2.272876501083374,4.547928333282471,1.8924790620803833,8.75641918182373,2.1411657333374023,0.0028311251662671566,0.006009615384615385,0.0029167188331484795,0.036766194331983804,0.0027500640135258436,0.003397014170040486,0.0028555141761898994,0.09764359817813766,0.0024444565642625093,0.03697811234817814,0.0017955938819795847,0.001489752024291498,0.0029315603896975517,0.19922507591093117,0.0030205738730728626,0.36661184210526315,0.0028526836540549994,0.1518787955465587,-1408.0456060945871,0.9017036557197571,0.3697810865036728,0.4812574701006862,-0.4475739351001092,Claude_Monet_018.jpg,Claude_Monet,Impresionismo,4
116.245056,113.34142,94.51131,64.2216,66.12457,55.103134,0.0,0.0,0.0,255.0,252.0,228.0,0.33795014,0.19591938,0.49909252,0.24746689,0.24610397219657898,0.22015583515167236,0.22310103476047516,0.25,0.17632067203521729,0.19749806821346283,2.9143824577331543,1.8183891773223877,5.5810065269470215,3.1777424812316895,2.9594054222106934,1.9692429304122925,5.591432571411133,3.2656424045562744,0.0022061201743781567,0.0004792671459338126,0.002998859155923128,0.38722358722358724,0.0017299809260293841,0.0012982679649346316,0.0010781673481687903,8.19000819000819e-05,0.002207821235060692,0.4153668820335487,0.0006542649352923036,0.003215336548669882,0.0015959313604980707,0.01294021294021294,0.0017696820432320237,0.052367519034185704,0.001267202547751367,0.02778536111869445,-1419.5654257797273,1.2812894582748413,4.150171498059176,0.4780167367594527,-0.4666855422189188,Claude_Monet_019.jpg,Claude_Monet,Impresionismo,4
146.59789,109.460785,53.43467,68.65546,49.926247,35.04185,0.0,0.0,0.0,255.0,255.0,255.0,0.6572085,0.15538457,0.5851569,0.25217688,0.20510128140449524,0.4047485589981079,0.3367215096950531,0.25,0.4032011330127716,0.3853558599948883,3.161747455596924,1.8918339014053345,5.712612152099609,2.65093994140625,3.1571707725524902,1.866814136505127,5.759844779968262,2.7084381580352783,0.0015807774616405368,0.06704225352112676,0.002097377786412835,0.1523356807511737,0.002162833698093891,0.050669014084507046,0.0011601143050938845,0.028955399061032863,0.0016547517152503133,0.16929577464788734,0.002179892500862479,0.27082159624413144,0.0017735231667757034,0.07017605633802818,0.0018466876354068518,0.04543427230046948,0.0013471167767420411,0.04519953051643193,-1419.3030586058217,0.9423913359642029,1.693090056830027,0.524954635985958,-0.40560156936960606,Claude_Monet_020.jpg,Claude_Monet,Impresionismo,4
142.454,142.38795,127.16424,53.57298,60.447094,72.653435,0.0,0.0,0.0,255.0,255.0,255.0,0.2851038,0.17718711,0.61635226,0.25886837,0.2274492084980011,0.3264094591140747,0.37218454480171204,0.25,0.28803619742393494,0.3701172173023224,4.038272857666016,2.3594706058502197,7.037631511688232,2.9462995529174805,3.714205265045166,1.8948032855987549,7.0474534034729,2.993499755859375,0.001846839557401836,0.1348006833712984,0.003090124111622572,0.22321753986332574,0.002184706274420023,0.0166002277904328,0.0016382982721552253,0.010894077448747153,0.0022576015908271074,0.2627847380410023,0.0017905881395563483,0.007972665148063782,0.0017171773361042142,0.0026252847380410023,0.0022921585477888584,0.16708428246013668,0.0026561187114566565,0.07450455580865603,-1419.2998126272025,1.0433770418167114,2.626434520106428,0.5268096999133309,-0.4144273614969373,Claude_Monet_021.jpg,Claude_Monet,Impresionismo,4
114.49818,91.82983,76.6884,59.83957,57.32908,60.310318,0.0,0.0,0.0,255.0,254.0,241.0,0.43207964,0.19070698,0.4657173,0.24937013,0.22408898174762726,0.2663740813732147,0.30003705620765686,0.25,0.26340389251708984,0.32438647747039795,2.8644509315490723,2.032956600189209,4.864637851715088,2.863060235977173,2.6204044818878174,1.781601071357727,4.886850357055664,2.9145798683166504,0.0011568868067115545,0.15764660758947477,0.0024645046796649694,0.26332233293646673,0.001492320210672915,0.00409118876201587,0.0007929372368380427,0.0038674518765931267,0.0014722017804160714,0.11545622348118613,0.001269074622541666,0.009237137126738956,0.0008987425826489925,0.00010387783966055918,0.0016115166945382953,0.1585655269403182,0.0022502017673105,0.18901771516696364,-1419.5654257797273,0.9881671071052551,1.1528865120640277,0.5602220714094509,-0.3518641793602514,Claude_Monet_022.jpg,Claude_Monet,Impresionismo,4
116.99102,111.56963,115.60898,68.53751,65.7542,72.5273,0.0,0.0,0.0,255.0,255.0,255.0,0.14874,0.15821166,0.4900636,0.2892538,0.26232659816741943,0.26738667488098145,0.23639562726020813,0.25,0.18272314965724945,0.2136564701795578,3.1355624198913574,1.9095180034637451,5.6863908767700195,3.3279571533203125,3.1022188663482666,2.1996920108795166,5.722469329833984,3.392477512359619,0.001786858425475657,0.033865150681582,0.0029025888070464134,0.38793121013916904,0.0029072135221213102,0.4274099883855981,0.0011285892687737942,0.007987448295535587,0.00118954514618963,0.012836970474967908,0.0013173340121284127,0.02367707887605192,0.0015280877705663443,0.00044827515944332376,0.001609165919944644,0.0022311877254110888,0.0013465817319229245,0.005094035902765043,-1415.9662188632437,0.6812081933021545,0.12815875037140662,0.5332406319379281,-0.24407373253696624,Claude_Monet_023.jpg,Claude_Monet,Impresionismo,4
133.64114,137.05566,115.87521,54.40423,65.82562,90.39884,0.0,0.0,0.0,255.0,255.0,255.0,0.44530654,0.28563148,0.60279894,0.2553274,0.24743333458900452,0.21770721673965454,0.22624024748802185,0.25,0.18379484117031097,0.22421202063560486,3.4966325759887695,1.8225586414337158,6.654956340789795,3.1681323051452637,3.468031883239746,1.842317819595337,6.657644748687744,3.187833070755005,0.0026078105438500643,0.21525992940612043,0.0029836841858923435,0.2151485555669785,0.003018902847543359,0.07631678146739317,0.0010603219270706177,0.025967238956855487,0.0024733636528253555,0.30649223810013365,0.0021089264191687107,0.06060450292998869,0.0014501868281513453,2.5701655186594018e-05,0.0013384134508669376,0.0010280662074637606,0.0014574023662135005,0.0014735615640313904,-1419.5434694431144,1.2033164501190186,3.057053302113195,0.5296052197507113,-0.24064739432539814,Claude_Monet_024.jpg,Claude_Monet,Impresionismo,4
157.97499,190.10944,192.16098,46.017334,52.481186,55.674187,0.0,0.0,0.0,220.0,249.0,255.0,0.22747296,0.14606099,0.77301556,0.20958203,0.19815021753311157,0.20346426963806152,0.27673330903053284,0.25,0.23408658802509308,0.29982590675354004,4.6595635414123535,1.4508992433547974,9.036465644836426,2.4952259063720703,4.715831756591797,1.5769739151000977,9.037046432495117,2.530900001525879,0.0030249443370848894,0.0016307876346422236,0.0031823045574128628,0.15927529637903798,0.0029436652548611164,0.028965651215933665,0.002474781358614564,0.06695942457223776,0.002518673427402973,0.052210765243263416,0.0020502677652984858,0.024466926706575805,0.002978587057441473,0.18032217002111334,0.0029901263769716024,0.23207283843955606,0.002857722109183669,0.1549503862257235,-1419.5654257797273,0.9059555530548096,0.5216125051329727,0.492330970085533,-0.38218167315914675,Claude_Monet_025.jpg,Claude_Monet,Impresionismo,4
175.79597,163.6115,130.96428,53.94667,47.511005,64.90015,0.0,4.0,0.0,255.0,255.0,255.0,0.3866751,0.19266453,0.75269794,0.21162261,0.18230009078979492,0.21285994350910187,0.2106228917837143,0.25,0.14152468740940094,0.16953572630882263,4.164999485015869,1.5143109560012817,8.12913990020752,2.3776090145111084,4.243117809295654,1.909584641456604,8.130057334899902,2.472443103790283,0.002552933059632778,0.12564050010248,0.00297730159945786,0.14757122361139577,0.00309013482183218,0.1629011829872662,0.0018933252431452274,0.010694709403461197,0.0019677833188325167,0.03173727277027134,0.0026256481651216745,0.1850421219144318,0.0023175342939794064,0.027958650627230255,0.0025326593313366175,0.11097271929409662,0.002673231065273285,0.09368775652850259,-1419.5441528604244,0.7825694680213928,0.318716213133638,0.5245172806510923,-0.3633792113780728,Claude_Monet_026.jpg,Claude_Monet,Impresionismo,4
85.36831,70.63923,39.30874,47.83953,42.695927,31.350338,0.0,0.0,0.0,255.0,255.0,248.0,0.5673648,0.21853961,0.33708307,0.18738188,0.1645786315202713,0.38798215985298157,0.29519763588905334,0.25,0.3375011384487152,0.30363011360168457,2.163670778274536,1.724142074584961,3.682339906692505,2.29789662361145,2.456693410873413,2.182708263397217,3.7189533710479736,2.3893110752105713,0.00085282331565395,0.02986715181837133,0.0009832530049607158,0.05935527886747399,0.0009064698242582381,0.10840108401084012,0.0009120171307586133,0.10473875717778157,0.0010244529694318771,0.11673962893475089,0.0010136988712474704,0.10534045899899558,0.00135696679353714,0.11010669547254913,0.0014616549015045166,0.13107150302272252,0.0013771705562248826,0.13244073000170561,-1419.5654257797273,0.932394802570343,1.1699163172961997,0.5062770964929317,-0.46042526309375564,Claude_Monet_027.jpg,Claude_Monet,Impresionismo,4
171.20966,157.25587,145.843,49.622143,50.914726,59.92294,0.0,0.0,0.0,255.0,255.0,255.0,0.24775928,0.20339343,0.6930498,0.19467711,0.19547425210475922,0.5993839502334595,0.4921141266822815,0.25,0.5571231842041016,0.6140991449356079,4.201833248138428,2.0183465480804443,7.969433307647705,2.700655698776245,4.133831024169922,1.9546400308609009,7.973544597625732,2.809931516647339,0.0027132979594171047,0.07696850393700787,0.0030835045035928488,0.26149606299212597,0.002864908892661333,0.056377952755905514,0.001836314215324819,0.02716535433070866,0.0022488334216177464,0.08100393700787402,0.002005744492635131,0.049498031496062994,0.0024901144206523895,0.10211614173228346,0.0023561441339552402,0.13601377952755905,0.002563406014814973,0.10933070866141732,-1419.2871914552766,0.9132378101348877,0.8100658660362625,0.5032894955078162,-0.25741389741533593,Claude_Monet_028.jpg,Claude_Monet,Impresionismo,4
193.3368,168.01732,141.25826,51.099392,63.93005,76.98423,11.0,0.0,0.0,255.0,255.0,255.0,0.33403015,0.27140495,0.7661432,0.2004914,0.23439879715442657,0.25641709566116333,0.240059033036232,0.25,0.2326323240995407,0.24234135448932648,4.3158087730407715,1.574385166168213,8.568490982055664,2.9399030208587646,4.513688087463379,2.129183530807495,8.570887565612793,2.9220757484436035,0.0032836657483130693,0.059169969953025155,0.003402296919375658,0.16206322560622946,0.0031967710237950087,0.15901620843854478,0.0031953933648765087,0.09476787653937846,0.0029332232661545277,0.1878641256048188,0.002990312874317169,0.23447220302162536,0.0015159742906689644,0.0015869881081691094,0.0016706915339455009,7.053280480751598e-06,0.0017015400808304548,3.526640240375799e-05,-1419.5544722286668,1.1050254106521606,1.8807665076683855,0.4972298642956206,-0.23877560545847212,Claude_Monet_029.jpg,Claude_Monet,Impresionismo,4
91.465614,95.98741,79.087975,66.754944,63.94302,45.997467,0.0,0.0,0.0,255.0,255.0,255.0,0.27883065,0.14390156,0.39688972,0.25162214,0.24377034604549408,0.3583128750324249,0.3903355598449707,0.2500002151031678,0.21876904368400574,0.26273176074028015,2.8079261779785156,2.478299617767334,4.77352237701416,3.5242676734924316,2.8806889057159424,2.5893681049346924,4.739716529846191,3.421539783477783,0.001334002474322915,0.026397190501662907,0.0013295456301420927,0.028199641835476894,0.0008550632046535611,0.01292338225147491,0.0015468518249690533,0.08890542751044647,0.0012754159979522228,0.03459543689094588,0.0010738169075921178,0.04655751176438666,0.0022086543031036854,0.2738253056414789,0.002159002237021923,0.33280228853175803,0.001054080086760223,0.0567403927405788,-1418.1254917688473,0.8942253589630127,0.34559085814075813,0.44300891270888965,-0.5090750795806265,Claude_Monet_030.jpg,Claude_Monet,Impresionismo,4
104.21701,97.74679,81.83115,49.197594,49.75357,51.066998,0.0,0.0,0.0,255.0,255.0,255.0,0.28373057,0.17969899,0.41599497,0.19613953,0.1931372582912445,0.3085610270500183,0.2732588052749634,0.2500004593418183,0.3641897737979889,0.379198282957077,2.583489418029785,1.6329905986785889,4.8885931968688965,2.5496535301208496,2.609917163848877,1.7837263345718384,4.887393951416016,2.5581002235412598,0.0012896304251626134,0.0004464802473831297,0.0012262312229722738,0.006779885238040117,0.0013068071566522121,0.00481206488846262,0.001045966986566782,0.011798653944735667,0.0017103522550314665,0.1163246407487639,0.0012502694735303521,0.0639706976667273,0.0014202598249539733,0.03218791857523192,0.0023389526177197695,0.36333570353711575,0.0019573525059968233,0.30029103897607196,-1419.16679837251,1.1363701820373535,1.1633146891189925,0.5164239645452194,-0.42772285602260113,Claude_Monet_031.jpg,Claude_Monet,Impresionismo,4
106.68117,97.409584,73.656525,62.288887,62.247574,55.818535,0.0,0.0,0.0,255.0,255.0,255.0,0.3626107,0.23582909,0.42393824,0.24616751,0.2378060668706894,0.48508620262145996,0.4039587676525116,0.2499999120495309,0.7050438523292542,0.6600286364555359,2.6688461303710938,2.2400734424591064,4.887977600097656,2.942756175994873,2.6634743213653564,2.0306448936462402,4.873083114624023,2.8573687076568604,0.0010875503066927195,0.028991848420572036,0.001688930206000805,0.07998123012438213,0.0013474429724738002,0.03067860075650208,0.0014191759983077645,0.19112933141829871,0.001945504336617887,0.1632440178947936,0.0020268396474421024,0.19485477125799383,0.001174840028397739,0.08114800617630366,0.0014113752404227853,0.057105444215105314,0.0013729678466916084,0.0673559523016877,-1412.4253549891607,1.2994364500045776,1.6424972028889104,0.5265715949371964,-0.68179907626106,Claude_Monet_032.jpg,Claude_Monet,Impresionismo,4
167.67497,162.56982,158.37968,46.58427,54.384598,56.783863,0.0,0.0,0.0,255.0,255.0,255.0,0.1928778,0.17794852,0.69720423,0.18633088,0.1983749121427536,0.2547329068183899,0.2903735935688019,0.25,0.21303391456604004,0.2929583191871643,4.16082763671875,1.4714566469192505,8.152743339538574,2.565225839614868,4.261242866516113,1.5960053205490112,8.154608726501465,2.5096333026885986,0.0031041009351611137,0.27561113809292537,0.0030712427105754614,0.14342723004694835,0.0024982562754303217,0.04714262587016351,0.002701954683288932,0.03153634450380444,0.0024179972242563963,0.002889752306945119,0.0018771457253023982,0.009664885866925692,0.0022420187015086412,0.07425125465436296,0.0021160359028726816,0.03725918730775457,0.002605314599350095,0.27548162538449084,-1419.5530045791727,0.9614661335945129,0.028985635083360255,0.48250439285790375,-0.29304028902891227,Claude_Monet_033.jpg,Claude_Monet,Impresionismo,4
95.83387,95.219955,82.00482,50.526257,46.6947,42.166103,0.0,0.0,0.0,255.0,255.0,255.0,0.2906482,0.1743032,0.40965894,0.1893636,0.1808525025844574,0.43929287791252136,0.4081840217113495,0.25,0.4528527557849884,0.5035046935081482,2.782796859741211,2.2430169582366943,4.7122697830200195,2.421358346939087,2.647599935531616,2.0047311782836914,4.761473655700684,2.6577305793762207,0.0011206994531676173,0.056031943663480334,0.0013113182503730059,0.1333105738078025,0.0012104071211069822,0.09126235038958952,0.0013325723120942712,0.07702091198757598,0.0015426203608512878,0.1285511553806196,0.001685223076492548,0.10375666050820681,0.0015470610233023763,0.1045632848689319,0.0015777407679706812,0.12058866843387689,0.001665451331064105,0.08433743004792889,-1419.3369039923614,1.068528175354004,1.286336139452926,0.516207036904568,-0.7125394705225911,Claude_Monet_034.jpg,Claude_Monet,Impresionismo,4
89.213554,88.1132,69.38751,42.847797,35.085766,40.213684,0.0,0.0,0.0,255.0,255.0,255.0,0.35317993,0.16652122,0.39269382,0.17429061,0.14117267727851868,0.2666372060775757,0.23134233057498932,0.25,0.2174784392118454,0.20205925405025482,2.331939220428467,1.5009561777114868,4.329843521118164,2.0426223278045654,2.4243597984313965,1.7031258344650269,4.352354049682617,2.1236400604248047,0.0014303848147392273,0.2791393194619001,0.0010108889546245337,0.07589431178140855,0.0012448562774807215,0.13833321696224923,0.0013833798002451658,0.06817309035050971,0.0012040334986522794,0.0776107852720756,0.0013725943863391876,0.11392438206954336,0.0013745888136327267,0.01865428478331704,0.0014701910549774766,0.07055578829772378,0.0014466681750491261,0.05266373411534702,-1419.5629038452166,0.9077395796775818,0.7804881228246439,0.49363898773948267,-0.5506358586095246,Claude_Monet_035.jpg,Claude_Monet,Impresionismo,4
117.644905,113.605995,103.84062,38.84924,44.244186,42.859474,0.0,0.0,0.0,255.0,255.0,246.0,0.19295289,0.18739308,0.47584146,0.15708269,0.1640845686197281,0.3236924707889557,0.366830050945282,0.25,0.35217997431755066,0.39350101351737976,2.9521217346191406,1.278880000114441,5.687602519989014,2.1568667888641357,3.3416266441345215,2.1097116470336914,5.682540416717529,2.095595121383667,0.0019075404852628708,0.01545751126301072,0.0019324932945892215,0.03381890751783559,0.0019655816722661257,0.023374481662504033,0.0020660285372287035,0.16379464872551713,0.0018750971648842096,0.20913349505861545,0.0013820361346006393,0.04351047430121533,0.0019360203295946121,0.3224387853873639,0.0014522116398438811,0.05869313225224364,0.0012279447400942445,0.031990535485952605,-1419.5654257797273,1.0718213319778442,2.0862073735485347,0.4674778955322045,-0.31364670915892257,Claude_Monet_036.jpg,Claude_Monet,Impresionismo,4
112.29134,100.61401,75.540215,49.42992,50.72155,45.56988,10.0,14.0,0.0,255.0,254.0,232.0,0.34408483,0.16145314,0.44286886,0.19468269,0.19324883818626404,0.18207071721553802,0.19000008702278137,0.25,0.1741771101951599,0.21394886076450348,2.612675189971924,1.5211780071258545,5.031670093536377,2.491288900375366,2.6358580589294434,1.722062587738037,5.032839775085449,2.554818868637085,0.0018236292526125908,0.24669003398441855,0.002160863019526005,0.348105162625866,0.0012520665768533945,0.0,0.0010803445475175977,0.0022155319943181545,0.001901489682495594,0.26327985999001313,0.0010461154161021113,4.847991234831848e-05,0.0017967384774237871,0.030144809498184426,0.001746701542288065,0.008668208327879344,0.0012077443534508348,0.0013428935720484218,-1419.5654257797273,1.221009612083435,2.631351152383206,0.46744994902773135,-0.39572824952730484,Claude_Monet_037.jpg,Claude_Monet,Impresionismo,4
65.72265,63.155197,48.360134,62.724678,60.596497,49.323242,0.0,0.0,0.0,255.0,255.0,255.0,0.333621,0.20223555,0.27380022,0.25348797,0.23169119656085968,0.2697993516921997,0.33756357431411743,0.25,0.32572272419929504,0.46841272711753845,1.7229446172714233,1.7033416032791138,3.147899627685547,2.938045024871826,1.8935049772262573,2.0860750675201416,3.148590564727783,2.9851181507110596,0.000574536737985909,0.012918924581670651,0.001486504916101694,0.21597889543909105,0.0005317360046319664,0.003271397415262712,0.00021843842114321887,0.00016190321996933363,0.0008416145574301481,0.1151655698517157,0.00038816058076918125,0.0018237921543604347,0.001507034758105874,0.1705888515347473,0.0019396813586354256,0.31048275730707325,0.0011226770002394915,0.07139455814706526,-1419.4747183847867,0.8796880841255188,1.1493738853008901,0.48308901091267714,-0.4842111174350347,Claude_Monet_038.jpg,Claude_Monet,Impresionismo,4
141.58032,158.72943,164.29387,50.33648,51.78889,51.43012,0.0,2.0,18.0,255.0,255.0,255.0,0.20477341,0.13014823,0.67120796,0.19984876,0.19732020795345306,0.24577821791172028,0.2680650055408478,0.25,0.21883340179920197,0.23267768323421478,3.917097330093384,1.5189679861068726,7.667603015899658,2.5733838081359863,4.154186725616455,2.2198219299316406,7.672972202301025,2.6092114448547363,0.0028216226492077112,0.06179342723004695,0.002692203037440777,0.17382159624413146,0.002733107190579176,0.04463849765258216,0.0022583960089832544,0.12456338028169014,0.003104087896645069,0.4169765258215962,0.0022702370770275593,0.03345539906103286,0.0015057162381708622,0.00812206572769953,0.001956363208591938,0.020892018779342724,0.0020055407658219337,0.017014084507042254,-1415.1941309212716,1.3086763620376587,4.16385681338354,0.5060761649278562,-0.24027119061561142,Claude_Monet_039.jpg,Claude_Monet,Impresionismo,4
92.499016,93.097305,82.45741,49.43907,47.479717,30.956081,0.0,0.0,0.0,255.0,255.0,255.0,0.24596417,0.12507784,0.39316085,0.17732456,0.17936165630817413,0.2674301266670227,0.26438215374946594,0.25,0.20269756019115448,0.2166842371225357,2.490459442138672,1.8157992362976074,4.597427845001221,2.438988208770752,2.472564220428467,1.9004276990890503,4.582311153411865,2.3851542472839355,0.0009615597082301974,0.048830907478804905,0.0007223034044727683,0.03984976638074459,0.0008600414148531854,0.018335873755940105,0.0016394497361034155,0.1398328302300328,0.0015491506783291698,0.09991830797891947,0.0013533857418224216,0.09110652838797732,0.0016433133278042078,0.014002211662034131,0.0018043718300759792,0.07420524622174403,0.0021313438192009926,0.3623638881417058,-1418.9299034704406,1.1008563041687012,1.0121775840418321,0.5055743801304068,-0.7268827735269523,Claude_Monet_040.jpg,Claude_Monet,Impresionismo,4
85.32019,89.63856,77.00519,54.51682,54.9851,68.58335,0.0,0.0,0.0,255.0,255.0,255.0,0.40911555,0.20558101,0.39535227,0.2488088,0.21580436825752258,0.28973090648651123,0.2846238911151886,0.25,0.2707260549068451,0.3259029686450958,2.392793893814087,1.7707653045654297,4.355372905731201,2.9421050548553467,2.438988208770752,1.8551135063171387,4.359865665435791,2.9140584468841553,0.0012490723747760057,0.07419565904065702,0.002243995200842619,0.32224403230901133,0.0025731457863003016,0.4947430170118677,0.0008500374970026314,0.00032715130183655973,0.0009806876769289374,0.001669599747303822,0.0014413489261642098,0.0041063128920175085,0.0008656455320306122,9.024863498939579e-05,0.0010876917513087392,0.00015793511123144262,0.0007306476472876966,0.0005527728893100492,-1419.5565295780848,0.7341476082801819,0.016731564709411458,0.5539136159109231,-0.2954214377241206,Claude_Monet_041.jpg,Claude_Monet,Impresionismo,4
124.68906,111.747856,76.81539,62.321293,62.79947,50.883377,0.0,0.0,0.0,255.0,255.0,255.0,0.40840998,0.17279322,0.5038963,0.25516203,0.2300180196762085,0.37545597553253174,0.4496011435985565,0.25,0.3194090723991394,0.3929256498813629,3.311938762664795,2.5693581104278564,5.7739105224609375,3.5414161682128906,3.16890811920166,2.294689178466797,5.650630474090576,3.0745043754577637,0.0009451093501411378,0.051275094953879545,0.0012149655958637595,0.05185644523680335,0.0016616920474916697,0.05908456708782265,0.0018239297205582261,0.21883962483528407,0.002152036176994443,0.2218238896209596,0.0022412214893847704,0.12297496318114874,0.0015786619624122977,0.030230214712037826,0.0019655025098472834,0.13103635377102552,0.001881742151454091,0.01806061545616619,-1419.5507831897328,1.252401351928711,2.2055402315659514,0.5285486131679178,-0.30408803384707345,Claude_Monet_042.jpg,Claude_Monet,Impresionismo,4
117.93775,115.41734,96.657845,66.74725,66.40811,60.39481,0.0,0.0,0.0,255.0,255.0,255.0,0.21959554,0.14323454,0.4719369,0.25880802,0.2568260729312897,0.28308358788490295,0.28061938285827637,0.2499999029637585,0.21088925004005432,0.23632682859897614,2.9757964611053467,1.9472039937973022,5.668525695800781,3.3020803928375244,3.06186842918396,2.406853675842285,5.672527313232422,3.3599212169647217,0.002412712899968028,0.2507261592300962,0.0024218217004090548,0.31983902012248466,0.0010659778490662575,0.007244094488188977,0.001499778125435114,0.006572178477690289,0.002105109626427293,0.2545931758530184,0.0008776661707088351,2.799650043744532e-05,0.0024263581726700068,0.05740332458442695,0.001971693243831396,0.0046544181977252845,0.0009966298239305615,0.0002834645669291339,-1387.7348776940353,1.200797438621521,2.542135722776624,0.420092248136435,-0.472739553346993,Claude_Monet_043.jpg,Claude_Monet,Impresionismo,4
93.50411,93.00158,67.18944,52.69521,52.511944,57.39242,0.0,0.0,0.0,255.0,255.0,255.0,0.4119626,0.2291482,0.38411963,0.20820731,0.205569326877594,0.2650338113307953,0.2620551586151123,0.25,0.2485765963792801,0.24631831049919128,2.4534385204315186,1.8834624290466309,4.520956516265869,2.807528257369995,2.4778759479522705,1.9858975410461426,4.521032333374023,2.793104887008667,0.0015059588477015495,0.021197032021885887,0.001031666062772274,0.015814127418370762,0.0007597282528877258,0.0022043338778562852,0.0013455783482640982,0.05897577200889606,0.001577885472215712,0.1228522505855262,0.0008123676525428891,0.02863665885965085,0.0015083125326782465,0.0873762522387766,0.0022978046908974648,0.43993190182841624,0.001651602447964251,0.1236788757897223,-1417.7014977035765,1.1368966102600098,1.2276123068563913,0.46316044785340266,-0.4014585784246607,Claude_Monet_044.jpg,Claude_Monet,Impresionismo,4
93.12147,91.92862,67.17923,60.086884,57.650665,44.083393,0.0,0.0,0.0,255.0,255.0,255.0,0.29601806,0.18999559,0.384634,0.23937057,0.21905501186847687,0.2658553719520569,0.2401120662689209,0.24999879819729595,0.1809457689523697,0.19243073463439941,2.389101028442383,1.8608789443969727,4.464041233062744,2.9360365867614746,2.491764545440674,2.0516746044158936,4.479434490203857,3.006134510040283,0.0009661015355959535,0.0030797281318542453,0.0016103478847071528,0.14764101129173474,0.0008430542657151818,0.007699320329635614,0.0014767051907256246,0.0893157262905162,0.002101537771522999,0.3119533527696793,0.001183085609227419,0.04613454404318118,0.0014181284932419658,0.049147478540288295,0.0018620888004079461,0.2250530287302891,0.0009008952183648944,0.019935192121961567,-1419.5588604887757,1.529994010925293,3.119674009220137,0.47828165535309836,-0.7199312811757846,Claude_Monet_045.jpg,Claude_Monet,Impresionismo,4
139.85097,136.38098,136.73746,62.998615,69.81753,74.67171,0.0,0.0,0.0,255.0,255.0,255.0,0.19460903,0.17921007,0.58174205,0.2711455,0.266605019569397,0.3654882609844208,0.4269801080226898,0.25,0.3896733820438385,0.4979855716228485,3.807116746902466,2.3088250160217285,6.868892192840576,3.299530029296875,3.8070528507232666,2.2143044471740723,6.903754234313965,3.405139207839966,0.0029656141996383667,0.2334425842265332,0.0027451941277831793,0.2400566923553902,0.002353240270167589,0.047524138541943484,0.002657313598319888,0.07443824371807364,0.0020010818261653185,0.11394572888062125,0.0013800231972709298,0.00727108985147784,0.002284934977069497,0.07778958868515073,0.0016720854910090566,0.10306493046328284,0.0009723654948174953,0.004274072105589512,-1419.302824931525,0.9462898373603821,1.1371738956455921,0.43472513349511177,-0.2994506646289563,Claude_Monet_046.jpg,Claude_Monet,Impresionismo,4
42.16739,26.01505,9.053252,26.290346,18.485136,9.141125,0.0,0.0,0.0,255.0,255.0,255.0,0.8190215,0.13502811,0.17879532,0.101509854,0.06764748692512512,0.09444582462310791,0.09499378502368927,0.2500001700531042,0.10358387231826782,0.10315332561731339,0.7763363718986511,0.5879933834075928,1.4547730684280396,0.8922615647315979,0.7481768727302551,0.547383725643158,1.4449644088745117,0.8781833648681641,0.0004422705096658319,5.821292449477309e-05,0.0005241161561571062,0.0703212127896859,0.00043557857861742377,0.015803277081265242,0.0003933286352548748,0.01069585891638173,0.0005029390449635684,0.15428876061619912,0.0003416250110603869,0.007377722220179663,0.000365196552593261,0.14150030025613686,0.00041805728687904775,0.17631162910401119,0.0005786059191450477,0.3212189173621579,-1419.5615611993499,1.1311017274856567,1.5470543714641745,0.5177018975446368,-0.7568411423095964,Claude_Monet_047.jpg,Claude_Monet,Impresionismo,4
87.650055,55.03032,36.823544,66.37163,53.61045,38.238914,10.0,0.0,0.0,255.0,253.0,237.0,0.61924857,0.15361352,0.34371388,0.26034355,0.21261107921600342,0.1723177284002304,0.22856220602989197,0.25000030534164674,0.1728852242231369,0.2531479597091675,1.7066245079040527,1.7470961809158325,3.1360929012298584,2.719447135925293,1.648932695388794,1.6383640766143799,3.150780200958252,2.908254384994507,0.00037514526047743857,1.104154935020482e-05,0.000948965607676655,0.14005101195799793,0.0003202289226464927,0.0,0.0007647004094906151,0.0037982929764704583,0.0012888979399576783,0.13680479644903773,0.00036881249980069697,0.0,0.0009375090012326837,0.002594764097298133,0.0016836653230711818,0.2077688341228041,0.001992219127714634,0.4111210485055263,-1419.5654257797273,1.336378812789917,1.36478782051984,0.5225669177684057,-0.448212218412167,Claude_Monet_048.jpg,Claude_Monet,Impresionismo,4
110.04206,105.47522,86.74746,66.71704,69.33518,83.80108,0.0,0.0,0.0,255.0,255.0,255.0,0.4268078,0.2528876,0.48379177,0.31307015,0.2660456597805023,0.4812087118625641,0.5849111080169678,0.24999987141935037,0.4382021725177765,0.6037102937698364,3.0090982913970947,2.298258066177368,5.2966389656066895,3.3713912963867188,3.0160186290740967,2.2590248584747314,5.3153886795043945,3.4169371128082275,0.0008315074373967946,0.006109894596199525,0.002594418590888381,0.16614552404988123,0.0027946478221565485,0.23759464073634204,0.0007608874584548175,0.028039637767220904,0.0018142120679840446,0.173828125,0.0018633216386660933,0.17509000148456058,0.0009310441673733294,0.01885855849168646,0.0014694563578814268,0.042439875296912115,0.0014287540689110756,0.05330964222090261,-1419.4713832312354,1.1269689798355103,1.7355506702497783,0.5851976750974386,-0.47143057539848643,Claude_Monet_049.jpg,Claude_Monet,Impresionismo,4
65.65403,73.4236,52.92935,61.22577,56.459423,51.341824,0.0,0.0,0.0,255.0,255.0,255.0,0.5240617,0.22339548,0.31781223,0.24493955,0.2182530164718628,0.38676658272743225,0.513127863407135,0.25,0.3014829754829407,0.4257144033908844,2.16200852394104,1.9996930360794067,3.6303582191467285,2.8811545372009277,2.2910268306732178,2.1354541778564453,3.644442319869995,2.88091778755188,0.0003976803564000875,0.011859372545659655,0.0006799580878578126,0.07258421511088263,0.0017112053465098143,0.15912264918819347,0.0007366538629867136,0.0920747119050679,0.0010899764019995928,0.1721672449985006,0.0007464161608368158,0.07159176912421997,0.0016247103922069073,0.22013165974096446,0.0013634033966809511,0.06573419583315483,0.0011716606095433235,0.034651358722814836,-1417.5345524678967,1.030250072479248,1.7218307299072269,0.5262618777052792,-0.8749861854064147,Claude_Monet_050.jpg,Claude_Monet,Impresionismo,4
97.153465,132.64879,127.7409,40.261604,37.942482,30.745213,0.0,0.0,0.0,255.0,255.0,255.0,0.32512194,0.13153191,0.5392567,0.13828163,0.14566268026828766,0.4239864647388458,0.288534939289093,0.2500017143836791,0.4588160514831543,0.4063653349876404,3.121251106262207,1.6975563764572144,6.033607006072998,2.1249043941497803,3.216221570968628,1.9582208395004272,6.030553340911865,2.111931324005127,0.0020801175851374865,0.14491809381980642,0.002057418692857027,0.15552866716306776,0.001658816821873188,0.06018863241499131,0.0017759990878403187,0.053332092330603126,0.001994599122554064,0.14203276247207744,0.0016239541582763195,0.027519235542318193,0.0019989334978163242,0.1331595929511045,0.002043173648416996,0.12248696947133283,0.001546270214021206,0.039029535864978905,-1419.5654257797273,1.0698487758636475,1.4555923047234296,0.4767977635459558,-0.16420633533654375,Claude_Monet_1.jpg,Claude_Monet,Impresionismo,4
103.65795,94.311264,70.27585,55.484673,55.37387,48.337532,0.0,0.0,0.0,255.0,255.0,255.0,0.34593293,0.20275947,0.41105592,0.21934403,0.21029724180698395,0.3040226995944977,0.31888246536254883,0.25,0.23819027841091156,0.2579108774662018,2.6600890159606934,2.0889382362365723,4.771936416625977,2.9955801963806152,2.7914600372314453,2.2722861766815186,4.748462677001953,2.8592422008514404,0.0010687262983992696,0.022233952702702703,0.0016585668781772256,0.06801097972972973,0.0012846934841945767,0.009417229729729729,0.0013550235889852047,0.19900760135135134,0.001911073224619031,0.17894847972972974,0.0020102113485336304,0.24835304054054055,0.0010576994391158223,0.04746621621621622,0.0013821774628013372,0.06594172297297297,0.0013381694443523884,0.0620777027027027,-1419.5149878434358,1.316324234008789,1.7865924714784216,0.5289260442053948,-0.2646863359043114,Claude_Monet_10.jpg,Claude_Monet,Impresionismo,4
110.7514,112.8438,111.57257,45.027206,51.943348,66.19628,0.0,1.0,0.0,255.0,255.0,255.0,0.33220547,0.1634157,0.5150091,0.21662919,0.19607144594192505,0.38075119256973267,0.30981194972991943,0.25,0.3746488690376282,0.36794403195381165,2.8853182792663574,1.7138128280639648,5.576098918914795,2.6898157596588135,3.0810086727142334,2.3851370811462402,5.58187198638916,2.7645363807678223,0.0022701923735439777,0.20526960784313725,0.002057186793535948,0.2108718487394958,0.0018868771148845553,0.2189250700280112,0.002191736362874508,0.09217436974789917,0.0017276332946494222,0.08347922502334267,0.0011880687670782208,0.0032971521942110177,0.0017694518901407719,0.0678688141923436,0.0013592636678367853,0.020570728291316526,0.0010790841188281775,0.0024218020541549954,-1419.5440789090594,1.0012308359146118,0.8302914174829978,0.45032805420750677,-0.1587874750848306,Claude_Monet_11.jpg,Claude_Monet,Impresionismo,4
162.52954,156.38507,121.16526,43.08575,46.539528,70.81244,0.0,0.0,0.0,255.0,255.0,239.0,0.32764614,0.32079878,0.6451956,0.17124718,0.18477176129817963,0.2443314492702484,0.3411942422389984,0.25,0.21801474690437317,0.3725961446762085,4.164133548736572,1.967448353767395,7.691623210906982,2.3102121353149414,4.141609191894531,1.849129319190979,7.690841197967529,2.3712048530578613,0.0029561833944171667,0.4813798653789874,0.002856362611055374,0.2247585601404741,0.0028432083781808615,0.0524948785484343,0.001799322199076414,0.01807140766754463,0.002063403371721506,0.03548434299092772,0.0025067925453186035,0.061311091600819434,0.00189080776181072,0.011633011413520631,0.0021104789339005947,0.007901668129938543,0.0023823196534067392,0.009438103599648815,-1419.5654257797273,0.8674229383468628,0.3538710632100631,0.5163002812979688,-0.1301858721508726,Claude_Monet_12.jpg,Claude_Monet,Impresionismo,4
110.25769,111.76533,108.964,46.404827,46.184784,43.48592,0.0,0.0,0.0,255.0,255.0,255.0,0.21368861,0.15475139,0.47914565,0.17868353,0.17627418041229248,0.42043399810791016,0.3325129449367523,0.25,0.4103768467903137,0.37177038192749023,3.232002019882202,2.32639479637146,5.53253698348999,2.4503350257873535,3.0246362686157227,2.023271322250366,5.575085163116455,2.62984037399292,0.0016488630790263414,0.038717948717948716,0.002305894624441862,0.30327838827838827,0.002083242405205965,0.29655677655677654,0.0013965732650831342,0.005384615384615384,0.00170144101139158,0.09435897435897436,0.001281029311940074,0.0928021978021978,0.0017886724090203643,0.02434065934065934,0.0018937085988000035,0.042032967032967036,0.0012575070140883327,0.002014652014652015,-1419.498412262752,0.9971314072608948,0.9441276136291927,0.49261721645966466,-0.274611448504901,Claude_Monet_13.jpg,Claude_Monet,Impresionismo,4
113.952965,111.48348,107.55945,51.875114,49.587776,48.835293,6.0,0.0,0.0,255.0,255.0,255.0,0.24992605,0.14207894,0.49312365,0.19478036,0.1915157437324524,0.2722531259059906,0.2795652747154236,0.25000131556098154,0.25478142499923706,0.2860245406627655,2.9413108825683594,1.7287956476211548,5.580846309661865,2.6464242935180664,3.089993476867676,2.0972957611083984,5.587595462799072,2.6129913330078125,0.0023326606024056673,0.31208357129259473,0.002159705851227045,0.2187797449076718,0.0020896822679787874,0.25842375785265564,0.0016940991627052426,0.03702646106986484,0.0016146247508004308,0.03112507138777841,0.0012789251049980521,0.004711593375214164,0.0017452503088861704,0.03129164287074053,0.00134752388112247,0.006520083761660004,0.0012154836440458894,9.518370454978108e-05,-1419.5560981542446,0.9388538599014282,0.31123093334588653,0.4720890722264922,-0.19135935546177738,Claude_Monet_14.jpg,Claude_Monet,Impresionismo,4
157.94597,165.42017,153.61761,60.4425,49.471973,51.05885,0.0,0.0,0.0,255.0,241.0,255.0,0.20012239,0.16845648,0.67914766,0.19436756,0.2033490389585495,0.2728506326675415,0.2918195426464081,0.2500018806749366,0.22950199246406555,0.29800719022750854,4.077879905700684,1.5834686756134033,8.038307189941406,2.639308452606201,4.377452373504639,1.972959041595459,8.048195838928223,2.7972302436828613,0.0031245227437466383,0.1545479302832244,0.0032293510157614946,0.3673066448801743,0.002866442082449794,3.4041394335511986e-05,0.002219020389020443,0.0204588779956427,0.0024591097608208656,0.04963235294117647,0.001873853849247098,0.009259259259259259,0.0027847629971802235,0.17378131808278868,0.002468070248141885,0.11829384531590414,0.0013864570064470172,0.0,-1419.5654257797273,0.9875202775001526,0.5000380564735686,0.4663950552454533,-0.13910144417080386,Claude_Monet_15.jpg,Claude_Monet,Impresionismo,4
127.92107,113.483894,82.42337,73.05527,66.31287,49.298813,0.0,0.0,0.0,255.0,255.0,243.0,0.3725833,0.16937894,0.5043344,0.28406665,0.25902703404426575,0.445487380027771,0.36813420057296753,0.25,0.4536760151386261,0.4198841154575348,3.337489604949951,2.3914120197296143,5.7953596115112305,3.386502504348755,3.7151403427124023,2.7365593910217285,5.752495765686035,3.2671351432800293,0.0020559842232614756,0.1676561533704391,0.0026001567021012306,0.42769016697588125,0.001993422629311681,0.1682591218305504,0.002060915809124708,0.05456091527520099,0.0018311610911041498,0.05316944959802103,0.0016407381044700742,0.016311069882498454,0.0011090976186096668,0.0003246753246753247,0.0013816034188494086,0.0068954854669140385,0.0011664765188470483,0.007714904143475572,-1419.5654257797273,1.04045569896698,0.5301734684347833,0.48830832497654014,-0.2079905061817808,Claude_Monet_16.jpg,Claude_Monet,Impresionismo,4
181.72615,175.42601,163.51468,26.646639,24.97304,23.46314,0.0,0.0,0.0,255.0,255.0,255.0,0.1436096,0.08548502,0.7298678,0.09042685,0.09400932490825653,0.22924576699733734,0.215396910905838,0.25,0.2513412833213806,0.26088252663612366,4.43189001083374,1.2311768531799316,8.73652172088623,1.189495325088501,4.439445495605469,1.3761473894119263,8.737543106079102,1.4259650707244873,0.002889797789976001,0.085377804372523,0.002866217168048024,0.22277146152578678,0.00272698188200593,0.18520349316197068,0.0025983487721532583,0.020761245674740483,0.002542677102610469,0.030985768920571324,0.0024161983747035265,0.022625768573683345,0.002747888211160898,0.05695900651282185,0.0027737831696867943,0.08698216128556686,0.002779650269076228,0.1796099244651421,-1418.914218216673,0.940121591091156,0.3128903881606893,0.4947143116287912,-0.30318102706863914,Claude_Monet_17.jpg,Claude_Monet,Impresionismo,4
101.10288,101.41977,72.2313,54.188736,53.289856,43.761272,0.0,0.0,0.0,255.0,255.0,254.0,0.37514484,0.22474793,0.4223892,0.21044843,0.20076407492160797,0.5935638546943665,0.3992188274860382,0.25,0.6393508315086365,0.5380859971046448,2.8817620277404785,1.9849653244018555,4.9595160484313965,2.7776849269866943,3.062518358230591,2.1591386795043945,5.0127153396606445,2.8792660236358643,0.0011029649758711457,0.018095553348780758,0.0011725020594894886,0.04245283018867924,0.0012559958267956972,0.03657729228732208,0.001614752341993153,0.08609180183162309,0.0013820553431287408,0.034342932803707385,0.001527924556285143,0.04796976718525874,0.001995914615690708,0.2834878075692376,0.0021606069058179855,0.3114862628268785,0.0013471017591655254,0.038811651770936775,-1419.5654257797273,0.9172995686531067,0.3436905367354076,0.4867015032398597,-0.24508410151057536,Claude_Monet_18.jpg,Claude_Monet,Impresionismo,4
150.45717,165.48499,191.27155,38.73742,29.585384,26.868937,26.0,41.0,47.0,238.0,233.0,245.0,0.2295935,0.11815502,0.7516737,0.104268394,0.12287187576293945,0.12009988725185394,0.08185496926307678,0.25,0.10364844650030136,0.09466893970966339,4.091549873352051,0.9802557826042175,8.14168930053711,1.5831575393676758,4.0917649269104,0.9458982348442078,8.1417236328125,1.6029719114303589,0.001944157644174993,0.0,0.00257822941057384,0.10562493153686055,0.002751519437879324,0.08793405630408588,0.002127654617652297,0.0,0.0030644654761999846,0.28987293241318873,0.0027074976824223995,0.09940847847518895,0.002101953374221921,2.738525577828897e-05,0.0026277946308255196,0.165845108993318,0.0028025642968714237,0.15582210537846425,-1419.5654257797273,1.2146692276000977,2.8841958983125413,0.5301532294848291,-0.19023588769138958,Claude_Monet_19.jpg,Claude_Monet,Impresionismo,4
160.2224,162.6551,157.42094,40.176334,36.815372,47.060966,0.0,0.0,0.0,255.0,255.0,255.0,0.16794786,0.13807298,0.6773254,0.15150556,0.14825844764709473,0.3316144645214081,0.330375075340271,0.25,0.36666369438171387,0.392181932926178,4.146484375,1.4566410779953003,8.03604507446289,2.0953238010406494,4.321576118469238,1.9959760904312134,8.0252046585083,2.0009965896606445,0.0026857813354581594,0.0037578253841925187,0.002613021293655038,0.008451004684974442,0.0025262213312089443,0.010740160322943247,0.002743070712313056,0.16189827615914143,0.002420734381303191,0.11298911215221655,0.0018477069679647684,0.0511819099270588,0.002658901968970895,0.28918025254555746,0.0024924881290644407,0.11677975697207886,0.0023383169900625944,0.1444711558184757,-1419.5619527502686,0.9758257269859314,1.1305826059851405,0.4783925787316757,-0.32103089619942055,Claude_Monet_2.jpg,Claude_Monet,Impresionismo,4
203.13861,208.75377,199.02542,36.40889,28.986671,40.06996,9.0,18.0,23.0,251.0,248.0,255.0,0.16450638,0.11747854,0.86230344,0.10898832,0.11793503165245056,0.11382284760475159,0.1300751268863678,0.25,0.09951545298099518,0.12149301916360855,5.140038967132568,0.8786389827728271,10.22439193725586,1.4968078136444092,5.162688255310059,1.0951775312423706,10.222883224487305,1.5935096740722656,0.003294493770226836,0.017028765909832627,0.0032585603184998035,0.018940276935987693,0.0032727529760450125,0.028410415403981537,0.002935367403551936,0.15620774861298894,0.002624651649966836,0.018759615832905963,0.002845597919076681,0.016073010396755093,0.003463861532509327,0.4272984754534011,0.003441727953031659,0.16506597044151242,0.0033503901213407516,0.04056133153060749,-1419.5654257797273,0.8292012810707092,0.19005725180828717,0.4967656294711747,-0.38063540006873947,Claude_Monet_20.jpg,Claude_Monet,Impresionismo,4
126.19292,130.50995,124.17228,53.43285,54.10204,52.85654,0.0,0.0,0.0,255.0,255.0,255.0,0.27150378,0.17796038,0.5715034,0.19568332,0.20116595923900604,0.6073120832443237,0.4469059705734253,0.2500010269006905,0.6377987861633301,0.5649569034576416,3.778956651687622,2.5333824157714844,6.456997394561768,2.981285810470581,3.724579095840454,2.5038630962371826,6.496018886566162,3.2204954624176025,0.002065754495561123,0.20681075460487225,0.001857543713413179,0.10518790849673203,0.0016992914024740458,0.1031454248366013,0.0019314378732815385,0.09939468211527035,0.0017648268258199096,0.030878639334521688,0.0017473449697718024,0.06108882947118241,0.0023014203179627657,0.13812759952465833,0.0021352097392082214,0.05470142602495544,0.0022551813162863255,0.09349004753416518,-1419.4921693908427,0.8944336771965027,0.3112677500056727,0.4903102808824366,-0.2886159955276513,Claude_Monet_21.jpg,Claude_Monet,Impresionismo,4
137.61482,145.2529,137.41429,51.07509,49.631214,52.74355,0.0,0.0,0.0,240.0,239.0,246.0,0.17279963,0.15033779,0.5905377,0.1854904,0.1950332671403885,0.3402056396007538,0.31858137249946594,0.25000159360518115,0.2988753616809845,0.32945263385772705,3.8649635314941406,2.0656793117523193,7.061452388763428,2.655412197113037,3.719316005706787,1.843981385231018,7.068722724914551,2.697571039199829,0.002623142208904028,0.1094002306805075,0.0027916247490793467,0.15853517877739332,0.0023899320513010025,0.03814878892733564,0.0016857031732797623,0.01124567474048443,0.0018350007012486458,0.1092560553633218,0.0015279529616236687,0.01257208765859285,0.0023110327310860157,0.05692041522491349,0.0026643716264516115,0.3641291810841984,0.0018317974172532558,0.043050749711649364,-1419.5654257797273,0.8400031328201294,1.0886192051780283,0.48109811983500234,-0.17341359052488894,Claude_Monet_22.jpg,Claude_Monet,Impresionismo,4
145.1262,154.48949,136.78383,62.75952,57.15294,57.863575,0.0,0.0,0.0,255.0,255.0,255.0,0.23180611,0.16920984,0.62446797,0.22396764,0.2272818386554718,0.3302886188030243,0.28920263051986694,0.25,0.3126671314239502,0.3342753052711487,3.837491512298584,1.8783440589904785,7.446451187133789,2.9579100608825684,3.994562864303589,2.163236379623413,7.452702045440674,3.042407751083374,0.0024832705967128277,0.07815904139433551,0.0021493840031325817,0.014373033163882836,0.0029308528173714876,0.13873759380295328,0.0026319888420403004,0.2742072137496974,0.0027094411198049784,0.11794964899540063,0.0027901683934032917,0.2431614621157105,0.001058087102137506,0.0019365770999757927,0.0019691463094204664,0.01615831517792302,0.0020376008469611406,0.021514161220043574,-1419.5654257797273,1.1746114492416382,1.171430363155845,0.5323685855420707,-0.1567227483235169,Claude_Monet_23.jpg,Claude_Monet,Impresionismo,4
107.80483,104.28313,91.43899,47.125698,48.225487,48.332527,0.0,0.0,0.0,231.0,230.0,218.0,0.21864964,0.17922357,0.4321069,0.18522666,0.1865784227848053,0.2901718318462372,0.2397669106721878,0.25,0.330547034740448,0.31935539841651917,2.7625203132629395,1.6511493921279907,5.165430545806885,2.3952748775482178,2.7685039043426514,1.5958236455917358,5.175583362579346,2.439450979232788,0.0011703439522534609,0.0001512950859356088,0.0016464574728161097,0.05891430646332607,0.002753600012511015,0.5055071411280562,0.001274639624170959,0.00051440329218107,0.0015032654628157616,0.04702251270878722,0.0018902828451246023,0.26978939724037765,0.0011684199562296271,0.00051440329218107,0.001487830770201981,0.005476882110869039,0.0014818423660472035,0.01065117404986686,-1419.5654257797273,0.941058874130249,0.47098833470718904,0.561416705549224,-0.21324554617859323,Claude_Monet_24.jpg,Claude_Monet,Impresionismo,4
135.41028,146.47676,149.24341,43.660416,45.92542,51.155006,0.0,0.0,0.0,255.0,255.0,255.0,0.17014168,0.13338056,0.60491824,0.17862953,0.17766524851322174,0.3083547055721283,0.3464551568031311,0.25000043650509574,0.2814006507396698,0.3608035147190094,3.7461998462677,1.610365867614746,7.15932035446167,2.4360857009887695,3.9687256813049316,2.0330417156219482,7.163340091705322,2.526486396789551,0.0021830680780112743,0.0032073509015256587,0.002686422783881426,0.022301727398814777,0.0026556223165243864,0.012041356701550876,0.0015583982458338141,0.022806077417727902,0.002307886490598321,0.15221125961417223,0.002061705570667982,0.026431093178665994,0.0016017169691622257,0.0464159626780986,0.0023185964673757553,0.33497509771781614,0.002507369499653578,0.2820735090152566,-1419.5654257797273,1.0447717905044556,1.517957567425083,0.5332844459332373,-0.3117686847717923,Claude_Monet_25.jpg,Claude_Monet,Impresionismo,4
157.08333,156.02318,155.31137,40.52964,38.726997,45.549458,0.0,0.0,0.0,255.0,255.0,255.0,0.17882359,0.14471029,0.6704395,0.1507586,0.150294229388237,0.4258649945259094,0.3119385540485382,0.25000176644739164,0.4446772634983063,0.3884834945201874,4.179418087005615,1.9889631271362305,7.773930072784424,2.162811756134033,4.09023904800415,2.0678203105926514,7.773350715637207,2.219583749771118,0.0023274163249880075,0.05558759451493016,0.002477966481819749,0.07128668460848392,0.0023619334679096937,0.02640010252467,0.0024670143611729145,0.1377995642701525,0.0028381161391735077,0.2554786620530565,0.002692802809178829,0.1652249134948097,0.0020745901856571436,0.037613738305779826,0.002261703135445714,0.054145841343073174,0.0021519209258258343,0.10297321542996284,-1419.4636712631338,1.1796236038208008,2.536438569129185,0.5040135291989499,-0.15817326526786193,Claude_Monet_26.jpg,Claude_Monet,Impresionismo,4
133.72401,148.21584,139.97884,54.412663,35.087605,38.719917,0.0,0.0,0.0,255.0,255.0,255.0,0.3540231,0.22281842,0.6599547,0.12056136,0.1424778699874878,0.3214694559574127,0.26942017674446106,0.25000047695633176,0.3628484308719635,0.34791356325149536,3.621389865875244,1.4733021259307861,7.102278709411621,2.000410795211792,3.6521172523498535,1.6677680015563965,7.1046223640441895,2.0010573863983154,0.002180098555982113,0.001839230617173601,0.001955151092261076,0.004692616434470964,0.001826826250180602,0.0004898885288733423,0.0021575891878455877,0.08053939305389633,0.002236265456303954,0.1288836557716604,0.0021365731954574585,0.11727243818380274,0.002303045243024826,0.1443194416989678,0.0024870450142771006,0.20662123022182496,0.0024999892339110374,0.2153360893144139,-1419.5654257797273,1.0173745155334473,1.2888450442956843,0.4948213939320299,-0.3367671408496802,Claude_Monet_27.jpg,Claude_Monet,Impresionismo,4
159.00404,165.63167,157.68707,54.617134,55.756992,61.168972,0.0,0.0,0.0,255.0,255.0,255.0,0.26441413,0.18138647,0.71552724,0.21054237,0.20260560512542725,0.4502791464328766,0.3719232976436615,0.25,0.45842111110687256,0.4460581839084625,4.307832717895508,2.0470223426818848,8.100025177001953,2.684136152267456,4.4275078773498535,2.4348983764648438,8.123519897460938,2.77178692817688,0.002656429773196578,0.12554123711340207,0.0027277194894850254,0.1224914089347079,0.0024550147354602814,0.013075601374570447,0.0021885926835238934,0.04077319587628866,0.0021767616271972656,0.05105670103092783,0.001910699880681932,0.03439003436426117,0.0026436627376824617,0.12463058419243986,0.002997561125084758,0.24710481099656356,0.0027650564443320036,0.14092783505154638,-1417.2821999636694,0.8698700666427612,0.5105718329809322,0.4928496824734183,-0.31397494168109474,Claude_Monet_28.jpg,Claude_Monet,Impresionismo,4
113.31277,125.01833,131.77621,68.526695,66.25379,67.72122,0.0,0.0,0.0,255.0,255.0,255.0,0.26066786,0.17561802,0.54454213,0.26216003,0.2596510052680969,0.3110867142677307,0.31953150033950806,0.25,0.25944840908050537,0.31836843490600586,3.138723611831665,1.9070087671279907,6.079780101776123,3.3169562816619873,3.439497232437134,2.5620763301849365,6.133275032043457,3.59157395362854,0.002176967915147543,0.03287542561934954,0.0028796945698559284,0.24577315956322648,0.003398881061002612,0.5504285546553951,0.0012368044117465615,0.00029353058588704945,0.0016050725243985653,0.0005283550545966889,0.001999031752347946,0.04080075143829987,0.0006589574040845037,0.0003228836444757544,0.0016094179591163993,0.01573323940354585,0.0013596084900200367,0.008512386990724433,-1419.4292499658325,0.8535336256027222,0.005311474875881333,0.5573121141368327,-0.13924056275627966,Claude_Monet_29.jpg,Claude_Monet,Impresionismo,4
72.19912,88.29547,99.58707,35.773174,40.108383,41.85707,0.0,0.0,0.0,255.0,255.0,255.0,0.29031014,0.12376562,0.3960748,0.1688401,0.150527223944664,0.274626225233078,0.25681546330451965,0.24999931129476585,0.26967692375183105,0.2726273238658905,2.1564812660217285,1.2475591897964478,4.216771125793457,1.98785400390625,2.310978412628174,1.8130980730056763,4.21810245513916,1.9671149253845215,0.0016728152986615896,0.18812717337307502,0.0014130143681541085,0.10430948832588177,0.0012299885274842381,0.06698335817188276,0.0013559197541326284,0.08310978638847491,0.0013073410373181105,0.1251987083954297,0.0009025283507071435,0.013381768504719324,0.001569574000313878,0.1675981122702434,0.0014608539640903473,0.13547565822155985,0.0008226126665249467,0.01733109786388475,-1418.2373993588517,1.0026699304580688,1.2498827792030511,0.4533651635728463,-0.3774466346757105,Claude_Monet_3.jpg,Claude_Monet,Impresionismo,4
104.09814,141.79697,189.48593,59.1756,51.222664,42.22694,0.0,0.0,0.0,255.0,255.0,255.0,0.4761835,0.20875025,0.7434514,0.16464342,0.20149198174476624,0.2309977114200592,0.17138797044754028,0.25,0.22567471861839294,0.21041201055049896,3.4185242652893066,1.6982593536376953,6.750774383544922,2.6255266666412354,3.4137721061706543,1.6752139329910278,6.7505269050598145,2.6536731719970703,0.0015939581207931042,0.0,0.002144899917766452,0.1352578068264343,0.00298028695397079,0.37254901960784315,0.0015931092202663422,0.0,0.001758184633217752,0.010106511740498668,0.002708194311708212,0.10996126845800049,0.0012557936133816838,0.0,0.002014010213315487,0.06593439845073833,0.002741966163739562,0.2088779956427015,-1419.523649916287,0.8421099185943604,0.100764269921387,0.5716292863013963,-0.16637339931134218,Claude_Monet_30.jpg,Claude_Monet,Impresionismo,4
139.21725,132.82365,107.06236,39.290283,34.68332,49.71949,0.0,0.0,0.0,255.0,255.0,255.0,0.34571284,0.2068537,0.58471215,0.15085131,0.13611000776290894,0.40999892354011536,0.32930806279182434,0.25,0.4052293002605438,0.4014120399951935,3.3705790042877197,1.679196834564209,6.552007675170898,1.9834622144699097,3.493351459503174,2.0053529739379883,6.5500688552856445,1.997372031211853,0.0020946019794791937,0.04472630173564753,0.002217837842181325,0.14109479305740988,0.001910235732793808,0.012977303070761014,0.0017296369187533855,0.01610146862483311,0.0018513570539653301,0.13893190921228304,0.0020514875650405884,0.09740987983978638,0.0018454105593264103,0.050066755674232306,0.0022570325527340174,0.24811748998664887,0.0022892632987350225,0.15134846461949267,-1419.2750113264979,0.9131504893302917,1.3881246019246465,0.5099625134014056,-0.22689844862401531,Claude_Monet_4.jpg,Claude_Monet,Impresionismo,4
185.27945,169.90343,123.838905,42.732002,40.424458,41.4853,1.0,1.0,0.0,255.0,248.0,254.0,0.33509997,0.1800525,0.7297951,0.16538039,0.15506750345230103,0.199842169880867,0.21195071935653687,0.25,0.16679632663726807,0.20121856033802032,4.330029487609863,1.3117433786392212,8.40652847290039,2.040282964706421,4.298384189605713,1.578840970993042,8.406623840332031,2.0497007369995117,0.00285205221734941,0.0061597007223942206,0.002951554488390684,0.11271284829721362,0.0027399270329624414,0.11932404540763673,0.0024850049521774054,0.06104876160990712,0.002339388243854046,0.15518575851393188,0.0016982709057629108,0.013835139318885449,0.0027103067841380835,0.09046052631578948,0.0028822969179600477,0.19078947368421054,0.0027731475420296192,0.15167053663570693,-1419.5654257797273,0.8985344171524048,1.5498137587640906,0.4854795345178668,-0.15857861180740954,Claude_Monet_5.jpg,Claude_Monet,Impresionismo,4
95.65346,120.55198,114.44791,52.784523,52.503918,52.035946,0.0,0.0,0.0,255.0,255.0,255.0,0.30104396,0.1866813,0.49059996,0.20420513,0.20393648743629456,0.7635788321495056,0.5268767476081848,0.2500011287344178,0.6643019914627075,0.5902260541915894,3.1785178184509277,2.144514799118042,5.6901397705078125,2.960357189178467,3.7462728023529053,2.991361141204834,5.6613264083862305,2.9522154331207275,0.0022929166443645954,0.23660814192419588,0.0023209548089653254,0.33265517872764633,0.001824173959903419,0.0824975077818241,0.0018125736387446523,0.05169572559152035,0.001522720674984157,0.034768986633572724,0.0014624434988945723,0.029235245051166765,0.0015616531018167734,0.015380546456981262,0.0016080299392342567,0.09710495798832218,0.0011530125048011541,0.020426016723292577,-1418.4359896382155,0.8808320164680481,0.34754606070445054,0.4720919169037504,-0.23606425268479078,Claude_Monet_6.jpg,Claude_Monet,Impresionismo,4
136.45401,131.32924,127.93748,57.289795,58.653404,52.279716,0.0,0.0,0.0,255.0,255.0,255.0,0.26990494,0.18542627,0.5905185,0.1961729,0.21934208273887634,0.37164804339408875,0.29739412665367126,0.25000150523520803,0.35471799969673157,0.34377261996269226,3.6724133491516113,2.404446840286255,6.59185266494751,2.9120326042175293,3.443300485610962,1.9247289896011353,6.5942606925964355,2.9659271240234375,0.0030893266666680574,0.31952614379084965,0.0019291989738121629,0.054901960784313725,0.0018149722600355744,0.06909041394335512,0.001898571033962071,0.15016339869281045,0.0020762577187269926,0.10359477124183007,0.002539650769904256,0.18077342047930284,0.0014709050301462412,0.00024509803921568627,0.0018366555450484157,0.01443355119825708,0.0016787709901109338,0.011274509803921568,-1419.5453568544986,1.0191946029663086,1.0313600419208115,0.48758700077960315,-0.1779149135679937,Claude_Monet_7.jpg,Claude_Monet,Impresionismo,4
150.19766,157.92279,146.49571,58.283287,49.657616,52.820904,0.0,5.0,0.0,255.0,255.0,245.0,0.17012295,0.15452594,0.63553923,0.1890901,0.20361468195915222,0.22104685008525848,0.21830172836780548,0.25,0.2125522792339325,0.24865968525409698,3.887101411819458,1.5889451503753662,7.672403812408447,2.788067102432251,3.889094829559326,1.7164251804351807,7.664268970489502,2.6269609928131104,0.003285924205556512,0.36637005649717513,0.0032319892197847366,0.2355508474576271,0.003209930146113038,0.1209322033898305,0.0025034714490175247,0.14279661016949152,0.0021280122455209494,0.031242937853107344,0.0019184993579983711,0.005734463276836159,0.001633523846976459,8.474576271186441e-05,0.0015637835022062063,0.0,0.001908281585201621,2.824858757062147e-05,-1419.5654257797273,0.895648717880249,0.31148102161096053,0.49317298381689845,-0.15855989920546898,Claude_Monet_8.jpg,Claude_Monet,Impresionismo,4
151.37851,151.22165,156.11787,48.728638,48.108948,56.0138,18.0,25.0,10.0,255.0,255.0,255.0,0.11536423,0.06731262,0.6365564,0.20405833,0.19142931699752808,0.18264862895011902,0.15641218423843384,0.25,0.1558687835931778,0.16371233761310577,3.823514461517334,1.4874831438064575,7.539880275726318,2.4154398441314697,3.818486452102661,1.5815373659133911,7.542021751403809,2.565539836883545,0.0022578646894544363,0.08850762527233115,0.0025250606704503298,0.17453401113531833,0.0033859119284898043,0.5504417816509319,0.0022352987434715033,0.0,0.002055924152955413,0.0,0.002836810192093253,0.07985354635681433,0.0018004101002588868,0.0,0.001594275119714439,0.0,0.002298512263223529,0.007655531348341806,-1419.5234920920368,0.8815235495567322,0.0,0.5406764421779228,-0.15499895230187424,Claude_Monet_9.jpg,Claude_Monet,Impresionismo,4
158.69887,132.7486,90.69727,66.50666,62.37401,52.86221,0.0,0.0,0.0,255.0,255.0,255.0,0.45689255,0.210716,0.63029736,0.25327286,0.237656831741333,0.3188149034976959,0.4481917917728424,0.25,0.2586377263069153,0.40850600600242615,3.808455228805542,2.262585401535034,6.833061218261719,3.052286148071289,3.6411099433898926,2.0543265342712402,6.9057111740112305,3.155665397644043,0.001985018141567707,0.06571759259259259,0.002495592227205634,0.11185185185185186,0.002271426608785987,0.021979166666666668,0.0017087965970858932,0.061481481481481484,0.0013512931764125824,0.024988425925925924,0.001711899763904512,0.045023148148148145,0.0026095076464116573,0.3058449074074074,0.002356356242671609,0.09386574074074074,0.0022934444714337587,0.16918981481481482,-1419.5606310581381,0.6474665403366089,0.24990030296154905,0.5076818645122976,-0.3445876571979102,Jackson_Pollock_001.jpg,Jackson_Pollock,Expresionismo abstracto,2
48.857944,40.45742,29.070295,50.312828,42.891155,30.565245,0.0,0.0,0.0,255.0,255.0,255.0,0.4957796,0.3096357,0.20490834,0.19483799,0.16726885735988617,0.3663516938686371,0.37628328800201416,0.25,0.43757179379463196,0.5217657089233398,1.3764417171478271,1.51537024974823,2.2004141807556152,2.0306107997894287,1.3393605947494507,1.421581506729126,2.211261749267578,2.1535284519195557,0.0005346701364032924,0.03455312049062049,0.0010788536164909601,0.2512964466089466,0.0006230442668311298,0.038160624098124096,0.0006197207258082926,0.09765061327561328,0.0009188003605231643,0.23898584054834054,0.00040319893741980195,0.059749278499278496,0.00048524790327064693,0.059129238816738816,0.000679758726619184,0.0766707251082251,0.0004322091117501259,0.04609713203463203,-1419.5446638291387,1.4317494630813599,2.3837847616650807,0.49075999944876614,-0.2488409241380497,Jackson_Pollock_002.jpg,Jackson_Pollock,Expresionismo abstracto,2
113.543175,112.66166,106.9242,74.2735,73.141556,66.62228,0.0,0.0,0.0,242.0,243.0,236.0,0.038256545,0.04651135,0.4462024,0.2913805,0.2851714789867401,0.2525775134563446,0.4137341380119324,0.25,0.21184328198432922,0.36997875571250916,3.188774347305298,2.328148603439331,5.688975811004639,3.648557186126709,3.374598264694214,2.7460920810699463,5.670011043548584,3.6269450187683105,0.0019950023852288723,0.04316514177008787,0.001700923079624772,0.2762478485370052,0.0020271858666092157,0.34468701875169855,0.0013002727646380663,0.013678775251381465,0.0010585145791992545,0.00810761844369961,0.0014499090611934662,0.0969743636198931,0.001993765588849783,0.017981701241054443,0.0019361992599442601,0.02627049551589818,0.001964952563866973,0.05100099646707129,-1419.5654257797273,0.6175371408462524,0.08309691210010697,0.5022625139436263,-0.1416053879162368,Jackson_Pollock_003.jpg,Jackson_Pollock,Expresionismo abstracto,2
111.68949,100.943016,85.201096,76.46269,72.64113,64.7439,7.0,5.0,0.0,235.0,226.0,210.0,0.28794947,0.19839914,0.4478548,0.2937672,0.2828821539878845,0.14995162189006805,0.23405207693576813,0.25,0.11454195529222488,0.2029576301574707,2.763835906982422,2.169482469558716,5.087704181671143,3.5089895725250244,2.8614532947540283,2.3406407833099365,5.100208282470703,3.5224082469940186,0.001802348648197949,0.10868899326118031,0.0012899499852210283,0.04186236471308965,0.0019180149538442492,0.1338064120890341,0.0014549983898177743,0.08515417602613845,0.0009330749162472785,0.0,0.001458035665564239,0.05855625893404125,0.0018491006921976805,0.164335307331019,0.0014028719160705805,0.15754543598121298,0.0020089854951947927,0.13482744537471922,-1419.5654257797273,0.5948426723480225,0.0,0.5069536410074447,-0.12636423009232475,Jackson_Pollock_004.jpg,Jackson_Pollock,Expresionismo abstracto,2
163.55968,161.97424,160.76501,56.66218,55.315895,51.750305,49.0,50.0,43.0,251.0,251.0,255.0,0.034931045,0.024928067,0.64678204,0.21738678,0.2168370932340622,0.35844990611076355,0.38506147265434265,0.25,0.30242684483528137,0.3546896278858185,4.286579132080078,2.2152528762817383,8.071749687194824,2.8454432487487793,4.560953140258789,2.721281051635742,8.100913047790527,3.051563262939453,0.0025256681255996227,0.1789061005928476,0.002550200093537569,0.29685408299866134,0.0025945305824279785,0.054264677758653665,0.0025013720151036978,0.1004972270032511,0.002996528521180153,0.19540065021992734,0.002432237844914198,0.014725568942436412,0.0021679189521819353,0.03509275196022184,0.002375868847593665,0.023857334098297954,0.0022888032253831625,0.0038248231019315355,-1419.5654257797273,1.2021795511245728,1.9466022616235201,0.49958806687123414,-0.12941354977793768,Jackson_Pollock_005.jpg,Jackson_Pollock,Expresionismo abstracto,2
107.1742,104.82403,99.458565,73.49947,72.45606,69.827385,3.0,2.0,0.0,255.0,255.0,251.0,0.084269635,0.048303593,0.420553,0.28807086,0.28419196605682373,0.36540764570236206,0.3847617208957672,0.24998722860791825,0.3374157249927521,0.36920368671417236,3.0675995349884033,2.5192506313323975,5.27476167678833,3.3961751461029053,3.242027997970581,2.7684953212738037,5.360716819763184,3.8437228202819824,0.0016312053194269538,0.12528735632183907,0.0014135827077552676,0.04896551724137931,0.0019804248586297035,0.10505747126436782,0.0016758207930251956,0.10657088122605364,0.0015566771617159247,0.064272030651341,0.001494461903348565,0.10676245210727969,0.0016273921355605125,0.1514176245210728,0.0016108996933326125,0.07994252873563218,0.0015305561246350408,0.10599616858237548,-1419.5508581776253,0.9648087024688721,0.6468369778102415,0.5019274487366543,-0.2088808658809807,Jackson_Pollock_006.jpg,Jackson_Pollock,Expresionismo abstracto,2
88.64628,64.829865,49.99159,64.53239,50.558594,39.031963,4.0,3.0,0.0,251.0,229.0,205.0,0.376488,0.22175685,0.35047057,0.25063685,0.20112118124961853,0.34785911440849304,0.414843887090683,0.25,0.272335022687912,0.32754161953926086,2.532843828201294,2.6390328407287598,3.8834452629089355,3.2463040351867676,2.3530590534210205,2.303607940673828,3.7365667819976807,2.9781265258789062,0.0008727643871679902,0.0701183110821665,0.0010974593460559845,0.11071312276131554,0.0007395433494821191,0.004341691088679041,0.001204952015541494,0.15950287637034624,0.0015596909215673804,0.25170954086616737,0.0010277392575517297,0.08433734939759036,0.000943725579418242,0.050200803212851405,0.00112183450255543,0.09643981330728318,0.0011909690219908953,0.08140670791273201,-1419.5654257797273,1.4384211301803589,2.492803575161787,0.502377030399527,-0.12168085552228194,Jackson_Pollock_007.jpg,Jackson_Pollock,Expresionismo abstracto,2
98.955414,67.84926,55.222256,53.86596,45.609352,36.88392,11.0,0.0,0.0,255.0,234.0,229.0,0.44976968,0.1832794,0.38914996,0.21038784,0.1814502477645874,0.28315046429634094,0.3281678259372711,0.25000131464780584,0.18609632551670074,0.2310459166765213,2.489652156829834,2.2433650493621826,3.9961283206939697,2.6675143241882324,2.2290539741516113,1.8220378160476685,4.010000705718994,2.71028733253479,0.0011592184891924262,0.07895049834677323,0.0010361630702391267,0.048811817597944764,0.0013424267526715994,0.16023216537025142,0.0010925307869911194,0.09467399319679345,0.0012483084574341774,0.1813791955089322,0.00121403019875288,0.13254359047551084,0.0011687177466228604,0.08009229524964913,0.001126316492445767,0.06427365065772259,0.0010875739390030503,0.06160945788434549,-1419.5654257797273,1.0724937915802002,1.8086338232879808,0.5102154137775595,-0.2540675037916011,Jackson_Pollock_008.jpg,Jackson_Pollock,Expresionismo abstracto,2
133.87851,102.121124,51.077595,61.649597,63.286533,50.20361,0.0,0.0,0.0,255.0,239.0,195.0,0.6494679,0.2653325,0.5320751,0.23428416,0.22269199788570404,0.3692724108695984,0.4185267984867096,0.25,0.30817094445228577,0.38885927200317383,3.021545648574829,2.0322468280792236,5.525552749633789,3.0723466873168945,3.2640936374664307,2.1669962406158447,5.520655632019043,3.0395052433013916,0.0020965533331036568,0.31038095238095237,0.0012893412495031953,0.022952380952380953,0.002045165514573455,0.22852380952380952,0.0013774686958640814,0.03933333333333333,0.0011835171608254313,0.017666666666666667,0.0013439671602100134,0.06714285714285714,0.0019358281278982759,0.13866666666666666,0.0013824333436787128,0.008904761904761905,0.0019750564824789762,0.06666666666666667,-1419.5654257797273,0.7280980944633484,0.1766199241570137,0.4992919286476663,-0.14630455822613364,Jackson_Pollock_009.jpg,Jackson_Pollock,Expresionismo abstracto,2
166.37253,146.47464,118.40643,59.44607,60.55584,52.838463,31.0,39.0,27.0,255.0,255.0,253.0,0.30044034,0.11684781,0.6532092,0.23235418,0.23125897347927094,0.3495013415813446,0.36830800771713257,0.25,0.2683838903903961,0.2957839071750641,4.363283634185791,2.65256929397583,7.46148681640625,3.148221492767334,3.8471128940582275,2.142972707748413,7.456026077270508,3.1397716999053955,0.0030003394931554794,0.14664285714285713,0.002214583335444331,0.04057142857142857,0.0019309095805510879,0.056285714285714286,0.0028741902206093073,0.21892857142857142,0.0015686617698520422,0.00028571428571428574,0.0015501553425565362,0.02,0.0031309814658015966,0.2641428571428571,0.0022919615730643272,0.04914285714285714,0.001999711384996772,0.048214285714285716,-1417.3728017386652,0.6866180300712585,0.0030459426484569134,0.44004571921698526,-0.1492042506214369,Jackson_Pollock_010.jpg,Jackson_Pollock,Expresionismo abstracto,2
163.35835,146.62138,132.35797,72.79043,72.01548,69.08428,44.0,35.0,0.0,255.0,255.0,255.0,0.20129131,0.1595537,0.6431714,0.28252319,0.2785840630531311,0.32426154613494873,0.4507565200328827,0.25,0.26652851700782776,0.35862892866134644,4.167494297027588,2.6231203079223633,7.516238212585449,3.682203531265259,4.401013374328613,2.953240156173706,7.570957183837891,3.839595317840576,0.0027277828194200993,0.31548922964585613,0.002298864768818021,0.21517889740781307,0.002549437340348959,0.08575209930631618,0.0020723736379295588,0.050337714494341,0.001627648714929819,0.0,0.0020101999398320913,0.010998539612997444,0.002573254518210888,0.057137641474990876,0.0022645241115242243,0.1395582329317269,0.002549530705437064,0.02290982110259219,-1414.2661184573244,0.7085734009742737,0.0,0.49640693306299816,-0.13905459142025034,Jackson_Pollock_011.jpg,Jackson_Pollock,Expresionismo abstracto,2
117.78586,109.8818,85.56353,69.367096,67.86046,56.064037,0.0,1.0,0.0,250.0,241.0,219.0,0.31578457,0.2020327,0.47792962,0.26799566,0.2571650743484497,0.47832298278808594,0.5538094639778137,0.25,0.38390520215034485,0.43845394253730774,3.677276372909546,2.9984354972839355,5.809309482574463,3.6921863555908203,3.9933202266693115,3.7586166858673096,5.837649345397949,3.7176387310028076,0.0018805917352437973,0.043676814988290395,0.0021617289166897535,0.1537470725995316,0.0018342726398259401,0.0326112412177986,0.0012883252929896116,0.050995316159250584,0.002131143817678094,0.3388173302107728,0.0010777788702398539,0.01955503512880562,0.0015582485357299447,0.08155737704918033,0.0017182771116495132,0.12581967213114753,0.0015024016611278057,0.05357142857142857,-1419.5654257797273,1.265787124633789,3.3868510075258573,0.49044691486533215,-0.1386404462099556,Jackson_Pollock_012.jpg,Jackson_Pollock,Expresionismo abstracto,2
100.01818,97.43839,86.519005,58.844418,56.242306,51.177456,19.0,19.0,0.0,255.0,255.0,255.0,0.15840659,0.14570796,0.40500116,0.23286243,0.21860714256763458,0.4167165458202362,0.46175429224967957,0.25,0.3480680584907532,0.38720542192459106,3.1351993083953857,2.759261131286621,5.074969291687012,3.3807802200317383,3.0180652141571045,2.5832130908966064,5.032203674316406,3.2331082820892334,0.001598641974851489,0.08508535489667565,0.0014312156708911061,0.05610961365678347,0.0015988394152373075,0.0706648697214735,0.0013911642599850893,0.14600179694519316,0.0019118813797831535,0.3087601078167116,0.001287333550862968,0.050853548966756514,0.0012742778053507209,0.049640610961365676,0.0014529393520206213,0.1091644204851752,0.0014657926512882113,0.025516621743036837,-1419.439040678577,1.2829335927963257,3.0814483325010666,0.5021554955204562,-0.1436133630816039,Jackson_Pollock_013.jpg,Jackson_Pollock,Expresionismo abstracto,2
179.76765,180.40599,163.30394,50.331585,51.50544,49.6953,6.0,7.0,0.0,255.0,255.0,246.0,0.108630896,0.060215008,0.7103667,0.1995849,0.1995295137166977,0.6257159113883972,0.6220183372497559,0.25,0.7043402791023254,0.7470085024833679,4.764250755310059,2.41105055809021,8.916792869567871,2.961660861968994,4.794763088226318,2.380098581314087,8.86630630493164,2.5698673725128174,0.003028700826689601,0.10838703651816568,0.0028929226100444794,0.1253385635565518,0.0029558585956692696,0.0998412253665826,0.0027383670676499605,0.10026151116092276,0.002542817732319236,0.12743999252825255,0.0027417156379669905,0.10114878117119641,0.002570067998021841,0.07275614084243953,0.002443092642351985,0.08405715886803027,0.0027087144553661346,0.059680582796301486,-1419.5654257797273,0.9294548034667969,1.3049783478543875,0.5000633534001427,-0.13255852757825157,Jackson_Pollock_014.jpg,Jackson_Pollock,Expresionismo abstracto,2
104.614204,106.25894,109.11221,68.48704,65.768425,65.9466,0.0,0.0,0.0,255.0,255.0,255.0,0.21348773,0.17305934,0.45761424,0.2577232,0.25874656438827515,0.5096318125724792,0.5453467965126038,0.25,0.40508174896240234,0.4472120404243469,3.894585371017456,3.3681349754333496,5.7198333740234375,3.9414443969726562,3.472240447998047,2.9138715267181396,5.908809185028076,4.150801181793213,0.0018458199920132756,0.14278365667254556,0.001420962275005877,0.06136096413874192,0.0014521945267915726,0.05720899470899471,0.0017961377743631601,0.130217519106408,0.0014411316951736808,0.09057172251616696,0.0019427882507443428,0.20679012345679013,0.0016477565513923764,0.09512786596119929,0.0014517436502501369,0.042585243974132866,0.0016825938364490867,0.073559670781893,-1419.3777598376096,0.8834543228149414,0.9055101135513187,0.4924904325021149,-0.2556450482206128,Jackson_Pollock_015.jpg,Jackson_Pollock,Expresionismo abstracto,2
152.00461,128.14711,88.718445,62.65607,64.51698,52.104374,0.0,0.0,0.0,255.0,255.0,255.0,0.4577239,0.22521544,0.6327867,0.23528142,0.22620438039302826,0.316851943731308,0.3323405981063843,0.2500002876343684,0.2257298231124878,0.25346073508262634,3.7671964168548584,2.673799753189087,6.570329666137695,3.095644950866699,3.4927003383636475,2.1649088859558105,6.578843116760254,3.1032021045684814,0.0016416874714195728,0.01574385833645093,0.0016325851902365685,0.06809868229621316,0.002064531436190009,0.05375774202934697,0.002183741657063365,0.047771958265785425,0.0023077947553247213,0.1783576505798728,0.0017066961154341698,0.04675354366712391,0.002249567536637187,0.17301616992975016,0.002276794286444783,0.22981876376938104,0.002020563231781125,0.08207590306355739,-1418.3635400492335,1.1485340595245361,1.7927506844530865,0.49038427062044415,-0.4415532188574006,Jackson_Pollock_016.jpg,Jackson_Pollock,Expresionismo abstracto,2
221.48868,220.67714,205.0555,42.034782,45.413063,45.985344,52.0,56.0,42.0,255.0,255.0,255.0,0.10665938,0.12258737,0.8838415,0.15003642,0.17024540901184082,0.3317657709121704,0.5604804754257202,0.25,0.2944929003715515,0.48013991117477417,6.060568809509277,2.560929298400879,10.89940071105957,2.3294079303741455,5.961029052734375,2.444037675857544,10.898968696594238,2.2910873889923096,0.0033153400290757418,0.03681392235609103,0.0030969264917075634,0.11632243258749282,0.0034325020387768745,0.07759609868043603,0.0032972926273941994,0.06463951042264296,0.003187921829521656,0.28800917957544464,0.00366284791380167,0.24952189711225856,0.0031195315532386303,0.0037770128131573914,0.003563255537301302,0.043842034805890225,0.0036479609552770853,0.023044559189137503,-1415.5134160575326,0.9461683630943298,2.868722927128484,0.5112436580297369,-0.13447871140866904,Jackson_Pollock_017.jpg,Jackson_Pollock,Expresionismo abstracto,2
123.11066,119.8236,95.61653,80.33018,81.06648,77.31618,0.0,0.0,0.0,255.0,255.0,255.0,0.4047435,0.2631153,0.5371451,0.3149664,0.3002355396747589,0.5402312874794006,0.5645977258682251,0.25000029304510196,0.5035114288330078,0.5744479894638062,4.221676826477051,3.888577938079834,6.035674095153809,3.9103050231933594,3.528731346130371,2.902799606323242,6.036812782287598,3.9589366912841797,0.0019112250301986933,0.020504180309629017,0.0019767973572015762,0.1383687785442562,0.0015886175679042935,0.019942567102181813,0.0020571884233504534,0.07578599357853578,0.0024623519275337458,0.34728889171461574,0.0016357856802642345,0.047641754352502355,0.0018305336125195026,0.0850261203123841,0.0012558219023048878,0.052590308463405074,0.0015353757189586759,0.07684564113975692,-1418.6226482553034,1.3634462356567383,3.6176163814042046,0.4885796121397533,-0.38849691698674116,Jackson_Pollock_018.jpg,Jackson_Pollock,Expresionismo abstracto,2
152.04808,143.48126,106.79617,75.20098,80.96065,81.48292,0.0,0.0,0.0,255.0,255.0,255.0,0.5382156,0.290998,0.67312217,0.28418165,0.2841218113899231,0.3578864336013794,0.5177831053733826,0.2500005809427539,0.30284538865089417,0.45197224617004395,4.229337215423584,3.0323216915130615,7.191906929016113,3.8290202617645264,4.0324482917785645,2.7649457454681396,7.206605911254883,3.814415693283081,0.0017092296620830894,0.05012025515005751,0.001572699868120253,0.016835721008051866,0.0027190912514925003,0.12516992575551605,0.0022422578185796738,0.03915089407089825,0.0025900632608681917,0.24533096308689742,0.0024666055105626583,0.16896371431559135,0.0021103632170706987,0.06619261737948343,0.0019705009181052446,0.09950852243019973,0.002247382188215852,0.08819408135522326,-1417.3286477381769,1.1876009702682495,2.45476398428877,0.5284708506320205,-0.27963975232295646,Jackson_Pollock_019.jpg,Jackson_Pollock,Expresionismo abstracto,2
131.4439,98.19289,48.864285,88.48634,73.55009,51.298943,0.0,0.0,0.0,255.0,255.0,246.0,0.6875847,0.21508092,0.5167798,0.34532246,0.29022935032844543,0.4560759961605072,0.5951344966888428,0.25,0.4867364466190338,0.6574283838272095,3.563711166381836,2.966779947280884,5.359147071838379,3.6023287773132324,3.4093635082244873,2.9395949840545654,5.311374664306641,3.581616163253784,0.0018490541260689497,0.08665714285714286,0.0020131731871515512,0.14948571428571428,0.0023473051842302084,0.1954,0.0011016348144039512,0.03262857142857143,0.001125580514781177,0.09708571428571429,0.0018540291348472238,0.1376,0.0010513735469430685,0.06654285714285714,0.0010419228347018361,0.03674285714285714,0.0017309525283053517,0.067,-1419.5654257797273,0.7176862359046936,1.0053253396852457,0.5531746958576552,-0.18234015950475418,Jackson_Pollock_020.jpg,Jackson_Pollock,Expresionismo abstracto,2
111.70108,100.539566,72.56836,73.57579,70.73242,56.631638,0.0,0.0,0.0,255.0,255.0,255.0,0.37587306,0.23713955,0.44946444,0.28735363,0.2687510848045349,0.5109506249427795,0.5357522368431091,0.2500002898863298,0.4464917778968811,0.507359504699707,3.4099647998809814,3.0193676948547363,5.30971097946167,3.6944215297698975,3.4262287616729736,3.228847026824951,5.316126346588135,3.723172187805176,0.0013202645350247622,0.043993231810490696,0.0014071515761315823,0.07748950303941844,0.0016437681624665856,0.1536629692298051,0.0017463724361732602,0.16714712456393224,0.0016178307123482227,0.08873848467757098,0.001407445059157908,0.09613335840070189,0.001608851132914424,0.12066804537193708,0.0015453763771802187,0.06896659773140315,0.0016208256129175425,0.07635102671763698,-1419.549656039501,1.0461633205413818,0.894190198977451,0.5038134299354041,-0.26410280295813676,Jackson_Pollock_021.jpg,Jackson_Pollock,Expresionismo abstracto,2
97.68645,112.31071,127.0785,64.28961,53.606922,63.15942,0.0,0.0,0.0,255.0,255.0,255.0,0.52729815,0.21903849,0.5947811,0.21786858,0.20334438979625702,0.2863943576812744,0.46233057975769043,0.25,0.25780606269836426,0.41089221835136414,3.0905141830444336,2.1224417686462402,5.640447616577148,2.964273452758789,3.3033931255340576,2.6145365238189697,5.543405532836914,2.6230571269989014,0.001792261260561645,0.11216441518467853,0.0017770581180229783,0.1327483755129959,0.0015286714769899845,0.06605890902872777,0.001587064121849835,0.05426000341997264,0.0017625418258830905,0.10551684336525308,0.0016129098366945982,0.06580241108071136,0.001438699895516038,0.08546725376196991,0.0018776371143758297,0.17789201436388508,0.0017889185110107064,0.09937158002735978,-1418.9075612400359,1.0459600687026978,1.0560110181023543,0.5004648171217707,-0.28976879236717745,Jackson_Pollock_022.jpg,Jackson_Pollock,Expresionismo abstracto,2
70.6506,71.07158,66.300934,53.032207,57.439747,52.56112,0.0,0.0,0.0,255.0,255.0,255.0,0.35010773,0.20854482,0.32273176,0.22781524,0.21329569816589355,0.3643285930156708,0.505669891834259,0.25,0.3009507954120636,0.4268094599246979,2.4720568656921387,2.3044652938842773,3.8681604862213135,2.9080593585968018,2.541489362716675,2.39018177986145,3.902867555618286,3.0194239616394043,0.0007375449640676379,0.07721417303020625,0.0009516105055809021,0.07366220493017044,0.0010449397377669811,0.0733234613783959,0.0011940444819629192,0.21147276017924374,0.0014770637499168515,0.23787540044327013,0.001122631598263979,0.06632598743745342,0.0011929827742278576,0.09718068581051653,0.0011113930959254503,0.05089863825092187,0.0009259859216399491,0.01390784239714294,-1419.5654257797273,1.3622856140136719,2.373844777754003,0.4924651149705774,-0.3768956818630608,Jackson_Pollock_023.jpg,Jackson_Pollock,Expresionismo abstracto,2
169.77524,117.032936,72.98973,63.300587,37.55931,16.916792,17.0,13.0,0.0,233.0,173.0,121.0,0.49440336,0.21820858,0.6658789,0.2477807,0.16744771599769592,0.10112463682889938,0.1357043832540512,0.25,0.052157752215862274,0.05957569181919098,3.294388771057129,1.438777208328247,6.349170207977295,2.158557891845703,3.283989191055298,1.3666108846664429,6.350261211395264,2.127288818359375,0.0010888025863096118,0.020875269498400892,0.0022915294393897057,0.16620515597698918,0.001986407907679677,0.0041893590280687055,0.0017072358168661594,0.14196818130728436,0.0024103866890072823,0.3995013640961713,0.002071545459330082,0.01798358997414859,0.0018617165042087436,0.04182206463874442,0.0022827887441962957,0.09350444991672371,0.0019940489437431097,0.001992500025544872,-1419.5654257797273,1.2259976863861084,4.048808702542532,0.5289986967623381,-0.3127312601454014,Jackson_Pollock_024.jpg,Jackson_Pollock,Expresionismo abstracto,2
105.27902,99.92157,85.76142,86.88523,84.04591,76.93048,0.0,0.0,0.0,255.0,255.0,255.0,0.47939274,0.34055284,0.44515687,0.3385341,0.32371628284454346,0.711784303188324,0.7296324372291565,0.25,0.5240334272384644,0.5602284669876099,4.996168613433838,4.3166069984436035,5.933454990386963,4.327118873596191,3.8384926319122314,3.274738311767578,6.09351110458374,4.508424282073975,0.0017236497951671481,0.10265718399581134,0.0016725490568205714,0.07605916488502988,0.0014467074070125818,0.05967974169902701,0.0015303369145840406,0.13009293599197172,0.0015654258895665407,0.10892272786770801,0.0015612313291057944,0.09914917753828702,0.0014810669235885143,0.138993847899123,0.001440722611732781,0.10936777346306557,0.0014045106945559382,0.07616388149570226,-1419.4855601376476,1.0189886093139648,1.0879138948261249,0.489236670491913,-0.21998198970306881,Jackson_Pollock_025.jpg,Jackson_Pollock,Expresionismo abstracto,2
82.69553,68.97907,53.64245,65.20647,48.580315,36.85309,0.0,0.0,0.0,255.0,228.0,215.0,0.60365874,0.2153818,0.3893459,0.2135701,0.18698400259017944,0.22241590917110443,0.34077760577201843,0.25,0.17820428311824799,0.2884887158870697,2.138917922973633,1.9990155696868896,3.6864590644836426,2.7422704696655273,2.0436758995056152,1.855492353439331,3.646895170211792,2.584259033203125,0.0009210630669258535,0.07118677817602549,0.0010552466847002506,0.07170268998225987,0.0012420561397448182,0.0836863256218095,0.0009191240533255041,0.032049889576771295,0.0009863475570455194,0.036892219687918615,0.0009864595485851169,0.03603236667752797,0.0010928731644526124,0.09418558343289526,0.0013330932706594467,0.241636798088411,0.0013404550263658166,0.23435972629521015,-1419.5654257797273,0.8987849950790405,0.36821339936611536,0.5252702413083393,-0.37240526478272085,Jackson_Pollock_026.jpg,Jackson_Pollock,Expresionismo abstracto,2
99.753426,79.58137,49.579838,69.409325,68.49362,51.21319,0.0,0.0,0.0,255.0,250.0,222.0,0.57844096,0.32427368,0.40095064,0.26434746,0.25160127878189087,0.4810379445552826,0.5972492098808289,0.25,0.5370845794677734,0.7181491255760193,2.7871737480163574,2.4321703910827637,4.384211540222168,3.257037878036499,2.8026254177093506,2.441018581390381,4.417409420013428,3.2958145141601562,0.0009738300577737391,0.015017361111111112,0.0014598147245123982,0.0958984375,0.001338545000180602,0.06304253472222222,0.00108951679430902,0.03969184027777778,0.000945036590564996,0.04175347222222222,0.0012643423397094011,0.1587890625,0.001529029686935246,0.09654947916666666,0.001447621500119567,0.19934895833333333,0.0013113470049574971,0.1798611111111111,-1419.5654257797273,0.7487630248069763,0.42224873195762047,0.5100380573335743,-0.27940144607843004,Jackson_Pollock_027.jpg,Jackson_Pollock,Expresionismo abstracto,2
78.804146,76.06609,72.42853,43.465652,45.175594,45.80066,0.0,0.0,0.0,255.0,255.0,255.0,0.20186715,0.2515302,0.31940025,0.17417565,0.17366410791873932,0.37309718132019043,0.5409858822822571,0.25,0.39611905813217163,0.6694244146347046,3.058537006378174,3.2153451442718506,4.036900520324707,2.0927305221557617,2.478048086166382,2.364652633666992,3.9555022716522217,2.0168721675872803,0.0013117253547534347,0.10889221556886228,0.0010027856333181262,0.09841317365269461,0.0013953445013612509,0.1171556886227545,0.0012292111059650779,0.06266467065868263,0.0007623013807460666,0.07053892215568862,0.0012236805632710457,0.08535928143712575,0.0012483642203733325,0.10595808383233533,0.001133281970396638,0.10607784431137725,0.0012396498350426555,0.12377245508982036,-1413.7495573319657,0.650524377822876,0.7223792398912549,0.5007444185715835,-0.21212384900487288,Jackson_Pollock_028.jpg,Jackson_Pollock,Expresionismo abstracto,2
141.50018,122.11112,122.96449,53.327194,47.627827,41.21015,0.0,0.0,0.0,255.0,255.0,255.0,0.23566961,0.14678833,0.5790808,0.1915225,0.18384385108947754,0.46238842606544495,0.3915516138076782,0.25,0.45697447657585144,0.45105093717575073,3.457542896270752,2.2011120319366455,6.408137798309326,2.807335376739502,3.4629552364349365,2.2143585681915283,6.389362335205078,2.699854850769043,0.0020664201583713293,0.10230379243501168,0.00206686370074749,0.12754113027486455,0.002036851830780506,0.10257716586311447,0.0019809375517070293,0.09487300561658134,0.0018888661870732903,0.09129429892141756,0.0020071715116500854,0.11870619812117898,0.0019669155590236187,0.09042447437745414,0.001751438481733203,0.07354987822456384,0.0019063171930611134,0.07172324668224067,-1419.5108084839014,0.9619691371917725,0.9411855837042689,0.49782062993640497,-0.3528704142537783,Jackson_Pollock_029.jpg,Jackson_Pollock,Expresionismo abstracto,2
195.7039,193.03183,179.32733,41.58326,44.682022,44.582405,0.0,0.0,0.0,255.0,252.0,240.0,0.10108287,0.113443345,0.77199847,0.15997593,0.16936449706554413,0.2806747853755951,0.5953838229179382,0.25,0.30404606461524963,0.6737059950828552,5.042525291442871,1.683794617652893,9.593046188354492,2.206852912902832,5.05070161819458,1.7169393301010132,9.5765380859375,2.2209112644195557,0.0032339850440621376,0.18271547729379053,0.0032276634592562914,0.12075996292863762,0.0031882282346487045,0.015477293790546803,0.0030718734487891197,0.2325301204819277,0.0022234851494431496,0.07354031510658017,0.002961463062092662,0.06455050973123262,0.003109657671302557,0.10342910101946247,0.002599109895527363,0.048517145505097316,0.0029805824160575867,0.03697868396663578,-1419.5654257797273,0.7524162530899048,0.7534021804379306,0.49625805632927056,-0.13451755842932545,Jackson_Pollock_030.jpg,Jackson_Pollock,Expresionismo abstracto,2
133.10382,102.51989,91.395676,82.04239,83.407234,82.76672,0.0,0.0,0.0,255.0,255.0,255.0,0.39996815,0.323501,0.5262055,0.31810766,0.31435427069664,0.3831362724304199,0.5843281149864197,0.25000035885356336,0.2787727415561676,0.4763498902320862,4.006605625152588,3.3903207778930664,6.0747175216674805,4.012694358825684,3.7206406593322754,2.9386398792266846,5.973328590393066,3.823381185531616,0.002075649332255125,0.07049750022607774,0.0017683695768937469,0.12365806709987469,0.002128353575244546,0.13895384138385417,0.0016245766310021281,0.07633676540881315,0.0009549084934405982,0.044492100197656544,0.0014546816237270832,0.1456586613613756,0.0018471548100933433,0.06844342242949604,0.001393427257426083,0.07880424251036727,0.0020332224667072296,0.15316444249228106,-1415.1614656997326,0.5624301433563232,0.44491648700864767,0.5006376548121629,-0.34586479395396474,Jackson_Pollock_031.jpg,Jackson_Pollock,Expresionismo abstracto,2
163.43257,152.53076,113.81015,68.58244,63.20741,57.627525,0.0,0.0,0.0,255.0,255.0,255.0,0.3519254,0.19848181,0.6534091,0.2623302,0.24736453592777252,0.7871284484863281,0.5998916625976562,0.24999971789695566,0.8159094452857971,0.7138148546218872,4.588253021240234,2.9422686100006104,7.759063720703125,3.6360089778900146,4.520604133605957,2.8882288932800293,7.729587078094482,3.5552616119384766,0.0022901631891727448,0.06189952776420778,0.0022855789866298437,0.08295676599902296,0.0024177157320082188,0.06258141996417521,0.0023617632687091827,0.12539692232535418,0.002421849872916937,0.13176803452206481,0.002396127674728632,0.10553045106660153,0.0023006091360002756,0.11111789610812571,0.002307008020579815,0.11433398469304673,0.0021387331653386354,0.08787249633610161,-1419.4382544475984,1.0419228076934814,1.3423534143138651,0.4999303148699636,-0.3737507497944828,Jackson_Pollock_032.jpg,Jackson_Pollock,Expresionismo abstracto,2
218.26376,202.07774,158.47531,52.617268,55.689697,61.060165,0.0,0.0,0.0,255.0,255.0,255.0,0.2965711,0.21721636,0.8595975,0.19924666,0.20885007083415985,0.5791197419166565,0.5728946924209595,0.24999971727932238,0.623306155204773,0.6812469363212585,5.465394496917725,2.6355717182159424,10.108369827270508,3.1919023990631104,5.376904010772705,2.46618390083313,10.089618682861328,3.08892560005188,0.003116326406598091,0.07860680294291479,0.003271009773015976,0.09779485193714717,0.00314044370315969,0.09053946644384209,0.003068614052608609,0.06441192654941202,0.0031123345252126455,0.09523712474779383,0.0031269879546016455,0.10475472313367436,0.0029541482217609882,0.10120855157233986,0.003080175258219242,0.1253999633154666,0.0030539424624294043,0.1319114679927446,-1419.1752890091955,1.0031133890151978,0.963218188086013,0.5034716238996496,-0.3686726985214814,Jackson_Pollock_033.jpg,Jackson_Pollock,Expresionismo abstracto,2
178.73917,145.59514,90.507805,67.93837,65.809975,60.266663,0.0,0.0,0.0,255.0,255.0,255.0,0.51819366,0.25060296,0.70482254,0.26176298,0.24667151272296906,0.5021088123321533,0.508490264415741,0.24999971678608854,0.49171990156173706,0.5067278146743774,4.636436462402344,3.1782283782958984,7.597324371337891,3.2509474754333496,4.235436916351318,2.572766065597534,7.562634468078613,3.2308971881866455,0.0024028432089835405,0.08423840788693215,0.002137695671990514,0.07398089627947885,0.002337838290259242,0.14563007506494038,0.002495747758075595,0.1590681311488822,0.002527069067582488,0.183285267227097,0.0021379420068114996,0.07571945756887771,0.0023310284595936537,0.059346300955186025,0.0019371326779946685,0.04415945675073122,0.0023016848135739565,0.05120574338835369,-1419.5611652946393,1.1035733222961426,1.8817063129559306,0.49234079066809067,-0.39714699199454784,Jackson_Pollock_034.jpg,Jackson_Pollock,Expresionismo abstracto,2
132.91277,120.82411,104.87244,77.03552,73.663734,70.461685,0.0,0.0,0.0,255.0,255.0,255.0,0.34421745,0.27949324,0.5432241,0.29027715,0.28459668159484863,0.8675820231437683,0.770352840423584,0.2500020924879682,0.7514529824256897,0.715801477432251,5.050701141357422,4.269773960113525,6.7775068283081055,4.058932781219482,4.479225158691406,3.6016907691955566,6.64820671081543,3.8405518531799316,0.0020334655418992043,0.1302824858757062,0.0018047516932711005,0.08870056497175141,0.002011087955906987,0.08613935969868174,0.0018073971150442958,0.095969868173258,0.0017366353422403336,0.07672316384180791,0.001941151567734778,0.10094161958568738,0.001832787413150072,0.08862523540489642,0.0018745048437267542,0.11186440677966102,0.0019297263352200389,0.12060263653483992,-1417.090001623112,0.9209337830543518,0.7673600170103068,0.5013518183894832,-0.15633392968306264,Jackson_Pollock_035.jpg,Jackson_Pollock,Expresionismo abstracto,2
153.32185,123.99571,79.72472,70.369156,71.521416,63.52429,0.0,0.0,0.0,255.0,255.0,255.0,0.5268419,0.28859413,0.6178965,0.2703913,0.2600175738334656,0.6164082288742065,0.5953404903411865,0.25000029233098886,0.6707850694656372,0.6697965264320374,4.106344223022461,3.313415050506592,6.614887237548828,3.6566672325134277,4.061187744140625,3.170804500579834,6.556136131286621,3.580897092819214,0.0018694631289690733,0.06603793466807166,0.0019494413863867521,0.07207586933614331,0.0018435093807056546,0.08233930453108536,0.0018175129080191255,0.10684931506849316,0.0020184835884720087,0.09689146469968388,0.002070076996460557,0.1264699683877766,0.0019806064665317535,0.07119072708113804,0.002214068779721856,0.1591886195995785,0.00189674471039325,0.1140463645943098,-1417.4365718352456,1.028672456741333,0.97422998303708,0.5028308107795005,-0.28004354213870336,Jackson_Pollock_036.jpg,Jackson_Pollock,Expresionismo abstracto,2
159.48676,153.24446,136.18959,79.44832,78.04085,74.37593,0.0,0.0,0.0,255.0,255.0,255.0,0.19774762,0.21356545,0.63058007,0.3091531,0.30405765771865845,1.1068475246429443,0.9794586896896362,0.25,0.9663132429122925,0.9033544659614563,5.19252347946167,3.6093482971191406,8.181559562683105,4.515105247497559,5.294938564300537,3.6992592811584473,8.218831062316895,4.569008827209473,0.0024226855020970106,0.09464662447257384,0.002406022045761347,0.10085706751054853,0.0024929847568273544,0.08297732067510548,0.0023448208812624216,0.10543248945147679,0.0021099932491779327,0.11693037974683544,0.0023496514186263084,0.10284810126582279,0.0023621602449566126,0.10274261603375527,0.0022750673815608025,0.10131856540084389,0.0024344350676983595,0.09224683544303798,-1413.6464619578694,0.8958401679992676,1.1693036805379864,0.502776801842189,-0.3368345826536131,Jackson_Pollock_037.jpg,Jackson_Pollock,Expresionismo abstracto,2
82.333885,72.32127,66.115974,54.361317,51.439457,49.76261,0.0,0.0,0.0,255.0,255.0,255.0,0.31528285,0.262453,0.32763118,0.21147367,0.20248183608055115,0.8755470514297485,0.5712874531745911,0.25,0.9743362069129944,0.7896774411201477,2.7224245071411133,2.179644823074341,3.9765753746032715,2.7526488304138184,2.798485279083252,2.2823002338409424,4.022289752960205,2.709394693374634,0.0010826246580109,0.07255048616305161,0.0013586017303168774,0.18068169676247461,0.001195887103676796,0.100812052569719,0.0010161250829696655,0.07319158029704029,0.001219922211021185,0.11972432952238488,0.0011634291149675846,0.09589699754247248,0.0009004742605611682,0.03301634790041671,0.0012078068684786558,0.11609146276311572,0.0011625466868281364,0.10049150550272465,-1419.49505965578,1.0651750564575195,1.2073629431937887,0.5170489373960498,-0.10178716734956446,Jackson_Pollock_038.jpg,Jackson_Pollock,Expresionismo abstracto,2
139.17317,118.060104,84.83732,77.95892,71.73425,78.56525,0.0,0.0,0.0,255.0,255.0,255.0,0.48765028,0.3321007,0.559362,0.30433708,0.27897191047668457,0.4957079589366913,0.5180829763412476,0.25,0.4150253236293793,0.49370822310447693,3.4084668159484863,2.43001651763916,6.267537593841553,4.257302761077881,3.5814273357391357,2.7031354904174805,6.098858833312988,3.5839946269989014,0.001688692020252347,0.09849187081586111,0.0014161940198391676,0.031700139777826826,0.0015813471982255578,0.028102699919075994,0.0023618529085069895,0.21904656808651513,0.002441663993522525,0.21095416758625762,0.0015584520297124982,0.05609504892223939,0.0024476535618305206,0.12209225336570294,0.0018829811597242951,0.10532627087471493,0.0013076972682029009,0.02889722651364673,-1419.221653810099,1.316921591758728,2.1078873687056454,0.45456053688855647,-0.43595625935169846,Jackson_Pollock_039.jpg,Jackson_Pollock,Expresionismo abstracto,2
174.29126,158.07535,133.4908,67.23033,62.14453,57.280903,0.0,0.0,0.0,255.0,255.0,255.0,0.26139122,0.22116813,0.6915093,0.25518274,0.24069765210151672,0.814240038394928,0.6898620128631592,0.25000068799449604,0.8834570646286011,0.8693361282348633,4.665892601013184,2.8306899070739746,8.105429649353027,3.4214839935302734,4.4949774742126465,2.619314432144165,8.103813171386719,3.4350600242614746,0.0023855846375226974,0.09822910216718267,0.002497645327821374,0.14099071207430341,0.0025343047454953194,0.1181547987616099,0.0026678049471229315,0.12292260061919505,0.0026187843177467585,0.1527925696594427,0.002626085886731744,0.11912074303405573,0.002303006825968623,0.04894117647058824,0.002327926456928253,0.061907120743034054,0.002200712449848652,0.03659442724458204,-1418.353910954347,1.0634922981262207,1.5285144450771713,0.49942205576344617,-0.33501112781297465,Jackson_Pollock_040.jpg,Jackson_Pollock,Expresionismo abstracto,2
124.19463,116.215706,101.87341,75.66004,74.38697,70.47171,0.0,0.0,0.0,255.0,255.0,255.0,0.26528823,0.2235032,0.48778558,0.29614982,0.2908723056316376,1.126816749572754,0.8415266871452332,0.25,1.0562695264816284,0.927202582359314,4.992777347564697,3.8797953128814697,6.426434516906738,4.062497615814209,4.379270076751709,3.2734549045562744,6.396191596984863,4.0427141189575195,0.001931814826093614,0.07791197967964336,0.00188356579747051,0.11990047172256493,0.0017169679049402475,0.06308641335337722,0.0019233699422329664,0.14493805401482557,0.0019117067568004131,0.17261935617645535,0.0018148995004594326,0.10823700171064227,0.0015628437977284193,0.056140168990721065,0.001705376897007227,0.09470737649681199,0.001716475933790207,0.06329376393136696,-1418.8449278425808,1.0642198324203491,1.7245941423510702,0.4967079204174227,-0.1951930134648913,Jackson_Pollock_041.jpg,Jackson_Pollock,Expresionismo abstracto,2
99.91698,98.67707,81.55804,92.70422,92.21112,82.31727,0.0,0.0,0.0,255.0,255.0,255.0,0.4745535,0.38361427,0.40562943,0.36518502,0.35624322295188904,1.4073909521102905,1.1075122356414795,0.24999894573931086,1.364190936088562,1.2132529020309448,4.743009090423584,3.724560022354126,6.114131927490234,4.373348712921143,4.947253227233887,3.8726158142089844,6.101859092712402,4.377653121948242,0.0016603322001174092,0.12629292052774593,0.00171630026306957,0.11994628798003534,0.0015221349895000458,0.07586822820007727,0.0014796268660575151,0.12237219642891074,0.0013443846255540848,0.09101273760284775,0.0013583533000200987,0.07088339804533852,0.0015405985759571195,0.11366932904312796,0.0015197391621768475,0.1047447728956986,0.0013054581359028816,0.07503847883505722,-1416.397484764549,0.8997877240180969,0.9103009000551469,0.48371325506045404,-0.25576281326879774,Jackson_Pollock_042.jpg,Jackson_Pollock,Expresionismo abstracto,2
143.58948,139.21495,133.5867,75.20048,75.11884,73.8612,0.0,0.0,0.0,255.0,255.0,255.0,0.11641193,0.15599343,0.56648624,0.29391125,0.2934795916080475,1.0602892637252808,0.7313553094863892,0.25,1.1285017728805542,0.9368196725845337,5.1984333992004395,3.779043674468994,7.411772727966309,4.3209547996521,4.636666774749756,3.3278286457061768,7.329085826873779,4.161463260650635,0.0021237749606370926,0.08478125,0.0022124475799500942,0.09259375,0.002057319274172187,0.0604375,0.0019507863325998187,0.09153125,0.0020724106580018997,0.10346875,0.002167170401662588,0.1010625,0.002218472072854638,0.1244375,0.0022957311011850834,0.114375,0.0022394841071218252,0.126875,-1403.1297758367075,0.9645257592201233,1.0351906141405904,0.5023299172719188,-0.2768164827107639,Jackson_Pollock_043.jpg,Jackson_Pollock,Expresionismo abstracto,2
131.55846,115.61764,90.12379,79.48017,79.01299,68.01636,0.0,0.0,0.0,255.0,255.0,255.0,0.45354894,0.30016306,0.5188446,0.31043622,0.3023667335510254,1.1424813270568848,0.8068587183952332,0.25,1.0929151773452759,0.9206622242927551,4.77593994140625,3.53814435005188,6.635527610778809,4.196223258972168,4.551962852478027,3.4190547466278076,6.670289993286133,4.207407474517822,0.0017870899755507708,0.10206292797087631,0.0018186720553785563,0.138944266273728,0.00200237357057631,0.16759122822224148,0.0018048102501779795,0.05426020629279709,0.0011951816268265247,0.03636127242784086,0.0019119479693472385,0.11285429487735113,0.0019375613192096353,0.06609170494929358,0.0018078454304486513,0.10388315853341423,0.0019320981809869409,0.10067608563751408,-1419.4939775646228,0.6640852689743042,0.3707285560743734,0.5073782386974977,-0.17610969827351478,Jackson_Pollock_044.jpg,Jackson_Pollock,Expresionismo abstracto,2
196.8567,184.69525,171.3813,45.386562,48.99615,48.84404,58.0,47.0,40.0,255.0,249.0,243.0,0.14384435,0.06790689,0.77199066,0.17800012,0.1876838505268097,0.3439646065235138,0.424245148897171,0.25000243273488054,0.32593199610710144,0.4110253155231476,4.800693511962891,1.9817687273025513,9.324734687805176,2.9081716537475586,4.932821750640869,2.278287887573242,9.292222023010254,2.504054307937622,0.002821704838424921,0.12518681318681318,0.003065816592425108,0.21621978021978022,0.003045428544282913,0.11010989010989011,0.0027365428395569324,0.0756923076923077,0.002649725880473852,0.04162637362637363,0.0028434551786631346,0.06386813186813187,0.003012901172041893,0.09134065934065934,0.002614581026136875,0.047604395604395604,0.003039110451936722,0.08461538461538462,-1419.5654257797273,0.923272430896759,0.4375256213637726,0.5046551482994248,-0.13599839947939046,Jackson_Pollock_045.jpg,Jackson_Pollock,Expresionismo abstracto,2
168.90843,160.46693,148.96062,76.705185,76.07922,75.52959,0.0,0.0,0.0,255.0,255.0,250.0,0.17085002,0.14755549,0.66253936,0.3005965,0.2986547350883484,0.668735921382904,0.7731879353523254,0.25,0.6476036310195923,0.7972047328948975,4.646973609924316,2.6189396381378174,8.40211296081543,4.038711071014404,5.037749767303467,3.1769142150878906,8.238190650939941,3.8424839973449707,0.0025730805937200785,0.15082251082251083,0.0018391154007986188,0.11601731601731602,0.0031025814823806286,0.2705194805194805,0.0022089991252869368,0.05220779220779221,0.0017090266337618232,0.10337662337662337,0.00247518764808774,0.11181818181818182,0.0030381367541849613,0.02,0.0026207673363387585,0.051255411255411255,0.0027965607587248087,0.009307359307359308,-1419.430920497867,0.6877817511558533,1.0509020495415695,0.5052730174256818,-0.14341710770636004,Jackson_Pollock_046.jpg,Jackson_Pollock,Expresionismo abstracto,2
146.09377,144.70918,142.36867,89.5227,86.9127,83.17823,0.0,0.0,0.0,255.0,255.0,255.0,0.13389835,0.20443381,0.5854162,0.34187847,0.34176376461982727,1.1361302137374878,1.0463775396347046,0.25,1.1338839530944824,1.1831494569778442,5.780179023742676,4.358368873596191,7.8285932540893555,4.8121867179870605,4.866275310516357,3.535038471221924,7.92988395690918,4.8689093589782715,0.002228361554443836,0.09835398899975036,0.002175496658310294,0.09517309690044211,0.0022668337915092707,0.09434767553290009,0.0020961149130016565,0.09788692129909243,0.0022458750754594803,0.10082622665668108,0.0022871491964906454,0.10486475168909397,0.0021390211768448353,0.10018199534542878,0.002259910339489579,0.10450237157651454,0.0023142241407185793,0.1029240048639464,-1387.0114406285295,1.0099831819534302,1.0093151809518832,0.5080828169759155,-0.6318396773119976,Jackson_Pollock_047.jpg,Jackson_Pollock,Expresionismo abstracto,2
170.1361,162.80305,131.98549,75.30202,71.40321,67.73938,0.0,0.0,0.0,255.0,255.0,255.0,0.2994035,0.21745422,0.67715055,0.28945854,0.2810034453868866,0.9100237488746643,0.7486417889595032,0.25,0.9324045777320862,0.8954672813415527,4.975123882293701,3.0785739421844482,8.310404777526855,4.131433486938477,4.969817638397217,3.106914520263672,8.288178443908691,4.054830074310303,0.0027358706574887037,0.08959982187316559,0.0028858582954853773,0.2799931178268526,0.0026330703403800726,0.12324150355241585,0.0023094499483704567,0.0562010404226464,0.0024293966125696898,0.09611764467744874,0.002410497283563018,0.09133048600287431,0.0022548483684659004,0.03846932372527984,0.002394245006144047,0.047659049045604515,0.0022764455061405897,0.07139242556120073,-1419.3498386627466,0.9791667461395264,0.9676224219190894,0.5021598437205322,-0.2562138470417883,Jackson_Pollock_048.jpg,Jackson_Pollock,Expresionismo abstracto,2
158.77138,161.91344,165.52701,47.005753,45.191494,44.58146,5.0,12.0,18.0,251.0,252.0,255.0,0.061486036,0.0564631,0.6519078,0.17594808,0.17889858782291412,0.4534059166908264,0.49170783162117004,0.2500013046314416,0.3555023670196533,0.41043102741241455,4.620327949523926,2.4214611053466797,8.183098793029785,3.084582567214966,4.4665093421936035,2.2003657817840576,8.133438110351562,2.7585561275482178,0.0026409723795950413,0.3144973544973545,0.002560514025390148,0.03767195767195767,0.0024348946753889322,0.006019988242210465,0.002694293623790145,0.3452557319223986,0.0025455784052610397,0.0491005291005291,0.0023690133821219206,0.006372721928277484,0.0024362707044929266,0.12345679012345678,0.002337625715881586,0.01260435038212816,0.0023167841136455536,0.0014344503233392123,-1419.5654257797273,1.0257059335708618,0.49296952028547764,0.488076969114809,-0.18158513404911508,Jackson_Pollock_049.jpg,Jackson_Pollock,Expresionismo abstracto,2
64.407616,63.53979,49.632164,73.923355,62.109367,47.84052,0.0,0.0,0.0,255.0,255.0,251.0,0.47703177,0.2997815,0.29518673,0.27770302,0.2421410232782364,0.5929089188575745,0.7100670337677002,0.25,0.5342033505439758,0.6767668128013611,2.9884369373321533,3.0050671100616455,3.731339693069458,3.483018159866333,2.6715047359466553,2.778787136077881,3.8035974502563477,3.564119577407837,0.0007568503497168422,0.0631081081081081,0.0011105384910479188,0.11314189189189189,0.0007304176688194275,0.04800675675675676,0.0008489411557093263,0.05942567567567567,0.0010955295292660594,0.18236486486486486,0.0010236187372356653,0.09743243243243244,0.0009821489220485091,0.11094594594594595,0.0012634462909772992,0.1566891891891892,0.0007994306506589055,0.06888513513513514,-1419.5408259416072,1.145018219947815,1.823648466283802,0.5003197941601576,-0.21862332148955538,Jackson_Pollock_050.jpg,Jackson_Pollock,Expresionismo abstracto,2
101.54752,95.42222,77.765045,55.901096,52.2947,48.8127,0.0,0.0,0.0,255.0,255.0,246.0,0.30506197,0.21508342,0.4058782,0.21395919,0.20581507682800293,0.848848283290863,0.5314212441444397,0.25,0.8922427892684937,0.7050524950027466,3.2532193660736084,2.4589526653289795,4.9528913497924805,3.082803964614868,3.334521770477295,2.574535608291626,5.016869068145752,3.089958429336548,0.0015421054558828473,0.10436893203883495,0.0015875690151005983,0.14402912621359223,0.0015809901524335146,0.12490291262135922,0.0014620269648730755,0.11024271844660194,0.0014388114213943481,0.09703883495145631,0.0014854351757094264,0.09951456310679611,0.0013285803142935038,0.07533980582524272,0.001375113264657557,0.07024271844660195,0.0013761367881670594,0.07553398058252427,-1419.5654257797273,0.9827306270599365,0.9690815083933684,0.5019819058356436,-0.10538206114450327,Jackson_Pollock_1.jpg,Jackson_Pollock,Expresionismo abstracto,2
136.45801,124.41983,106.808,66.49875,62.122433,54.921303,0.0,0.0,0.0,255.0,255.0,255.0,0.2524999,0.17564666,0.53839797,0.25787532,0.24401885271072388,0.9239979982376099,0.6443448066711426,0.25,0.9542810320854187,0.8148749470710754,4.168202877044678,3.0395262241363525,6.49767541885376,3.4584851264953613,4.390279293060303,3.360313892364502,6.413828372955322,3.370634078979492,0.0020446511916816235,0.06614434947768282,0.0023175571113824844,0.24002849002849003,0.0019975441973656416,0.10018993352326686,0.001768195303156972,0.05493827160493827,0.0019908775575459003,0.12640075973409307,0.0019391769310459495,0.09373219373219373,0.001739618252031505,0.05864197530864197,0.001937595778144896,0.08300094966761633,0.001785786240361631,0.08205128205128205,-1419.3549137717125,1.0226472616195679,1.256845956236186,0.503498999441465,-0.11877332323544071,Jackson_Pollock_10.jpg,Jackson_Pollock,Expresionismo abstracto,2
92.679436,76.577995,62.35165,51.407913,50.20224,44.43917,0.0,0.0,0.0,255.0,255.0,255.0,0.4028292,0.25631893,0.3643789,0.20089534,0.19303959608078003,0.8288031220436096,0.5487076044082642,0.25,0.9265585541725159,0.7609352469444275,2.74289608001709,2.147059202194214,4.167470932006836,2.6066741943359375,2.8306007385253906,2.210325241088867,4.186871528625488,2.6524875164031982,0.0011508965399116278,0.09584214235377025,0.0013551251031458378,0.15267794221282593,0.0011964967707172036,0.08326286116983792,0.001243840204551816,0.11589147286821705,0.0013012561248615384,0.1276955602536998,0.0012230529682710767,0.08897110641296688,0.0012262623058632016,0.09171952078928823,0.0012245866237208247,0.08995771670190275,0.0011137278052046895,0.055461592670894996,-1419.5399135641387,1.0612552165985107,1.2748591597777805,0.49741543489273543,-0.1351521699516461,Jackson_Pollock_11.jpg,Jackson_Pollock,Expresionismo abstracto,2
114.91553,112.60894,84.19289,63.64429,60.058666,53.572006,0.0,0.0,0.0,255.0,254.0,250.0,0.35295886,0.23411787,0.4650263,0.2452102,0.2346409112215042,0.8797213435173035,0.6247155070304871,0.250002599103829,0.8358730673789978,0.7114899754524231,3.845334529876709,2.792614698410034,5.80545711517334,3.465043067932129,4.001278877258301,2.956124782562256,5.853226661682129,3.5296268463134766,0.0016843198100104928,0.10764150943396227,0.001556100440211594,0.10325471698113207,0.0017542666755616665,0.09297169811320755,0.001585279474966228,0.08023584905660378,0.0017355341697111726,0.044764150943396225,0.0017000174848362803,0.08608490566037735,0.0017162992153316736,0.11825471698113207,0.0017161369323730469,0.1165566037735849,0.0017370564164593816,0.1280188679245283,-1419.5654257797273,1.0286271572113037,0.4589714183611443,0.5042259836915691,-0.106867396301385,Jackson_Pollock_12.jpg,Jackson_Pollock,Expresionismo abstracto,2
133.00833,127.11461,105.64794,65.56475,64.49336,62.57953,0.0,0.0,0.0,255.0,255.0,255.0,0.28684357,0.24466388,0.52634406,0.25536096,0.25151747465133667,1.1273432970046997,0.687373697757721,0.25,1.1438486576080322,0.8905544877052307,4.197238445281982,3.0907955169677734,6.572851657867432,3.7017664909362793,4.260324001312256,3.1047983169555664,6.560593605041504,3.6726326942443848,0.0019874998833984137,0.1145769622833843,0.001913835178129375,0.09215086646279307,0.0019917869940400124,0.10265035677879715,0.0019709556363523006,0.11442405708460754,0.001833320944570005,0.060550458715596334,0.001854614820331335,0.08944954128440367,0.002065313747152686,0.12981651376146788,0.0019984079990535975,0.10305810397553516,0.001870682812295854,0.0890927624872579,-1419.0957220152577,0.9435782432556152,0.6083640925035951,0.4933408823639734,-0.11513679296297143,Jackson_Pollock_13.jpg,Jackson_Pollock,Expresionismo abstracto,2
106.45748,108.5043,108.382935,76.34031,74.20127,70.10489,0.0,0.0,0.0,255.0,255.0,255.0,0.3585217,0.25243923,0.48920012,0.29487076,0.28623032569885254,0.8223840594291687,0.6635507941246033,0.25,0.7803187966346741,0.7075926661491394,4.039945602416992,3.2134296894073486,6.104092121124268,4.156444549560547,4.297281742095947,3.4394850730895996,6.03566312789917,4.057007312774658,0.0017983486177399755,0.10295275590551181,0.00151949399150908,0.08279527559055118,0.0016564418328925967,0.11393700787401574,0.0015793663915246725,0.09271653543307086,0.0015460733557119966,0.11425196850393701,0.0015672730514779687,0.1312992125984252,0.0017630294896662235,0.07559055118110236,0.0018075094558298588,0.11145669291338582,0.0016936368774622679,0.075,-1418.843721394316,0.9319144487380981,1.142519570787413,0.49223267605033405,-0.13535500976332657,Jackson_Pollock_14.jpg,Jackson_Pollock,Expresionismo abstracto,2
114.40863,103.001526,80.71863,59.624283,57.18586,51.632244,0.0,0.0,0.0,255.0,255.0,253.0,0.35275114,0.20321207,0.4487456,0.23375599,0.22378794848918915,0.960705041885376,0.6150023937225342,0.25,1.0337733030319214,0.8436051607131958,3.609866142272949,2.685798406600952,5.332859039306641,3.036860227584839,3.1839206218719482,2.2846407890319824,5.369968414306641,3.0796802043914795,0.0017338864272460341,0.088989898989899,0.001739709870889783,0.10717171717171717,0.0014233753317967057,0.03212121212121212,0.0017266209470108151,0.17267676767676768,0.0016229086322709918,0.12474747474747475,0.0013594789197668433,0.046464646464646465,0.001750995754264295,0.17237373737373737,0.0016541830264031887,0.11419191919191919,0.0013325244653970003,0.03641414141414141,-1419.5140598824235,1.0182939767837524,1.2542314243375987,0.4696803586011606,-0.10423072288252985,Jackson_Pollock_15.jpg,Jackson_Pollock,Expresionismo abstracto,2
131.78906,111.63069,94.77867,66.457726,64.86293,61.049313,0.0,0.0,0.0,255.0,255.0,250.0,0.3710589,0.23444387,0.51682734,0.26061848,0.2538679540157318,1.0040415525436401,0.697452187538147,0.25,1.067449927330017,0.8825005292892456,4.084909439086914,2.8527519702911377,6.062957286834717,3.4637835025787354,3.8555402755737305,2.664281129837036,6.086511135101318,3.4651999473571777,0.002041124040260911,0.14232693911592995,0.0020316916052252054,0.10913261050875729,0.0018350513419136405,0.08794829024186822,0.0017614862881600857,0.13928273561301086,0.001516768941655755,0.06897414512093411,0.0016690894262865186,0.08265221017514596,0.0017636427655816078,0.12397831526271894,0.0015362737467512488,0.062051709758131776,0.0018300270894542336,0.08390325271059217,-1419.5654257797273,0.8539699912071228,0.6895496809252306,0.4938412696454448,-0.11141963878000638,Jackson_Pollock_2.jpg,Jackson_Pollock,Expresionismo abstracto,2
122.30238,111.26066,84.18283,64.111244,60.734093,52.804264,0.0,0.0,0.0,255.0,255.0,251.0,0.39496702,0.26532745,0.49112606,0.24340668,0.23364365100860596,0.8183167576789856,0.5655063986778259,0.25,0.7965099811553955,0.6665850281715393,4.051819801330566,2.853703737258911,5.7834672927856445,3.3246726989746094,3.6247355937957764,2.627512216567993,5.848073482513428,3.289581298828125,0.0017337641911581159,0.06666666666666667,0.0015925080515444279,0.07228739002932551,0.0016971278237178922,0.10043988269794721,0.001701026107184589,0.09364613880742913,0.0016151582822203636,0.0706256109481916,0.0017199437133967876,0.12869012707722385,0.0019763691816478968,0.1701368523949169,0.0016512915026396513,0.07541544477028347,0.0017347317188978195,0.12052785923753666,-1419.5654257797273,0.94257652759552,0.7074855128514949,0.4929335713426907,-0.09995157732915455,Jackson_Pollock_3.jpg,Jackson_Pollock,Expresionismo abstracto,2
154.96649,132.61446,100.96419,83.74938,83.46914,77.55343,0.0,0.0,0.0,255.0,255.0,255.0,0.44012016,0.2991814,0.6119543,0.32739726,0.3177691400051117,1.1484495401382446,0.8613234758377075,0.25,1.1035749912261963,0.9751687049865723,4.985436916351318,3.694535732269287,7.294815540313721,4.597602367401123,5.032216548919678,3.6800177097320557,7.298627853393555,4.470867156982422,0.00198896205984056,0.10293916609706083,0.0020013712346553802,0.10246069719753931,0.002318033715710044,0.12474367737525632,0.0020968487951904535,0.07645249487354751,0.0021842678543180227,0.10704032809295967,0.0020342913921922445,0.09070403280929597,0.0021067261695861816,0.08421052631578947,0.0018783222185447812,0.0885850991114149,0.0021588951349258423,0.12423103212576897,-1413.228433741814,1.047453761100769,1.068779752236119,0.5063137950549124,-0.14034391996427742,Jackson_Pollock_4.jpg,Jackson_Pollock,Expresionismo abstracto,2
160.47983,150.35294,109.91772,59.194263,54.546833,48.346596,0.0,0.0,0.0,255.0,255.0,248.0,0.35121468,0.16624615,0.63889897,0.2271022,0.21342043578624725,0.7657005190849304,0.54937744140625,0.25,0.6921758651733398,0.5709515810012817,4.595405578613281,2.9732000827789307,7.622704029083252,3.656886100769043,4.450109958648682,2.805447816848755,7.579441547393799,3.555516242980957,0.002279444132000208,0.07287725935266919,0.002261332469061017,0.094630096679277,0.002399515826255083,0.07934005884825557,0.0023388739209622145,0.14475620008406895,0.0024149424862116575,0.14848675914249684,0.0023608237970620394,0.12668137873055907,0.0022407053038477898,0.08653846153846154,0.002226894022896886,0.09331651954602774,0.002073267474770546,0.056010928961748634,-1419.5460943270318,1.0552825927734375,1.480528404682025,0.49831809826957213,-0.16257266276444757,Jackson_Pollock_5.jpg,Jackson_Pollock,Expresionismo abstracto,2
80.108246,85.54951,81.72978,55.883842,57.990334,58.252563,0.0,0.0,0.0,255.0,255.0,255.0,0.19890942,0.1922625,0.34492913,0.22690898,0.223833367228508,0.8624309301376343,0.602948009967804,0.2500023200348933,0.899120032787323,0.752811074256897,3.180421829223633,2.662119150161743,4.5079665184021,3.13071870803833,3.3277158737182617,2.7425498962402344,4.551230430603027,3.2123591899871826,0.0012624250957742333,0.09167085637673873,0.001208881731145084,0.10059493883023295,0.0011596963740885258,0.07809619574325456,0.0011571368668228388,0.0639768728004022,0.001364325755275786,0.13130551365845483,0.0013037524186074734,0.09824870118987766,0.0013555658515542746,0.11421149656443774,0.0014153284719213843,0.12887548181665828,0.0013289990602061152,0.09376571141277024,-1419.109677554406,1.0625405311584473,1.3119678674233959,0.499073162341792,-0.12707419153812527,Jackson_Pollock_6.jpg,Jackson_Pollock,Expresionismo abstracto,2
89.26461,83.713005,95.07006,67.641846,66.34464,63.082104,0.0,0.0,0.0,255.0,255.0,255.0,0.3706341,0.2394423,0.42079532,0.25923657,0.25450435280799866,0.7401020526885986,0.6749143600463867,0.25,0.6594952344894409,0.6686918139457703,3.8694660663604736,3.545416831970215,4.728244304656982,3.603955030441284,3.6487019062042236,3.5651142597198486,4.720257759094238,3.605849266052246,0.0012627590913325548,0.0785024154589372,0.0012028721394017339,0.05753623188405797,0.0012085635680705309,0.06024154589371981,0.0016270076157525182,0.13801932367149758,0.002007626462727785,0.19352657004830917,0.0015340542886406183,0.17405797101449275,0.0010897762840613723,0.06314009661835748,0.0012554314453154802,0.10739130434782608,0.000840856577269733,0.03256038647342995,-1418.7691840026052,1.5020850896835327,1.9246248019230232,0.4849481290655777,-0.11769265124621024,Jackson_Pollock_7.jpg,Jackson_Pollock,Expresionismo abstracto,2
134.66414,114.75669,105.547646,56.688335,53.912098,54.30918,0.0,0.0,0.0,255.0,255.0,255.0,0.26793334,0.17314765,0.5282266,0.22217228,0.21427807211875916,0.8060302734375,0.5164828896522522,0.25,0.7655928134918213,0.6335557699203491,3.9222185611724854,2.710909605026245,6.114935398101807,3.21268367767334,3.532911539077759,2.3842267990112305,6.102546215057373,3.2026774883270264,0.001708726747892797,0.04275167785234899,0.0018474702956154943,0.1071476510067114,0.0014117067912593484,0.018053691275167785,0.002094371011480689,0.16590604026845637,0.002351502887904644,0.2726174496644295,0.001822285819798708,0.06671140939597316,0.0018109411466866732,0.06869127516778524,0.0019111853325739503,0.12224832214765101,0.001603622455149889,0.035671140939597314,-1419.5525403639592,1.277843952178955,2.7267842428121383,0.4824516448557592,-0.15945035330139398,Jackson_Pollock_8.jpg,Jackson_Pollock,Expresionismo abstracto,2
123.34084,105.776146,97.423065,64.74293,61.314884,58.95661,0.0,0.0,0.0,255.0,255.0,255.0,0.26814616,0.17799981,0.4855895,0.25289088,0.241673082113266,0.8155335187911987,0.6515915989875793,0.25,0.6949633359909058,0.6176038384437561,4.867985725402832,3.7897558212280273,5.9766669273376465,3.685321569442749,3.698906421661377,2.7688798904418945,6.103748321533203,3.945014715194702,0.001847312436439097,0.10987460815047022,0.0017724058125168085,0.06431556948798328,0.00158204126637429,0.04049111807732497,0.001729076262563467,0.13918495297805641,0.0016990223666653037,0.10334378265412748,0.001680828514508903,0.08787878787878788,0.0017000078223645687,0.15501567398119123,0.0016492340946570039,0.12434691745036573,0.0015841728309169412,0.07722048066875653,-1419.2953390476985,1.0030838251113892,1.031521510204024,0.4879353917133086,-0.09065725704870882,Jackson_Pollock_9.jpg,Jackson_Pollock,Expresionismo abstracto,2
132.40506,87.85782,52.89744,57.649376,63.108265,44.155525,0.0,0.0,0.0,255.0,255.0,255.0,0.63948905,0.21479249,0.5234885,0.22811435,0.2226836234331131,0.505469799041748,0.33796998858451843,0.2500002419875502,0.851090669631958,0.7599515914916992,2.487366199493408,1.7052336931228638,4.829982280731201,2.4973108768463135,2.5008654594421387,1.7092915773391724,4.831150531768799,2.531219244003296,0.002028212882578373,0.22646591464692323,0.0011411822633817792,0.027951910316407067,0.0018421667627990246,0.1465041558985821,0.0015267763519659638,0.11216560731996927,0.0010190196335315704,0.024917929733882797,0.001871323911473155,0.19976252008102255,0.0013055643066763878,0.05706502758957882,0.001201554900035262,0.032347908081301946,0.0015205175150185823,0.07464028776978417,-1419.5134500251706,0.6815471649169922,0.2486760457018292,0.5044609576845961,-0.547699212888761,Joan_Miro_001.jpg,Joan_Miro,Surrealismo,0
102.43632,104.8388,91.289635,72.1041,70.31623,78.96496,0.0,0.0,0.0,255.0,255.0,255.0,0.48180917,0.28742942,0.51174146,0.3235622,0.26084190607070923,0.578213632106781,0.3612358272075653,0.24999982676723406,1.436371922492981,1.150467038154602,2.639096260070801,1.6623681783676147,5.12191104888916,2.657533645629883,2.6432688236236572,1.6152088642120361,5.1162943840026855,2.649489641189575,0.0012014304520562291,0.029622688655672164,0.001929001067765057,0.15276736631684157,0.0013083224184811115,0.048794352823588204,0.0009615625021979213,0.03488255872063968,0.001974497688934207,0.15617816091954023,0.0012351280311122537,0.05319215392303848,0.0014864667318761349,0.08405797101449275,0.0021335261408239603,0.16854697651174413,0.001957786036655307,0.17130809595202398,-1419.5104294534212,1.2525172233581543,1.562909656887975,0.5224510935365718,-0.5204609505653776,Joan_Miro_002.jpg,Joan_Miro,Surrealismo,0
115.32579,71.488594,40.87005,62.9671,51.986027,32.729797,0.0,0.0,0.0,255.0,255.0,255.0,0.6622455,0.22956988,0.46650198,0.2341957,0.19192154705524445,0.3386424481868744,0.23963181674480438,0.25,0.5489947199821472,0.5484423637390137,2.119105339050293,1.4093234539031982,4.044098377227783,2.1948599815368652,2.170215129852295,1.5388885736465454,4.042172908782959,2.1849794387817383,0.0013111912412568927,0.12933983826013715,0.0015253700548782945,0.1877138273859942,0.0017884444678202271,0.21352690380311082,0.0010450908448547125,0.05371296616144648,0.0008470446337014437,0.020570017082530864,0.0010648940224200487,0.06796575922622287,0.0011953754583373666,0.08174535199004386,0.0012041893787682056,0.032409488612434756,0.0012455321848392487,0.11350655619016974,-1419.5654257797273,0.6790104508399963,0.20558805709903596,0.5185423741405606,-0.5119986822686903,Joan_Miro_003.jpg,Joan_Miro,Surrealismo,0
131.00311,134.9602,60.738472,62.201862,69.35807,46.829933,0.0,0.0,0.0,255.0,255.0,255.0,0.64695174,0.19823463,0.5598561,0.26668546,0.24799388647079468,0.45666277408599854,0.45614340901374817,0.25,0.4723411500453949,0.46313321590423584,3.8069117069244385,2.6020283699035645,6.414989948272705,3.21022367477417,3.6475203037261963,2.273003339767456,6.765120983123779,3.6220755577087402,0.0027756202034652233,0.2795883755042171,0.002545724855735898,0.22031994866153282,0.0021934357937425375,0.09761184451778511,0.0019711912609636784,0.12497708104143748,0.0017079436220228672,0.06694627796112945,0.0015361026162281632,0.051315548221488816,0.0014643544564023614,0.012307480748074808,0.001660794485360384,0.03176567656765677,0.0015013767406344414,0.020604143747708106,-1419.5483323416483,0.8856263160705566,0.6654431576693306,0.48221941919512806,-0.2006543847347617,Joan_Miro_004.jpg,Joan_Miro,Surrealismo,0
137.47577,124.328995,77.15764,51.736015,60.25928,67.508095,11.0,0.0,0.0,255.0,255.0,255.0,0.65363896,0.2030265,0.6365791,0.21035013,0.1900053471326828,0.28949564695358276,0.32852545380592346,0.2500011689070719,0.1690264642238617,0.20337772369384766,3.4479575157165527,2.1308915615081787,6.335020542144775,3.2567639350891113,3.3822200298309326,2.0791754722595215,6.190634727478027,2.4771711826324463,0.0016175463097169995,0.031183842831738504,0.001800825702957809,0.08650182064527055,0.0016678572865203023,0.01183419425861631,0.001672631362453103,0.035269709543568464,0.0020261083263903856,0.08631128800067744,0.002019830048084259,0.21187230078753494,0.0019497108878567815,0.07043356761791854,0.002081681275740266,0.09319163349987297,0.0021643820218741894,0.27216529765433145,-1419.5085134359142,1.072603702545166,0.8643000971793672,0.5113534558894245,-0.2176672957822731,Joan_Miro_005.jpg,Joan_Miro,Surrealismo,0
122.14171,113.38543,75.737724,68.04031,64.942696,53.176624,0.0,0.0,0.0,255.0,255.0,255.0,0.48881093,0.24259134,0.53236026,0.2524055,0.2346765547990799,0.4464570879936218,0.4185909628868103,0.25,0.4203498065471649,0.44622454047203064,3.275653123855591,2.404465436935425,5.767836570739746,3.1252784729003906,3.1176249980926514,2.079810619354248,5.761200904846191,3.1000449657440186,0.002155210357159376,0.1153728231542801,0.001900137634947896,0.15050895266127054,0.001997598446905613,0.13425487928799187,0.0017145498422905803,0.11273170048004486,0.0015451754443347454,0.15742492729247695,0.0017361727077513933,0.13225323241879533,0.001614211592823267,0.022837170188163565,0.0013877848396077752,0.019981428921826274,0.0014120290288701653,0.05461824170433442,-1419.3463325586367,0.899347722530365,1.57427822895801,0.49356796048483487,-0.43963926280578297,Joan_Miro_006.jpg,Joan_Miro,Surrealismo,0
149.83849,133.69493,84.18012,60.430336,46.294453,35.07768,0.0,0.0,0.0,255.0,255.0,255.0,0.45632926,0.2035539,0.6110109,0.21663648,0.18307435512542725,0.3599610924720764,0.2234511375427246,0.2500001019534693,0.4227483868598938,0.38617002964019775,3.407528877258301,1.4949125051498413,6.61743688583374,2.223836660385132,3.426041603088379,1.5810455083847046,6.627218723297119,2.3324522972106934,0.002087715780362487,0.1260326933819422,0.002062621060758829,0.10144283068238615,0.0022881117183715105,0.17618263605092171,0.0020692755933851004,0.06889277629141799,0.002010839758440852,0.08394216917061123,0.002196884946897626,0.20338179519595448,0.001827578409574926,0.02644944580013524,0.0020398630294948816,0.04711801370064387,0.0018085071351379156,0.06612545203304619,-1419.0918871243491,0.9840181469917297,0.8398248988186167,0.5060868259219501,-0.6116074948177799,Joan_Miro_007.jpg,Joan_Miro,Surrealismo,0
152.15561,93.20995,23.07483,83.538864,68.414856,26.83781,0.0,0.0,0.0,255.0,255.0,255.0,0.85447496,0.14381973,0.5988343,0.326792,0.25581660866737366,0.4101483225822449,0.49072787165641785,0.25,0.3418729603290558,0.37384504079818726,3.9116334915161133,3.084540843963623,5.612703323364258,3.382944345474243,3.2779221534729004,2.3944573402404785,5.470420837402344,3.0426087379455566,0.0018047442426905036,0.20418344439297295,0.0014550063060596585,0.028186580194562234,0.001880901399999857,0.010155721056194989,0.0020030022133141756,0.23163952535366852,0.001138955820351839,0.08231479171863308,0.0016469033434987068,0.06594091864732922,0.001747078844346106,0.21549727399066387,0.0009954810375347733,0.04106831058689377,0.0015654098242521286,0.018921711862594875,-1419.4579392135327,0.7199683785438538,0.8250653986886689,0.4865209351202444,-0.2672410291571364,Joan_Miro_008.jpg,Joan_Miro,Surrealismo,0
111.3229,94.1214,76.92815,72.01951,68.95205,51.335754,0.0,0.0,0.0,255.0,255.0,255.0,0.41591296,0.21592039,0.46668258,0.27768534,0.2563106417655945,0.45928481221199036,0.36713406443595886,0.24999981147797498,0.45247435569763184,0.4462081789970398,2.8923497200012207,2.3352513313293457,4.96351432800293,3.1911191940307617,2.698974370956421,2.0156924724578857,5.030033111572266,3.38749623298645,0.002249175915494561,0.34842376734873937,0.002222870709374547,0.2855101971563338,0.001769405440427363,0.05895686993111405,0.0013113522436469793,0.0440836132885405,0.0013647361192852259,0.07274423970952526,0.0012768827145919204,0.03838949404458923,0.0012481039157137275,0.03683871186670739,0.0009843807201832533,0.012253554582781906,0.001039847731590271,0.0027825850894159965,-1417.7586256112072,0.9120640158653259,0.7274560384981984,0.4692877969688691,-0.45693153866902225,Joan_Miro_009.jpg,Joan_Miro,Surrealismo,0
144.90384,126.72141,79.42446,61.867405,60.399788,79.878494,0.0,0.0,0.0,255.0,255.0,255.0,0.6273869,0.33459315,0.6242623,0.24554586,0.21890844404697418,0.4035092890262604,0.4394241273403168,0.25000133779264216,0.5098885893821716,0.5252115726470947,3.6013922691345215,2.112983226776123,6.405019283294678,2.697093963623047,3.706228733062744,2.3632967472076416,6.4683637619018555,3.021435260772705,0.002294361824169755,0.11433488462284273,0.0022460282780230045,0.14603936397130116,0.0023081323597580194,0.07024432809773123,0.0015318336663767695,0.07470428543726973,0.0014163065934553742,0.07344386271087842,0.0020891621243208647,0.2590895869691681,0.002079938305541873,0.011586193523366298,0.0019973660819232464,0.09947643979057591,0.00156466756016016,0.053083187899941826,-1419.5654257797273,0.7272274494171143,0.7328083540443735,0.5000394390856406,-0.19362146012357725,Joan_Miro_010.jpg,Joan_Miro,Surrealismo,0
92.71873,89.5995,61.28806,57.213932,52.451828,35.355713,0.0,0.0,0.0,255.0,255.0,255.0,0.40879256,0.201529,0.40167022,0.22209078,0.1958264857530594,0.4229244887828827,0.3221435248851776,0.25,0.5104783177375793,0.488215833902359,2.3387563228607178,1.7860596179962158,4.373377799987793,2.506730079650879,2.297389030456543,1.597156286239624,4.374264717102051,2.4995148181915283,0.0016421363689005375,0.08366704706573988,0.0014502014964818954,0.11451049555624719,0.0017398868221789598,0.05392329771414739,0.0013867277884855866,0.1377701697963136,0.001669223653152585,0.24293322267178477,0.0016456454759463668,0.20327143202960196,0.0007121408125385642,0.006366497216170419,0.0008807099075056612,0.030393885949441504,0.0009522080654278398,0.027046374105197633,-1419.5345947668795,1.2437328100204468,2.4296493982670193,0.5147903600205251,-0.5424004299645359,Joan_Miro_011.jpg,Joan_Miro,Surrealismo,0
137.20956,133.3987,141.16672,80.700516,53.243206,59.245533,0.0,0.0,0.0,255.0,255.0,255.0,0.5431685,0.21155937,0.73635304,0.19479333,0.21448233723640442,0.5083774328231812,0.5727274417877197,0.25,0.60467529296875,0.6798645853996277,3.6537675857543945,2.215128183364868,6.765201091766357,2.6910650730133057,3.9081099033355713,2.806102991104126,6.762093544006348,2.699848175048828,0.001473254058510065,0.0,0.0015247471164911985,0.009566469364901615,0.0016223075799643993,0.0,0.0024354299530386925,0.2398656215005599,0.0028914485592395067,0.4928491441369381,0.002152427099645138,0.050999840025595905,0.002093912335112691,0.024156135018397057,0.002279855776578188,0.040681490961446166,0.0022602672688663006,0.04412094064949608,-1419.3228273729617,1.3890999555587769,4.916256890044688,0.5019577820337043,-0.26739554506505664,Joan_Miro_012.jpg,Joan_Miro,Surrealismo,0
118.50717,113.6506,111.98924,71.312904,68.02431,66.76159,0.0,0.0,0.0,255.0,255.0,255.0,0.34683877,0.25202712,0.52351314,0.26448593,0.26383456587791443,0.5159331560134888,0.3370635211467743,0.25,1.175711750984192,0.9781440496444702,3.2949063777923584,2.078000545501709,5.832625865936279,2.9269046783447266,3.228686809539795,2.1570193767547607,5.788330554962158,2.707612991333008,0.002417654264718294,0.2851915794559186,0.0021137266885489225,0.17337709856413097,0.0020597977563738823,0.11970074812967581,0.001458786427974701,0.04274925222556145,0.0015667886473238468,0.07501900519356879,0.0014895403292030096,0.03964447854722169,0.001176632009446621,0.018031843468252446,0.0017479812959209085,0.07574368921002338,0.0018363067647442222,0.055623050635519464,-1415.4721562759605,0.888688862323761,0.762835460575979,0.5081639153779252,-0.3417983040307663,Joan_Miro_013.jpg,Joan_Miro,Surrealismo,0
175.84767,133.56204,45.40727,74.45648,70.211685,34.330563,3.0,0.0,0.0,255.0,255.0,255.0,0.6857678,0.22242513,0.6902089,0.29155788,0.24468529224395752,0.31006449460983276,0.38671982288360596,0.25,0.18554218113422394,0.2639022767543793,3.8997507095336914,2.3807413578033447,6.974494934082031,3.4000117778778076,3.7697598934173584,2.249513864517212,6.861424922943115,3.284153699874878,0.002358406549319625,0.0131884461781369,0.0020325237419456244,0.11925327389244915,0.002863069996237755,0.10499674932664624,0.0027616301085799932,0.5108200984489645,0.0018059678841382265,0.06431689421380143,0.0018663366790860891,0.007894492430574905,0.0020977086387574673,0.05588836258939352,0.0014449895825237036,0.020363146651806444,0.0015928625361993909,0.006315593944459924,-1419.5654257797273,0.8634757399559021,0.6410057985031524,0.4789136100756003,-0.21467334179885322,Joan_Miro_014.jpg,Joan_Miro,Surrealismo,0
144.08154,114.38742,67.86424,81.90318,68.24736,45.83349,0.0,0.0,0.0,255.0,249.0,196.0,0.5817013,0.18189201,0.5658618,0.3204613,0.2708991765975952,0.4822121262550354,0.5847251415252686,0.25,0.29511958360671997,0.31205815076828003,4.450207233428955,3.3580009937286377,7.06503963470459,4.398739814758301,3.989949941635132,2.829249143600464,7.098773002624512,4.305577754974365,0.00207518320530653,0.025792328923574758,0.0015741790411993861,0.09178008311919038,0.0021213556174188852,0.0007296722819707497,0.0020449322182685137,0.13118238634561086,0.0018716402119025588,0.16471558643444054,0.001962969545274973,0.03900574220361029,0.0017460159724578261,0.19442593826337998,0.0015244986861944199,0.17772278798261476,0.0014026359422132373,0.07414104882459313,-1419.5654257797273,1.0319331884384155,1.6480794033992885,0.4888446735955405,-0.2670906256124114,Joan_Miro_015.jpg,Joan_Miro,Surrealismo,0
140.56409,80.32049,78.30613,79.5702,71.05651,67.26289,0.0,0.0,0.0,255.0,255.0,255.0,0.6074957,0.3102366,0.5843574,0.28555274,0.25627490878105164,0.46677708625793457,0.539811372756958,0.25,0.3646225929260254,0.39918145537376404,3.674560546875,3.214524030685425,5.390813827514648,3.9275622367858887,3.1785905361175537,2.5187816619873047,5.217282295227051,3.445657253265381,0.001221786136738956,0.03726112155388471,0.001766707981005311,0.19145520050125314,0.0016411689575761557,0.15965695488721804,0.0014639028813689947,0.05500078320802005,0.001817435258999467,0.1252937030075188,0.00207470147870481,0.31277412280701755,0.001063482603058219,0.0007636278195488721,0.0014221911551430821,0.015135494987468672,0.0011121213901787996,0.0049146303258145365,-1419.4539224987614,1.2041677236557007,1.249804562831995,0.5316721174435396,-0.26755889260438126,Joan_Miro_016.jpg,Joan_Miro,Surrealismo,0
137.87671,132.19249,68.08689,69.351585,59.11886,36.737,0.0,0.0,0.0,255.0,247.0,197.0,0.5635206,0.16979155,0.56468904,0.25651854,0.2299439013004303,0.4139906167984009,0.48189491033554077,0.25,0.33028528094291687,0.3573330044746399,3.9555821418762207,2.5212881565093994,6.675053596496582,2.9347898960113525,4.196683883666992,2.775402545928955,6.78068208694458,3.162167549133301,0.0021243831142783165,0.058646616541353384,0.0018013563239946961,0.10585506318988962,0.0022019261959940195,0.06544552871540553,0.001925879274494946,0.14568868980963046,0.00149488914757967,0.08693009118541034,0.0019011658150702715,0.12294032954727244,0.001831238274462521,0.0751719724844025,0.0020953540224581957,0.1369860822268437,0.0021335931960493326,0.1013437849944009,-1419.5654257797273,0.7683665156364441,0.8702598911686548,0.5076022091938677,-0.2457374748172344,Joan_Miro_017.jpg,Joan_Miro,Surrealismo,0
141.58025,122.759575,93.66833,58.16667,58.178123,65.54395,0.0,0.0,0.0,255.0,255.0,255.0,0.46605724,0.26301613,0.5866983,0.22856651,0.22126421332359314,0.5651248693466187,0.4787507653236389,0.24999963212301807,0.5374014377593994,0.4884423017501831,3.721205234527588,2.3793678283691406,6.426529884338379,3.023530960083008,3.699664831161499,2.424191951751709,6.4713006019592285,3.091968059539795,0.0024829308968037367,0.2682959977194227,0.0025177698116749525,0.26994676443094956,0.0023096981458365917,0.07064154495853195,0.0018184934742748737,0.09518095452767521,0.0020676327403634787,0.15726701980257096,0.001829112065024674,0.03199437811176155,0.001412964891642332,0.003861733371342955,0.0013883006758987904,0.002970054163710977,0.0014859526418149471,0.0006397549705314938,-1418.7954642626792,1.0748426914215088,1.5712764896476576,0.498066581397875,-0.49001549142758505,Joan_Miro_018.jpg,Joan_Miro,Surrealismo,0
137.62733,149.38315,121.57321,65.081726,51.27108,60.483276,0.0,0.0,0.0,255.0,255.0,255.0,0.4613264,0.22338773,0.65925384,0.20798291,0.1928389072418213,0.5548242926597595,0.5407537221908569,0.25,0.5331325531005859,0.5658889412879944,3.8838584423065186,1.9887816905975342,7.2268147468566895,2.949906826019287,3.877305507659912,2.1069254875183105,7.148693561553955,2.5678586959838867,0.0021981040481477976,0.027333038478549315,0.002353366930037737,0.16920241780922896,0.0023642880842089653,0.062214359427981716,0.0016062763752415776,0.010084033613445379,0.001957257743924856,0.16653398201385816,0.001929260091856122,0.08395989974937343,0.002337036654353142,0.052572607990564645,0.002406093757599592,0.13802152439923338,0.0025896080769598484,0.18938522777532066,-1419.5594411142308,0.8923043012619019,1.6666227840289816,0.5133788741618303,-0.27201691756128843,Joan_Miro_019.jpg,Joan_Miro,Surrealismo,0
144.73332,131.21367,96.91462,64.76015,57.541,57.42382,0.0,0.0,0.0,255.0,255.0,255.0,0.4826269,0.20263748,0.6248725,0.22823563,0.21773602068424225,0.42966416478157043,0.3610822856426239,0.25,0.45316824316978455,0.44146353006362915,3.720414161682129,2.4070889949798584,6.5634894371032715,2.804142713546753,3.6568353176116943,2.2606101036071777,6.597685813903809,2.973958730697632,0.0024659927003085613,0.12863656358859127,0.0022327066399157047,0.10429967542889752,0.002136064926162362,0.06573159277621239,0.002263008151203394,0.17601740557120948,0.0020115976221859455,0.06927453008524449,0.0018853407818824053,0.0275528765559796,0.0020634280517697334,0.16635457906813617,0.00161877297796309,0.06858199284279107,0.0014988819602876902,0.09249979194160098,-1419.5000213954875,0.9960659146308899,0.6935551437254187,0.47313054705484286,-0.6259820851294821,Joan_Miro_020.jpg,Joan_Miro,Surrealismo,0
131.48729,102.29894,49.603283,64.053345,58.992004,36.27699,0.0,0.0,0.0,255.0,241.0,224.0,0.67247194,0.21955134,0.5327246,0.24266744,0.214152529835701,0.5497692823410034,0.5728921890258789,0.25,0.5224669575691223,0.5599822402000427,3.232928514480591,2.043865442276001,5.513897895812988,2.906855583190918,3.5138869285583496,2.496856212615967,5.458232879638672,2.8394908905029297,0.002063953783363104,0.08777840828486311,0.0021665184758603573,0.2202794722655696,0.0021349170710891485,0.217974180734856,0.0010431203991174698,0.038356504468718966,0.0013277323450893164,0.036884664491417224,0.001257051364518702,0.059937579798552985,0.001429705647751689,0.060611434245992336,0.001606802805326879,0.08135905802241453,0.0015022697625681758,0.09724783657256349,-1419.5654257797273,0.8222858309745789,0.36867081806511554,0.508114484047711,-0.2052888732069796,Joan_Miro_021.jpg,Joan_Miro,Surrealismo,0
127.67464,115.32589,110.22523,80.69729,73.200516,77.573044,0.0,0.0,0.0,255.0,255.0,255.0,0.34358948,0.29882511,0.55789953,0.29710266,0.2829749882221222,0.37456250190734863,0.455456018447876,0.25,0.3676874339580536,0.42243677377700806,3.5920112133026123,2.980318784713745,6.121891021728516,3.569420576095581,3.3423380851745605,2.538884162902832,6.122138500213623,3.5546457767486572,0.002185986377298832,0.30386720580875287,0.002301712054759264,0.1876246236465177,0.0017847530543804169,0.04045154473740656,0.0021395853254944086,0.21618379554969455,0.001980686793103814,0.08475996790568721,0.0012835431843996048,0.01581280435974229,0.0016808154759928584,0.030799418489184056,0.0014603955205529928,0.005338459949634173,0.0015646469546481967,0.008551863297293433,-1415.3222023170424,1.0881423950195312,0.853871102592059,0.46874040974311665,-0.5855438252328468,Joan_Miro_022.jpg,Joan_Miro,Surrealismo,0
174.85587,106.39247,80.97811,76.92861,65.15912,52.385593,0.0,0.0,0.0,255.0,255.0,255.0,0.60772365,0.20863271,0.70596176,0.26956508,0.24618349969387054,0.44346103072166443,0.4701232612133026,0.24999992837991647,0.5228374004364014,0.5015543699264526,3.7112245559692383,2.459990978240967,6.288791656494141,3.0779428482055664,3.3634355068206787,1.987694263458252,6.496118545532227,3.261897563934326,0.001959800021722913,0.04615539499260429,0.0017886317800730467,0.07986845196147521,0.0018497351557016373,0.03747415375322352,0.0021463821176439524,0.08712992433922666,0.002689433516934514,0.31712215433145663,0.002415875205770135,0.1420362583153281,0.001421622233465314,0.0558821023937303,0.001640483271330595,0.09349565163518651,0.0012536044232547283,0.041831553459460435,-1419.4707048789255,1.4100770950317383,3.1677168687236485,0.4958931110528496,-0.6924396904090797,Joan_Miro_023.jpg,Joan_Miro,Surrealismo,0
161.80626,85.87317,54.59448,46.095024,56.069756,35.935734,0.0,0.0,0.0,255.0,255.0,255.0,0.69040024,0.15661202,0.63499254,0.17977542,0.19130581617355347,0.3155021369457245,0.2476770430803299,0.24999703190474087,0.3437306582927704,0.3537502884864807,2.783998966217041,1.5378731489181519,5.255074501037598,2.4487669467926025,2.6916446685791016,1.4336025714874268,5.258195877075195,2.4477949142456055,0.0021461276337504387,0.07866186682922409,0.002304122084751725,0.3863127747618616,0.0023401696234941483,0.22353842478561367,0.0015040157595649362,0.011711273851594957,0.0017756568267941475,0.15938316047877554,0.001506607630290091,0.040477347677927614,0.0010192031040787697,0.0005354509732851153,0.0010113237658515573,0.0002745902427103155,0.0009391384082846344,1.0983609708412621e-05,-1419.564178496783,1.0986121892929077,1.5922288261882613,0.5042863010008519,-0.5944021515962757,Joan_Miro_024.jpg,Joan_Miro,Surrealismo,0
152.71014,117.36975,91.36191,68.68968,70.49897,70.9978,4.0,0.0,0.0,255.0,255.0,255.0,0.53386414,0.27829373,0.6314412,0.24610525,0.2566916048526764,0.4574553370475769,0.49588802456855774,0.25000225377507324,0.2734900712966919,0.3297681212425232,4.091256618499756,3.5263783931732178,6.3388190269470215,3.5577967166900635,4.020641326904297,3.515220880508423,6.372006893157959,3.579057216644287,0.002673091134056449,0.18971544715447156,0.0018169339746236801,0.023739837398373983,0.0017984117148444057,0.0791869918699187,0.0025332309305667877,0.17520325203252032,0.0021844094153493643,0.1016260162601626,0.0017774784937500954,0.0459349593495935,0.0018210237612947822,0.18097560975609756,0.0015474902465939522,0.06121951219512195,0.0011098671238869429,0.025813008130081302,-1419.5103903221814,1.1388977766036987,1.0353394859082634,0.4498965385461164,-0.16272858569903076,Joan_Miro_025.jpg,Joan_Miro,Surrealismo,0
163.56514,152.88821,78.6948,73.80877,76.861275,55.604725,0.0,0.0,0.0,255.0,255.0,255.0,0.5372973,0.23414311,0.6455674,0.28945443,0.28128570318222046,0.6568713188171387,0.7106181383132935,0.25,0.550495445728302,0.6738905906677246,4.626763820648193,3.6471478939056396,7.638871669769287,3.95074200630188,4.891412734985352,3.7715020179748535,7.6204986572265625,3.8245842456817627,0.0023292512632906437,0.026457307060755338,0.002296820282936096,0.08893678160919541,0.0024543502368032932,0.15084154351395732,0.0021092717070132494,0.04669540229885057,0.0025654907803982496,0.1985632183908046,0.002822380280122161,0.29749589490968803,0.0016168849542737007,0.00603448275862069,0.0022478958126157522,0.049486863711001645,0.001984518254175782,0.03544745484400657,-1419.5034548916608,1.130340814590454,1.9857225583406406,0.5201215309582286,-0.24152904842024706,Joan_Miro_026.jpg,Joan_Miro,Surrealismo,0
158.6066,103.718094,69.352,59.08503,58.670574,43.647583,0.0,0.0,0.0,255.0,255.0,255.0,0.5830388,0.200564,0.6222644,0.23145922,0.2105109840631485,0.38166728615760803,0.36498749256134033,0.24998693409203684,0.414456844329834,0.41407305002212524,3.2552826404571533,2.1566531658172607,5.885069370269775,2.601294994354248,3.1477720737457275,1.7957097291946411,5.928918361663818,2.7596561908721924,0.0016346463235095143,0.12555618712739097,0.0019802723545581102,0.18753982207299502,0.0019952915608882904,0.02629776996391228,0.0015247546834871173,0.04525109386773123,0.0020191073417663574,0.23012597654959088,0.002190760336816311,0.06360692143980753,0.0015014000236988068,0.04080424063768193,0.0016099333297461271,0.0765694192917289,0.0016148155555129051,0.10251556530819972,-1419.5422213500276,1.1307252645492554,2.305699296599913,0.5160519984632251,-0.7137506787014217,Joan_Miro_027.jpg,Joan_Miro,Surrealismo,0
193.09041,138.54765,90.32711,72.56049,71.12651,77.52779,12.0,0.0,0.0,255.0,252.0,253.0,0.5587822,0.30636668,0.76008993,0.28031856,0.26117920875549316,0.2416311800479889,0.36321207880973816,0.25,0.2382439225912094,0.298354834318161,4.468755722045898,3.3600351810455322,7.434928894042969,3.2680983543395996,3.8977115154266357,2.124044895172119,7.427554130554199,3.178807020187378,0.0023342485073953867,0.16609706083390294,0.002615406410768628,0.06064166097060834,0.0015531573444604874,0.061218386876281616,0.0026378293987363577,0.2802247095010253,0.002475498244166374,0.05792891319207109,0.0026841822545975447,0.11346548188653452,0.0021659228950738907,0.10447282980177718,0.002422293648123741,0.008714969241285031,0.0018088527722284198,0.04966250854408749,-1419.5654257797273,1.0764344930648804,0.5777314326302613,0.48267739917125474,-0.28182880647486774,Joan_Miro_028.jpg,Joan_Miro,Surrealismo,0
131.65016,133.08528,138.72603,63.674164,66.56703,93.63133,0.0,0.0,0.0,255.0,255.0,255.0,0.5840584,0.24924894,0.72820914,0.25337058,0.23233817517757416,0.6181358695030212,0.5542434453964233,0.25000018058038537,0.6412659287452698,0.5630990266799927,4.100477695465088,2.994539260864258,6.831437587738037,3.0959994792938232,4.163121700286865,2.9883129596710205,6.8723673820495605,3.2131290435791016,0.0024711524602025747,0.09375589143507232,0.002092465991154313,0.03284576629286527,0.002338319318369031,0.03364862668616935,0.0024937887210398912,0.2636600032504469,0.001983796013519168,0.1165967820575329,0.002332682954147458,0.20074435234844792,0.001391824334859848,0.015576141719486429,0.0015641337959095836,0.06366325369738339,0.001780982012860477,0.07949618072484967,-1418.0043792587753,0.9677454829216003,1.1659845482919986,0.5014202404267429,-0.5069206504987416,Joan_Miro_029.jpg,Joan_Miro,Surrealismo,0
174.02693,137.29324,84.34783,66.12749,61.945927,46.56915,0.0,0.0,0.0,255.0,255.0,255.0,0.54901105,0.20050475,0.68872154,0.24861538,0.23263578116893768,0.41020992398262024,0.4313603639602661,0.2499997680858268,0.38628581166267395,0.4257179796695709,4.157721042633057,2.5028786659240723,7.255587100982666,2.921185255050659,3.913242816925049,2.0120432376861572,7.299561500549316,3.004298210144043,0.0022013119887560606,0.0878785343817969,0.0019528218545019627,0.05292789024594278,0.0016859754687175155,0.02006859628576209,0.002608370501548052,0.2131294964028777,0.0020068625453859568,0.0740798059227037,0.0020501618273556232,0.03414338296804417,0.0027303192764520645,0.2716663878199766,0.0020068057347089052,0.09157604149238749,0.0024454654194414616,0.05616948301823657,-1418.990347934774,0.9173910617828369,0.7394508549158862,0.4710824023076711,-0.6116465132485841,Joan_Miro_030.jpg,Joan_Miro,Surrealismo,0
131.6291,100.221436,59.471962,66.758125,45.36622,24.767662,0.0,0.0,0.0,255.0,235.0,203.0,0.5133269,0.20535378,0.5170293,0.26031464,0.18756075203418732,0.23845332860946655,0.29025062918663025,0.25,0.25825709104537964,0.25904569029808044,2.896632194519043,1.6709418296813965,5.310883522033691,2.345726490020752,2.8608386516571045,1.6446987390518188,5.383755683898926,2.3251113891601562,0.0014963870635256171,0.07893012347382217,0.0019488329999148846,0.32996482030764984,0.0015116550493985415,0.0912257708491412,0.001483122818171978,0.05030351107125612,0.002134881913661957,0.23704904462992343,0.0014735069125890732,0.04352624680968476,0.0016976722981780767,0.04249154997585707,0.001798278302885592,0.029851003655928812,0.00100727379322052,0.00010346968338276885,-1419.5654257797273,1.320391058921814,2.361449687449331,0.48041573581827923,-0.22507768814651805,Joan_Miro_031.jpg,Joan_Miro,Surrealismo,0
99.936714,103.04432,71.38018,59.587624,63.438847,45.35031,0.0,0.0,0.0,255.0,255.0,244.0,0.36054,0.17466494,0.41675818,0.24567872,0.23426994681358337,0.35017305612564087,0.3062572777271271,0.25,0.612815260887146,0.4826436936855316,2.568683624267578,1.6410307884216309,4.9614644050598145,2.877101182937622,2.7405169010162354,1.9543224573135376,4.975517749786377,2.948530912399292,0.002320254920050502,0.3358513105192889,0.0024101200979202986,0.32748928395755744,0.002187495119869709,0.23143138219380227,0.0010272004874423146,0.0010540369615627855,0.0010703912703320384,5.270184807813927e-05,0.000974175869487226,0.000193240109619844,0.001256516668945551,0.0008959314173283676,0.001263452460989356,0.00340805284238634,0.0011308806715533137,0.0017567282692713092,-1419.5654257797273,0.7062399983406067,0.0005257725411637713,0.49058770381348565,-0.18309381516184886,Joan_Miro_032.jpg,Joan_Miro,Surrealismo,0
102.43926,84.12601,67.18368,57.228413,51.16169,41.25061,0.0,0.0,0.0,255.0,255.0,255.0,0.35636345,0.21291205,0.40977004,0.22083472,0.19530817866325378,0.2955806255340576,0.32107052206993103,0.24999930827934289,0.2641497850418091,0.315303236246109,2.509474039077759,2.091515064239502,4.421688079833984,2.5287864208221436,2.3472628593444824,1.6585582494735718,4.430050849914551,2.548687696456909,0.0015007168985903263,0.12420257314943511,0.001778717851266265,0.05140596600021383,0.0018461741274222732,0.1826187675968495,0.0009119616006501019,0.022748494244271,0.0013287204783409834,0.11829715955664849,0.0013231426710262895,0.08878078334937096,0.0010244741570204496,0.09916247906197655,0.0011344398371875286,0.13201111942692184,0.0012817352544516325,0.07795003385722941,-1419.4445408170839,0.9858460426330566,1.1866932419383445,0.5264380054050966,-0.571345560342387,Joan_Miro_033.jpg,Joan_Miro,Surrealismo,0
149.44748,124.91197,71.10596,84.857796,75.98904,53.41474,0.0,0.0,0.0,255.0,255.0,255.0,0.5207594,0.24806224,0.59947205,0.32044572,0.28653764724731445,0.3598800301551819,0.39945584535598755,0.25,0.40462517738342285,0.4651623070240021,3.655320644378662,2.549565553665161,6.448023319244385,3.6716935634613037,3.5941002368927,2.590052843093872,6.422261714935303,3.6691417694091797,0.0023460425436496735,0.03557744937055282,0.0019921783823519945,0.03031817424621023,0.001007396960631013,0.01657504581042812,0.002027887152507901,0.14855072463768115,0.002129665808752179,0.09917065276885367,0.0016989291179925203,0.05481187977439852,0.0026490241289138794,0.3141286499607339,0.002023913897573948,0.15633254801170843,0.0015587655361741781,0.033816425120772944,-1417.5396530591004,1.0994096994400024,1.0036593977352732,0.43343368864324844,-0.38561851091029004,Joan_Miro_034.jpg,Joan_Miro,Surrealismo,0
133.98485,113.515854,79.23438,42.241077,37.982056,27.287306,1.0,0.0,0.0,255.0,251.0,232.0,0.40495482,0.10770869,0.52562493,0.165112,0.14789798855781555,0.1968153566122055,0.30140194296836853,0.25,0.163313627243042,0.2679978311061859,3.1950950622558594,1.7627944946289062,5.785121917724609,1.856223464012146,3.2254443168640137,1.8934129476547241,5.781730651855469,1.8259481191635132,0.0017266820650547743,0.033183811426489254,0.0018455770332366228,0.19999497405355146,0.0020413994789123535,0.1968788872554563,0.0016284381272271276,0.04867629135411562,0.0018677908228710294,0.13779888675286164,0.0017787190154194832,0.13076256172490483,0.0017719143070280552,0.02543128902961539,0.0016360540175810456,0.04076042569766419,0.0016835985006764531,0.06362848203852388,-1419.5654257797273,1.0519299507141113,1.413941150202414,0.5093674181701725,-0.24577756004838683,Joan_Miro_035.jpg,Joan_Miro,Surrealismo,0
167.21483,137.01714,91.690735,56.38213,49.053265,38.594055,0.0,0.0,0.0,255.0,255.0,255.0,0.4761311,0.13648447,0.6610918,0.20913796,0.19256055355072021,0.405667781829834,0.3245517909526825,0.25,0.4517894983291626,0.4135325253009796,3.7439849376678467,1.812827467918396,7.093377113342285,2.437241554260254,3.7660369873046875,1.8545769453048706,7.154585838317871,2.566976547241211,0.0023102459963411093,0.2404950495049505,0.002403693739324808,0.0942034203420342,0.0023332112468779087,0.10764626462646265,0.0024464717134833336,0.2888163816381638,0.0021394039504230022,0.06427092709270928,0.0019170452142134309,0.03657065706570657,0.0021082498133182526,0.041048604860486046,0.001971273683011532,0.02068856885688569,0.0018730993615463376,0.006795679567956796,-1419.3435604519277,0.9872761368751526,0.6423269839166862,0.4815707832469117,-0.5066194138165723,Joan_Miro_036.jpg,Joan_Miro,Surrealismo,0
235.82512,227.52467,93.357185,24.69708,32.310085,25.969572,11.0,0.0,0.0,255.0,255.0,255.0,0.6075787,0.09796645,0.92522633,0.097629435,0.11047590523958206,0.11584898829460144,0.21332399547100067,0.25,0.0830770954489708,0.1708054095506668,5.391206741333008,1.0699634552001953,10.650282859802246,1.5066328048706055,5.386812686920166,1.1128162145614624,10.655911445617676,1.5775114297866821,0.0033170164097100496,0.014035326395029817,0.003352299565449357,0.021449787996281434,0.00274390890263021,0.0,0.0036200322210788727,0.12101217604244609,0.003307549050077796,0.06700224474525543,0.0029787321109324694,0.00011337097249620208,0.0036475711967796087,0.3738747930979752,0.003586400533095002,0.2568759494818947,0.0031303169671446085,0.0008842935854703761,-1419.5258691514034,1.0028306245803833,0.7050822450578805,0.4777250071500081,-0.19769092990370604,Joan_Miro_037.jpg,Joan_Miro,Surrealismo,0
219.62386,157.10841,57.739532,51.393204,50.473377,35.44612,0.0,0.0,0.0,255.0,255.0,255.0,0.7340928,0.1572934,0.86185753,0.19733106,0.17515842616558075,0.3385399281978607,0.315192312002182,0.2500001864114967,0.4534611701965332,0.44775858521461487,4.349611759185791,1.7107435464859009,8.230449676513672,2.162051200866699,4.2574381828308105,1.529880404472351,8.220412254333496,2.1164848804473877,0.002775148255750537,0.09679112714351092,0.0027819026727229357,0.18191913209680458,0.0028037596493959427,0.19780197593345358,0.002476564608514309,0.037789054297789865,0.00243988330475986,0.12771556249495247,0.0026019038632512093,0.13961423533528952,0.002188346115872264,0.02992166258378873,0.002506926888599992,0.06530810025035669,0.0021791120525449514,0.024302097073787925,-1419.538735753498,0.9650742411613464,1.2755073332940692,0.501826987066145,-0.30884691872987424,Joan_Miro_038.jpg,Joan_Miro,Surrealismo,0
32.482445,20.692478,126.59292,25.558954,25.57164,29.102411,0.0,0.0,0.0,255.0,255.0,255.0,0.85340106,0.106337704,0.5037642,0.110830314,0.09088138490915298,0.20432063937187195,0.25023138523101807,0.25,0.2720884382724762,0.433417409658432,0.9738673567771912,0.9516900181770325,1.8200654983520508,1.0386769771575928,0.9424727559089661,0.773644208908081,1.8165783882141113,1.0099374055862427,0.0006638623890466988,0.15913543163118715,0.0005400321097113192,0.08758869879413173,0.0006018552230671048,0.11684297592616778,0.0006526639917865396,0.13253667667929128,0.0005078535759821534,0.0830177179922511,0.0004995330236852169,0.05332810935527404,0.0004930628929287195,0.05191328196421575,0.0005464073619805276,0.14039441034347655,0.000521020672749728,0.07733664185277088,-1419.5490861148096,0.9093385934829712,0.8282500862698609,0.48120014972935266,-0.25119892362585033,Joan_Miro_039.jpg,Joan_Miro,Surrealismo,0
229.6117,198.81152,41.503838,25.084064,34.609924,13.254756,39.0,0.0,0.0,255.0,255.0,208.0,0.81958854,0.06077094,0.8999635,0.09832021,0.10955646634101868,0.12255202233791351,0.19773440062999725,0.24999630838292405,0.08434983342885971,0.1537451446056366,4.805927276611328,1.172072410583496,9.446966171264648,1.5007268190383911,4.810550212860107,1.125190019607544,9.451319694519043,1.4838343858718872,0.0027200300246477127,0.010162646725985755,0.003014586865901947,0.1208423014622673,0.002490937476977706,0.0,0.0030644829384982586,0.1143630594448266,0.0032072747126221657,0.29558213326824506,0.0028284694999456406,0.0007766214746932345,0.003119934583082795,0.10036168371535714,0.0028962541837245226,0.24474671045332505,0.0029611012432724237,0.00938602525129252,-1419.5654257797273,1.0974146127700806,2.96828393068956,0.4926574428982698,-0.20210190783848117,Joan_Miro_040.jpg,Joan_Miro,Surrealismo,0
203.45886,206.75055,204.14919,73.00354,72.74264,70.18009,0.0,0.0,0.0,255.0,255.0,255.0,0.07811352,0.14673756,0.8167986,0.27515286,0.2838187515735626,0.17686083912849426,0.2709517478942871,0.2499900884270889,0.15739133954048157,0.23913581669330597,5.206947326660156,1.9895586967468262,10.244588851928711,3.5951290130615234,5.2280073165893555,2.032386302947998,10.228395462036133,3.5713250637054443,0.0034304442815482616,0.10826886846311944,0.0034246051218360662,0.06705654829869834,0.00353883090429008,0.11984756793788537,0.0036274485755711794,0.15561486640785568,0.0034359064884483814,0.1842030143868463,0.003502121428027749,0.1177708951815483,0.003218679688870907,0.06882635875770723,0.001869400730356574,0.037198133135419045,0.002379705896601081,0.01146451815482987,-1407.9491613900236,1.08780038356781,1.9049991264617305,0.4885967913832412,-0.6032239820684392,Joan_Miro_041.jpg,Joan_Miro,Surrealismo,0
155.37033,122.681206,100.098465,68.47055,65.065544,60.481823,0.0,0.0,0.0,255.0,255.0,255.0,0.40258694,0.20824896,0.61003166,0.26676568,0.2553821802139282,0.588604748249054,0.3652943968772888,0.25,1.4146721363067627,1.1441651582717896,3.560002088546753,1.8593183755874634,6.586370468139648,2.482172727584839,3.5066475868225098,1.7591723203659058,6.549074172973633,2.40738582611084,0.0019836886785924435,0.08321037398558538,0.0014155472163110971,0.057247034788037,0.002139957621693611,0.08261449406957608,0.0022383301984518766,0.1487760815693396,0.0021744733676314354,0.13814009798914173,0.002492569386959076,0.17290448896203395,0.001599069801159203,0.05497228685469988,0.0020839590579271317,0.11071070502998316,0.0018419140251353383,0.051477403855248474,-1419.5654257797273,1.089076042175293,1.3813195478753963,0.5104856170236127,-0.5565193211127089,Joan_Miro_042.jpg,Joan_Miro,Surrealismo,0
208.1139,149.2597,137.6252,42.123703,30.889624,27.66319,1.0,0.0,0.0,255.0,229.0,230.0,0.3434438,0.0652976,0.81717294,0.1622485,0.12877129018306732,0.194366917014122,0.2852124273777008,0.2499985090648855,0.1439729928970337,0.18244782090187073,4.349513053894043,1.5035769939422607,8.271380424499512,1.795267939567566,4.251373767852783,1.325176477432251,8.261491775512695,1.7448251247406006,0.002626893576234579,0.06473136215663591,0.0026297355070710182,0.09456805402351422,0.0026230544317513704,0.1182302456348032,0.0025100819766521454,0.018146842799106784,0.0024862668942660093,0.1834055261104684,0.002636916236951947,0.23819580833490275,0.002353734103962779,0.07404019478597756,0.0026304819621145725,0.07381150959132611,0.0024042243603616953,0.022518765638031693,-1419.5654257797273,0.9770722985267639,1.8595760852098169,0.5025435622214617,-0.22681613448405807,Joan_Miro_043.jpg,Joan_Miro,Surrealismo,0
89.35313,78.89578,163.39174,24.155483,27.030857,39.525867,1.0,0.0,0.0,255.0,255.0,255.0,0.52498144,0.100492835,0.6460275,0.15005329,0.0997636616230011,0.26670652627944946,0.2875092625617981,0.25,0.2208150178194046,0.2767043113708496,2.3278417587280273,1.1709457635879517,4.554634094238281,1.3003636598587036,2.408128261566162,1.4842643737792969,4.578754901885986,1.7226276397705078,0.0014085069997236133,0.12231308654306344,0.0012780396500602365,0.05222964396445887,0.0012198439799249172,0.03574921447447822,0.001515606651082635,0.15485777306115656,0.0014205152401700616,0.0861060823605302,0.0013682249700650573,0.03427180223484612,0.00153462088201195,0.18444763509998544,0.001448421273380518,0.1319266704122188,0.0014795743627473712,0.0898932517635308,-1419.5571894017037,1.008773684501648,0.8689828089118787,0.48981633881393516,-0.21074475064370007,Joan_Miro_044.jpg,Joan_Miro,Surrealismo,0
63.38548,43.296013,144.87271,47.849415,29.645174,63.68884,0.0,0.0,0.0,255.0,255.0,255.0,0.78530973,0.13184813,0.65182555,0.14825754,0.10498089343309402,0.10721489042043686,0.1728331595659256,0.24999943705485111,0.08125321567058563,0.13553480803966522,1.6052583456039429,1.0706870555877686,3.034961462020874,1.4751856327056885,1.5798982381820679,1.001394510269165,3.0333728790283203,1.4465491771697998,0.0010851776460185647,0.23805750279386365,0.0008772544097155333,0.03996748958650818,0.0008932240307331085,0.16879000304785127,0.0010888439137488604,0.18053438992177182,0.0009492766694165766,0.010748755460733516,0.0008186589693650603,0.013085441430458193,0.0009688746649771929,0.09684039418876358,0.0009193415171466768,0.06611805343899217,0.0007986995624378324,0.06745910799552982,-1419.5297018153024,1.0171496868133545,0.109730789941088,0.467534763840243,-0.2688647639117505,Joan_Miro_045.jpg,Joan_Miro,Surrealismo,0
127.28175,124.68507,104.86607,62.21766,61.426815,56.784637,0.0,0.0,0.0,255.0,255.0,255.0,0.31727377,0.200061,0.53689116,0.23657215,0.23235946893692017,0.46383005380630493,0.4961582124233246,0.2500002026974983,0.43654966354370117,0.47940343618392944,3.678541660308838,2.6751983165740967,6.32472562789917,3.086252212524414,3.5279297828674316,2.447655439376831,6.2708306312561035,2.9410178661346436,0.0021454966627061367,0.09974134907645546,0.002245101612061262,0.12755362988075755,0.002114031696692109,0.10477554360533084,0.0018420121632516384,0.11597279050736498,0.001983615569770336,0.10306581716156184,0.0020439731888473034,0.12327566050970307,0.0013372021494433284,0.03787336333878887,0.0015919505385681987,0.05844487958849661,0.001736687496304512,0.12653071662380172,-1415.113344556297,1.0476744174957275,1.0338356767193566,0.5139547348713989,-0.4375752121364237,Joan_Miro_046.jpg,Joan_Miro,Surrealismo,0
189.37029,180.07555,175.22772,41.811127,57.752045,60.541275,0.0,0.0,0.0,255.0,255.0,255.0,0.18435955,0.24163432,0.7801826,0.15214781,0.19639331102371216,0.3503847122192383,0.26800236105918884,0.2499998771726319,0.4105003774166107,0.3925879895687103,4.710296154022217,1.7106577157974243,9.075234413146973,2.4551897048950195,4.67138147354126,1.6250442266464233,9.067106246948242,2.3703408241271973,0.003363913157954812,0.32680276443052203,0.0020951307378709316,0.014729176068739105,0.0029503568075597286,0.10121496898422222,0.0031588063575327396,0.2169998318688223,0.002765555866062641,0.060129018556372614,0.00302869058214128,0.10600670754908988,0.0029032870661467314,0.03839585158441512,0.0022237133234739304,0.007464139389595335,0.002740630181506276,0.027418655481518842,-1417.9203187998887,0.9865171909332275,0.6018511081796357,0.4907499448034808,-0.5651780802585105,Joan_Miro_047.jpg,Joan_Miro,Surrealismo,0
203.00526,108.68344,101.61328,79.0923,77.31593,109.78981,10.0,0.0,0.0,255.0,255.0,255.0,0.7311276,0.35871655,0.9363092,0.098680444,0.2387927621603012,0.08129463344812393,0.25963670015335083,0.2456631666081824,0.06560555100440979,0.21159468591213226,3.469883441925049,1.8267439603805542,6.782417297363281,3.2187976837158203,3.493361234664917,1.8811429738998413,6.757777690887451,2.9449503421783447,0.0019030248513445258,0.0,0.0017921647522598505,0.0,0.0018003062577918172,0.00012146732528949713,0.002730446169152856,0.22643533889383755,0.002333195647224784,0.19327475908980485,0.0015527240466326475,0.0006680702890922342,0.003190401243045926,0.27909142440683454,0.002301989821717143,0.19999595108915702,0.0012236477341502905,0.0,-1416.6431335854413,1.1152948141098022,1.9336346971769793,0.4391429566700816,-0.2561218851944921,Joan_Miro_048.jpg,Joan_Miro,Surrealismo,0
143.52655,70.43974,21.409904,35.534748,37.289906,41.411785,8.0,0.0,0.0,255.0,255.0,255.0,0.8703526,0.17303884,0.5675723,0.14270951,0.1343705803155899,0.11063844710588455,0.1616257280111313,0.25,0.07712402194738388,0.13012807071208954,2.257551670074463,1.2087546586990356,4.315695762634277,1.7970606088638306,2.1909725666046143,1.070249080657959,4.309825897216797,1.706262230873108,0.0014722547493875027,0.10650686387011772,0.0016705141169950366,0.2888350546134557,0.0013824484776705503,0.14012495218666327,0.001357697881758213,0.16751668154192698,0.0013592656468972564,0.12607845637298654,0.0012916803825646639,0.017064048620850866,0.0013557043857872486,0.049874622805899105,0.0010264115408062935,0.0065451145395044414,0.001083544222638011,2.1250371881507927e-05,-1419.5654257797273,1.0194822549819946,1.2571985655707745,0.4846357847767838,-0.25253323950120327,Joan_Miro_049.jpg,Joan_Miro,Surrealismo,0
102.55774,117.950455,137.34566,59.248848,56.515614,59.512512,0.0,0.0,0.0,255.0,255.0,255.0,0.41652372,0.20486642,0.5757724,0.22370622,0.21878652274608612,0.525554895401001,0.2952141761779785,0.24999950386161046,1.5309398174285889,1.1425966024398804,3.0194129943847656,1.3675620555877686,5.780111312866211,1.6946088075637817,3.025423049926758,1.345483422279358,5.7831950187683105,1.7098760604858398,0.0017996546812355518,0.10568280834099238,0.0019378304714336991,0.13343439286694755,0.001917787827551365,0.13298081858222227,0.0017455148044973612,0.083511381133697,0.001785562257282436,0.0982644815526564,0.002014594618231058,0.1424223254037408,0.0014377115294337273,0.03672758089736091,0.0016253292560577393,0.05574189235966054,0.0017323266947641969,0.11170460377898996,-1418.9160543750381,1.0046045780181885,0.9821315154939368,0.5141487286987347,-0.4262562091326295,Joan_Miro_050.jpg,Joan_Miro,Surrealismo,0
155.39258,137.73137,73.3175,38.48588,40.778656,30.642044,2.0,0.0,0.0,255.0,255.0,255.0,0.5414497,0.12953351,0.6105392,0.15180784,0.14865052700042725,0.2880907654762268,0.3615613281726837,0.2500017184138353,0.2806919813156128,0.35569682717323303,3.6119987964630127,1.5819826126098633,6.788578987121582,1.967239499092102,3.5392963886260986,1.5373369455337524,6.792957305908203,2.0457303524017334,0.0020957679953426123,0.10771144278606966,0.00226831017062068,0.09172885572139304,0.00220165285281837,0.11312189054726368,0.002232153667137027,0.2513059701492537,0.002237546257674694,0.22276119402985076,0.0019480112241581082,0.0349502487562189,0.0018934713443741202,0.0025497512437810945,0.0020131031051278114,0.07549751243781094,0.0018936780979856849,0.00236318407960199,-1419.5427476686477,1.07209050655365,2.222696965203596,0.49250436413213344,-0.13607922069784564,Joan_Miro_1.jpg,Joan_Miro,Surrealismo,0
103.601395,90.98221,87.22507,49.72288,49.756416,47.84289,0.0,0.0,0.0,243.0,234.0,237.0,0.22195962,0.21112335,0.4128262,0.19256982,0.18813276290893555,0.30081239342689514,0.37902817130088806,0.25,0.26725590229034424,0.32660722732543945,2.9379122257232666,2.214076519012451,4.796982288360596,2.358422040939331,3.0585250854492188,2.4337072372436523,4.790273666381836,2.33191180229187,0.0013825938804075122,0.11158318425760286,0.0015960397431626916,0.0648479427549195,0.0019543995149433613,0.23535330948121647,0.0012338066007941961,0.04986583184257603,0.0011357992189005017,0.02795169946332737,0.001628361875191331,0.08139534883720931,0.001437208615243435,0.1096824686940966,0.0012637423351407051,0.07725849731663685,0.0014236930292099714,0.14210644007155634,-1419.5654257797273,0.7829656600952148,0.2795030776411432,0.5244759008645956,-0.08702625055999806,Joan_Miro_10.jpg,Joan_Miro,Surrealismo,0
126.280594,113.72976,76.2813,61.191128,59.48279,43.42587,0.0,0.0,0.0,236.0,236.0,226.0,0.43588933,0.19465016,0.49645332,0.23904493,0.22598356008529663,0.6429084539413452,0.6875190734863281,0.2500082304526749,0.5563651323318481,0.5542607307434082,4.48019552230835,3.369581460952759,5.9657182693481445,3.7271485328674316,4.20074987411499,3.05525279045105,5.906199932098389,3.6286323070526123,0.0014023443218320608,0.012,0.0015334483468905091,0.018666666666666668,0.001957652857527137,0.08696296296296296,0.0019997931085526943,0.047703703703703706,0.001953290542587638,0.30118518518518517,0.0021359468810260296,0.336,0.0013967250706627965,0.0002962962962962963,0.00178681337274611,0.096,0.0015036513796076179,0.0011851851851851852,-1419.5654257797273,1.1218818426132202,3.0118515506666967,0.5174142292764569,-0.0938339349847576,Joan_Miro_11.jpg,Joan_Miro,Surrealismo,0
140.89482,137.92155,124.58697,60.655457,57.86017,59.43941,34.0,33.0,8.0,255.0,255.0,244.0,0.16465451,0.11502372,0.56549037,0.23165771,0.2294917106628418,0.2761317789554596,0.4174586236476898,0.25,0.22729894518852234,0.3351151943206787,3.946397066116333,2.655012607574463,6.8197550773620605,2.742551803588867,4.052649021148682,2.911273717880249,6.833726406097412,2.8012053966522217,0.001980764325708151,0.016961970613656008,0.0017459630034863949,0.008535004321521175,0.0019577525090426207,0.10123163353500432,0.0020368327386677265,0.05142610198789974,0.002028772607445717,0.0,0.0019654184579849243,0.1510371650821089,0.0024537595454603434,0.172428694900605,0.0023380573838949203,0.07595073465859983,0.0024433028884232044,0.2805747623163353,-1419.5654257797273,0.9634969830513,0.0,0.4964700188985982,-0.10090490460118652,Joan_Miro_12.jpg,Joan_Miro,Surrealismo,0
185.82446,176.15396,159.59114,34.488354,48.05265,51.688457,4.0,3.0,0.0,255.0,234.0,233.0,0.16630849,0.21037261,0.7353818,0.12910986,0.16662009060382843,0.2251548171043396,0.4262603521347046,0.25,0.22774694859981537,0.38288286328315735,4.931089401245117,2.413752555847168,8.828191757202148,2.3851068019866943,4.632826328277588,1.8149348497390747,8.82388687133789,2.308891534805298,0.0027361700776964426,0.01045751633986928,0.002767073456197977,0.02696078431372549,0.0027933730743825436,0.00849673202614379,0.002819947898387909,0.059803921568627454,0.0020613931119441986,0.06209150326797386,0.002768980572000146,0.04003267973856209,0.0029817114118486643,0.33366013071895423,0.00267051812261343,0.25735294117647056,0.0029053164180368185,0.1042483660130719,-1419.5654257797273,0.7571051120758057,0.6187804702688109,0.49820699425645965,-0.09574275591720803,Joan_Miro_13.jpg,Joan_Miro,Surrealismo,0
199.56738,168.47217,154.19083,73.53771,88.82924,79.73616,0.0,0.0,0.0,255.0,255.0,255.0,0.32431263,0.32583755,0.8009062,0.250483,0.3114601671695709,0.5992172956466675,0.9552454352378845,0.25,0.5989928841590881,0.8964454531669617,6.69758415222168,4.52817440032959,9.161458015441895,4.190753936767578,6.090241432189941,4.080598831176758,9.169758796691895,4.221924304962158,0.002993182744830847,0.05,0.003029049839824438,0.15363247863247864,0.0031378844287246466,0.09807692307692308,0.002363302279263735,0.06474358974358975,0.001790664973668754,0.18867521367521367,0.0028411077801138163,0.21346153846153845,0.002740424359217286,0.019444444444444445,0.0025974144227802753,0.08034188034188035,0.0029911359306424856,0.03782051282051282,-1419.2095396908248,0.6582182049751282,1.8738503208522153,0.5040517042659167,-0.08080377382675585,Joan_Miro_14.jpg,Joan_Miro,Surrealismo,0
224.49973,199.54861,114.30017,35.06206,33.7951,23.204334,0.0,2.0,0.0,255.0,249.0,183.0,0.49482605,0.0629543,0.8813677,0.13365565,0.12695686519145966,0.16232401132583618,0.38205015659332275,0.25,0.20815616846084595,0.5487939119338989,5.315423488616943,1.8336957693099976,9.87024211883545,1.3915739059448242,5.146893501281738,1.2030266523361206,9.858076095581055,1.3026299476623535,0.00283845909871161,0.003572929802437999,0.002979192417114973,0.015342580916351408,0.0028677540831267834,0.0023118957545187053,0.003218778409063816,0.2957124842370744,0.003381268819794059,0.4556536359815048,0.0031780325807631016,0.09478772593526692,0.003085434203967452,0.026902059688944935,0.0030540667939931154,0.010508617065994116,0.0028248531743884087,0.0,-1419.5654257797273,1.1095046997070312,4.5324037303447335,0.49250049136025553,-0.08280480225131903,Joan_Miro_15.jpg,Joan_Miro,Surrealismo,0
160.17502,79.16731,20.65637,25.622677,41.747383,51.982197,22.0,0.0,0.0,255.0,255.0,255.0,0.89830524,0.20627402,0.6289937,0.10334908,0.14604663848876953,0.11349960416555405,0.27503472566604614,0.25,0.08465888351202011,0.1970628947019577,2.5449821949005127,1.7128148078918457,4.808943748474121,1.875882625579834,2.4731152057647705,1.3384209871292114,4.833258628845215,2.222822666168213,0.0014045282732695341,0.034229390681003585,0.0016346375923603773,0.17831541218637992,0.0014899856178089976,0.03088410991636798,0.0013493580045178533,0.026105137395459978,0.0016269466141238809,0.1446236559139785,0.0022436229046434164,0.41326164874551974,0.0011045134160667658,0.007646356033452807,0.0012444098247215152,0.004301075268817204,0.001315635279752314,0.06463560334528076,-1417.2411586085457,1.0916069746017456,1.4398333331624333,0.5267527562961408,-0.1092075486127643,Joan_Miro_16.jpg,Joan_Miro,Surrealismo,0
162.50203,135.57423,103.816826,70.33575,63.13764,57.026505,0.0,0.0,0.0,255.0,255.0,239.0,0.3882318,0.1856408,0.6388627,0.2732549,0.24878117442131042,0.5345154404640198,0.593698263168335,0.25,0.4950111508369446,0.5873103141784668,4.745599269866943,3.5447793006896973,7.1291704177856445,3.3941309452056885,4.233706474304199,2.8227345943450928,7.1688618659973145,3.51877760887146,0.0015410557389259338,0.028205128205128206,0.0020370976999402046,0.029783037475345168,0.0015684687532484531,0.0,0.0022604484111070633,0.19980276134122288,0.002511576283723116,0.25581854043392505,0.0024096951819956303,0.02031558185404339,0.0023147922474890947,0.17850098619329388,0.0025517018511891365,0.17593688362919133,0.002267024479806423,0.016173570019723867,-1419.5654257797273,1.1614553928375244,2.5453551763092968,0.4978773566569556,-0.08818690325626591,Joan_Miro_17.jpg,Joan_Miro,Surrealismo,0
70.256744,35.56247,51.47977,70.75615,34.723446,31.654417,0.0,0.0,0.0,255.0,255.0,255.0,0.87660193,0.14495602,0.4088105,0.16737677,0.11289935559034348,0.11930032074451447,0.34023717045783997,0.24987321346242508,0.16879037022590637,0.5749940872192383,1.5308953523635864,2.247168779373169,2.3584015369415283,1.2846081256866455,1.3174535036087036,1.241479754447937,2.3568811416625977,1.2164067029953003,0.0005230999668128788,0.028958333333333332,0.0006302491528913379,0.0125,0.0006174064474180341,0.03625,0.0006050411611795425,0.033229166666666664,0.000681755191180855,0.0434375,0.0007665823795832694,0.0471875,0.0009685524273663759,0.11989583333333333,0.0009426025790162385,0.43854166666666666,0.0007950557046569884,0.10541666666666667,-1415.808368199877,0.939569354057312,0.4517332221596649,0.5026095802581712,-0.09374934253395666,Joan_Miro_18.jpg,Joan_Miro,Surrealismo,0
165.97536,80.761826,76.39619,35.92149,44.932728,47.374474,0.0,0.0,0.0,255.0,254.0,255.0,0.57587713,0.17149161,0.6535819,0.13941374,0.15754103660583496,0.2997038960456848,0.30248528718948364,0.25,0.2348715364933014,0.2537672817707062,2.8127312660217285,1.7132859230041504,5.287656784057617,2.289212942123413,2.9074175357818604,1.9664156436920166,5.2815046310424805,2.2780661582946777,0.002341616665944457,0.4789855072463768,0.0020252475515007973,0.26956521739130435,0.001461449428461492,0.020289855072463767,0.00162558036390692,0.060144927536231886,0.001558771007694304,0.036594202898550726,0.0014773618895560503,0.010869565217391304,0.0013175992062315345,0.014492753623188406,0.0014290520921349525,0.008333333333333333,0.001401477144099772,0.007971014492753623,-1419.4523125918706,0.9583756327629089,0.3630191333171116,0.47635879907627304,-0.04520871685351956,Joan_Miro_19.jpg,Joan_Miro,Surrealismo,0
164.95502,180.49077,228.47247,29.149918,31.886747,32.646156,23.0,25.0,5.0,254.0,255.0,255.0,0.28481716,0.087807976,0.89899516,0.11666825,0.11857065558433533,0.17665114998817444,0.21713656187057495,0.25,0.1529473066329956,0.20396685600280762,4.5500407218933105,1.1490061283111572,9.007326126098633,1.648900032043457,4.588319301605225,1.2798161506652832,9.007439613342285,1.600850224494934,0.002466690493747592,0.03425133071048368,0.0030537527054548264,0.23860217542235593,0.002648144494742155,0.00809997685720898,0.0031428381334990263,0.3564568386947466,0.0029474522452801466,0.15337884748900718,0.0028054690919816494,0.035929183059476975,0.0025085730012506247,0.03320990511455681,0.0027711554430425167,0.02325850497570007,0.002758333459496498,0.019960657255264986,-1419.4557106442846,1.0567501783370972,1.5284431532616893,0.5011992797280811,-0.12199693104628592,Joan_Miro_2.jpg,Joan_Miro,Surrealismo,0
171.59749,120.549194,55.093445,68.66438,60.704285,35.139084,0.0,0.0,0.0,255.0,248.0,220.0,0.67405546,0.20162542,0.6801013,0.25842553,0.21964594721794128,0.29089269042015076,0.3460155725479126,0.25000139062717286,0.33495280146598816,0.3564397990703583,3.5744779109954834,1.9397125244140625,6.500482559204102,2.8115479946136475,3.417131185531616,1.7297890186309814,6.4416375160217285,2.6555428504943848,0.002136481925845146,0.02568729168232965,0.00216660276055336,0.03343107034558805,0.0016013135900720954,0.006991955492068266,0.0023738511372357607,0.29982708067062624,0.0023693747352808714,0.22291557025787534,0.0019285540329292417,0.06220083702979726,0.0018350874306634068,0.19487256597248326,0.0016503958031535149,0.02303084981079117,0.0017155512468889356,0.032102849409818814,-1419.5654257797273,1.1995280981063843,2.2265329440667236,0.4752225892587697,-0.28671398529515185,Joan_Miro_20.jpg,Joan_Miro,Surrealismo,0
125.32645,94.18321,58.35302,38.839558,42.439865,46.28627,9.0,1.0,0.0,229.0,215.0,213.0,0.55126995,0.22931442,0.4960999,0.15160927,0.1549592912197113,0.22163738310337067,0.3835224211215973,0.25,0.17744818329811096,0.30455878376960754,3.2812647819519043,3.1435015201568604,4.956132411956787,1.868656039237976,2.9505724906921387,2.5980172157287598,4.949278831481934,1.923419713973999,0.0018697064369916916,0.26757741347905284,0.001273389090783894,0.05027322404371585,0.0015958077274262905,0.08069216757741347,0.0013461484340950847,0.06557377049180328,0.0012743803672492504,0.0012750455373406193,0.00166510627605021,0.0453551912568306,0.0017401770455762744,0.1854280510018215,0.0014461635146290064,0.07249544626593807,0.001470114104449749,0.08706739526411658,-1419.5654257797273,0.8383417129516602,0.013409960275465866,0.4971757982501958,-0.09421182551638069,Joan_Miro_3.jpg,Joan_Miro,Surrealismo,0
199.35017,186.00122,156.16031,19.465677,23.669632,29.449165,9.0,9.0,0.0,244.0,230.0,215.0,0.22341843,0.13505638,0.7831588,0.066686206,0.08430810272693634,0.10914475470781326,0.23745587468147278,0.2500103455410718,0.12800410389900208,0.31139978766441345,4.772192001342773,1.0541373491287231,9.271750450134277,1.2908613681793213,4.72941255569458,1.010704517364502,9.270090103149414,1.0628387928009033,0.002898110542446375,0.04274952919020716,0.002902731765061617,0.06572504708097929,0.0028551884461194277,0.025423728813559324,0.0029520224779844284,0.1591337099811676,0.0029823873192071915,0.3199623352165725,0.0028711827471852303,0.030696798493408662,0.0028983375523239374,0.05687382297551789,0.0028950427658855915,0.07457627118644068,0.0025433413684368134,0.038041431261770245,-1419.5654257797273,1.0404307842254639,3.5412223963987532,0.49108613304712057,-0.0941894942186581,Joan_Miro_4.jpg,Joan_Miro,Surrealismo,0
160.59567,165.71136,149.23608,86.04436,66.30677,54.624516,1.0,7.0,0.0,255.0,255.0,255.0,0.3326164,0.21283227,0.709617,0.24614444,0.268075168132782,0.2586570084095001,0.5514264702796936,0.25000886053517635,0.21650497615337372,0.4286442995071411,4.912527561187744,3.2765989303588867,8.127883911132812,3.442315101623535,4.586151123046875,2.788990020751953,8.166300773620605,3.5836145877838135,0.002839398570358753,0.15603864734299516,0.00271418783813715,0.07262479871175523,0.002464308636263013,0.11320450885668278,0.0020582745783030987,0.09710144927536232,0.002101513557136059,0.0075684380032206115,0.0018043738091364503,0.04685990338164251,0.0028275568038225174,0.1600644122383253,0.0029137106612324715,0.0679549114331723,0.0026262132450938225,0.10032206119162641,-1419.2891759599095,0.8462610840797424,0.08289240714705734,0.48697849434436374,-0.09536179196054476,Joan_Miro_5.jpg,Joan_Miro,Surrealismo,0
170.88586,168.97786,162.4971,23.021025,20.510952,20.86945,93.0,91.0,75.0,235.0,222.0,221.0,0.06379901,0.04963005,0.6775599,0.08812004,0.0822724997997284,0.20143145322799683,0.13794735074043274,0.2500102312257008,0.17149381339550018,0.16980625689029694,4.216968536376953,1.2930538654327393,8.379668235778809,1.2298698425292969,4.208053112030029,1.0074858665466309,8.381648063659668,1.248420000076294,0.002431342378258705,0.015185185185185185,0.002524398732930422,0.01814814814814815,0.002237362787127495,0.005185185185185185,0.0027266773395240307,0.1511111111111111,0.002643485553562641,0.08648148148148148,0.0028035473078489304,0.3437037037037037,0.002545048948377371,0.012962962962962963,0.0028098381590098143,0.22314814814814815,0.002644704421982169,0.04518518518518518,-1419.5654257797273,1.0181831121444702,0.8637483724246385,0.49729618579536783,-0.09730367398524851,Joan_Miro_6.jpg,Joan_Miro,Surrealismo,0
66.42552,61.070812,55.417366,51.440285,47.276615,48.011414,0.0,0.0,0.0,255.0,255.0,255.0,0.23688023,0.14778446,0.27399883,0.20322806,0.1876527965068817,0.3500170409679413,0.7375561594963074,0.25000886053517635,0.29449620842933655,0.6556845903396606,2.287034034729004,2.859072208404541,3.2553517818450928,2.5737149715423584,2.4063780307769775,3.0635294914245605,3.29953932762146,2.649589776992798,0.0009173107100650668,0.06344605475040258,0.00107280642259866,0.15056360708534622,0.0008535782690159976,0.08743961352657005,0.0011088693281635642,0.14476650563607085,0.0013417861191555858,0.11175523349436393,0.0011928388848900795,0.14251207729468598,0.0006083835614845157,0.03429951690821256,0.0009448809432797134,0.10611916264090177,0.0005862148245796561,0.06586151368760064,-1412.957658289795,1.399839162826538,1.1092167252812597,0.4940534152455467,-0.09035289205302777,Joan_Miro_7.jpg,Joan_Miro,Surrealismo,0
143.53058,70.40698,21.67313,35.42711,37.196644,41.10591,27.0,0.0,0.0,255.0,255.0,255.0,0.86888695,0.17084162,0.5674546,0.14211231,0.13410194218158722,0.13237038254737854,0.1907467097043991,0.25,0.10645367950201035,0.1691729724407196,2.3300559520721436,1.387589931488037,4.321414470672607,1.8130182027816772,2.2039289474487305,1.135275959968567,4.311975479125977,1.6883399486541748,0.0014767906395718455,0.10702459791863765,0.001664642826654017,0.2867194891201514,0.0013869230169802904,0.1400189214758751,0.0013599370140582323,0.17005676442762535,0.0013591337483376265,0.12789735099337748,0.0012938722502440214,0.017029328287606435,0.0013554554898291826,0.04955061494796594,0.0010287427576258779,0.005499053926206244,0.0010880447225645185,0.0,-1419.5654257797273,1.0181936025619507,1.2736014433416236,0.48406367023535274,-0.15121368263148358,Joan_Miro_8.jpg,Joan_Miro,Surrealismo,0
151.34601,145.15022,142.37558,50.067093,50.93757,51.959183,22.0,17.0,7.0,227.0,214.0,212.0,0.07386509,0.09680985,0.5952158,0.19678572,0.19792386889457703,0.4852007031440735,0.530712366104126,0.25,0.46257299184799194,0.5123915076255798,4.125404357910156,2.3323464393615723,7.4267072677612305,3.1063506603240967,4.194647312164307,2.5258398056030273,7.388423919677734,2.9829304218292236,0.0024499280843883753,0.1948529411764706,0.0024123925250023603,0.20263009049773756,0.0021685303654521704,0.1664309954751131,0.0021388221066445112,0.0603789592760181,0.002337964717298746,0.10053733031674209,0.002154512330889702,0.07777149321266968,0.0020380248315632343,0.018523755656108597,0.0022388764191418886,0.03209841628959276,0.002339206635951996,0.03733031674208145,-1419.5654257797273,1.0376428365707397,1.016036734409803,0.5022054178490354,-0.07068361464901175,Joan_Miro_9.jpg,Joan_Miro,Surrealismo,0
153.98322,108.511024,72.21899,63.02086,61.468956,55.20221,0.0,0.0,0.0,255.0,255.0,255.0,0.5943771,0.24648221,0.60414153,0.24630024,0.23570087552070618,0.8607926368713379,0.4892277121543884,0.25,1.7084624767303467,1.265437364578247,3.0441973209381104,1.5891748666763306,5.861123561859131,1.7879339456558228,3.0006935596466064,1.425291657447815,5.866810321807861,1.810336947441101,0.0016256481176242232,0.043119551681195516,0.0017797668697312474,0.15000239486540856,0.0017255466664209962,0.09448542325254654,0.001712182885967195,0.048759459718363825,0.0018541483441367745,0.15446083596768528,0.0019354933174327016,0.1276742663728965,0.0019585401751101017,0.06134048599802024,0.0018378919921815395,0.10607657182999648,0.0018945412011817098,0.1138519015231344,-1419.4178277488352,1.0222671031951904,1.5450015089849627,0.5042808297989385,-0.6188427763776998,Pablo_Picasso_001.jpg,Pablo_Picasso,Cubismo,1
139.23,104.27568,62.779427,39.833233,38.099014,49.51309,0.0,0.0,0.0,255.0,246.0,214.0,0.5679567,0.3197183,0.5509429,0.15451992,0.1419813632965088,0.35758277773857117,0.21644552052021027,0.25,0.3216489553451538,0.26204735040664673,2.803563356399536,1.2741128206253052,5.465461254119873,1.8021892309188843,2.8000829219818115,1.3545758724212646,5.4688920974731445,1.8675593137741089,0.0021610986441373825,0.3009084814720636,0.0018446960020810366,0.08355486719526573,0.002220789436250925,0.3049769990059872,0.0013580778613686562,0.009836103469798192,0.0015373326605185866,0.08551977623153563,0.0017743580974638462,0.1140571904112439,0.0015625751111656427,0.0006588224415728518,0.001376662403345108,0.002970480131302157,0.0013877793680876493,0.00010402459603781872,-1419.5654257797273,0.9088600277900696,0.8527467455498161,0.5039971296580248,-0.23179690352262158,Pablo_Picasso_002.jpg,Pablo_Picasso,Cubismo,1
194.38625,165.75345,142.01456,68.059425,61.913292,49.340996,0.0,0.0,0.0,255.0,255.0,253.0,0.2922801,0.10201591,0.76430947,0.2614248,0.24352405965328217,0.2780298888683319,0.26295554637908936,0.25,0.31993386149406433,0.40811723470687866,4.35994291305542,1.6596393585205078,8.528005599975586,3.0153090953826904,4.321364402770996,1.6265376806259155,8.52779769897461,3.0069994926452637,0.0025110088754445314,0.0010554478289683611,0.0027946385089308023,0.02769118741971642,0.003290313994511962,0.23867029937082218,0.0023831897415220737,0.0009940845830981075,0.0019457417074590921,0.006995410029208905,0.003377721644937992,0.4081555844644625,0.002178177237510681,0.0008590854421835498,0.002120232442393899,0.0073635895044304265,0.003141599940136075,0.19880464397044745,-1419.5654257797273,0.737559974193573,0.07069328319455526,0.5376775806125751,-0.635457600393671,Pablo_Picasso_003.jpg,Pablo_Picasso,Cubismo,1
110.878395,106.99209,90.65152,57.301895,55.222473,49.038162,0.0,0.0,0.0,255.0,255.0,255.0,0.23957017,0.17759474,0.44385424,0.2215498,0.2149757593870163,0.6996826529502869,0.48798659443855286,0.2499997495805474,1.1910552978515625,1.076882243156433,2.7201685905456543,1.4548397064208984,5.28516149520874,2.0865228176116943,2.7006027698516846,1.4207042455673218,5.284633159637451,2.0968968868255615,0.0022686785086989403,0.28710389903087674,0.0017593660159036517,0.14875816993464053,0.0013802108587697148,0.05558410337315003,0.0015270723961293697,0.013931334986101721,0.0018335782224312425,0.16033355871084065,0.0014505889266729355,0.03536924348283375,0.0017132393550127745,0.09431597926526933,0.001309777027927339,0.05105551799263767,0.0014701912878081203,0.05348659003831418,-1418.7738999241237,1.1216228008270264,1.6034451793533986,0.4655163553537529,-0.68343974540845,Pablo_Picasso_004.jpg,Pablo_Picasso,Cubismo,1
51.452766,22.48396,11.740713,56.52758,27.889208,11.626425,0.0,0.0,0.0,255.0,226.0,195.0,0.65957767,0.28878295,0.20338954,0.22050598,0.13184688985347748,0.19521361589431763,0.20459961891174316,0.25,0.186307892203331,0.24183286726474762,0.8146301507949829,0.9454452991485596,1.5072109699249268,1.636088490486145,0.8122808337211609,0.9347276091575623,1.5073599815368652,1.657016634941101,0.0002217945730080828,0.008516029137488123,0.00041305553168058395,0.07999612907766478,0.00024706116528250277,8.797550761867896e-06,0.0003223664534743875,0.07159446810008094,0.0006265638512559235,0.08252102614632087,0.00015888687630649656,0.0021641974874195024,0.001171189360320568,0.424411443854031,0.0008433929760940373,0.22747827004961818,0.0001316750276600942,0.0015395713833268817,-1419.5654257797273,1.3633875846862793,0.826836352021204,0.40674372471449227,-0.45997363521602247,Pablo_Picasso_005.jpg,Pablo_Picasso,Cubismo,1
89.97909,44.549965,17.460243,55.685783,31.848248,16.548985,0.0,0.0,0.0,255.0,235.0,185.0,0.7938513,0.16261157,0.35292587,0.21824895,0.1418704390525818,0.30471253395080566,0.24184486269950867,0.25,0.2815206050872803,0.28211960196495056,1.4860868453979492,1.0955188274383545,2.755934476852417,1.8138751983642578,1.452175259590149,1.1404238939285278,2.746657133102417,1.7895762920379639,0.0003030465159099549,0.0008789552988448016,0.0004699858254753053,0.020981918633852334,0.0004217458772473037,0.0022350577599196384,0.0007557782810181379,0.0629331993972878,0.0014354271115735173,0.3046710195881467,0.0008406823617406189,0.06991461577096936,0.0012840417912229896,0.22123304871923657,0.0012172823771834373,0.17059266700150677,0.0008783937082625926,0.040871421396283275,-1419.5654257797273,1.6984010934829712,3.0660878932859954,0.49503575142807477,-0.4631008917231814,Pablo_Picasso_006.jpg,Pablo_Picasso,Cubismo,1
90.21923,85.833336,70.30845,66.95155,47.5447,39.391563,0.0,0.0,0.0,255.0,255.0,255.0,0.46470848,0.20978537,0.41035888,0.2252039,0.1944965124130249,0.5254364609718323,0.3743918538093567,0.2499998704710863,0.6087608933448792,0.5524386763572693,2.2778313159942627,1.66999089717865,4.256162643432617,2.355187177658081,2.2505435943603516,1.5930696725845337,4.258080005645752,2.373516082763672,0.0009949852246791124,0.023390694115231713,0.0013909979024901986,0.17829980029489165,0.0009647702681832016,0.02083138916366487,0.0010281202849000692,0.02978545698874559,0.0016530504217371345,0.19152559771552288,0.001044219359755516,0.057158588252860264,0.0015560683095827699,0.0895033501931727,0.001576692913658917,0.12141883947068814,0.0016077542677521706,0.18805642135911457,-1418.8597655862784,1.2590140104293823,1.9153193368682686,0.5000961607621037,-0.9500527428485336,Pablo_Picasso_007.jpg,Pablo_Picasso,Cubismo,1
96.94005,72.143875,22.001003,67.27943,66.44333,26.184853,0.0,0.0,0.0,255.0,255.0,209.0,0.8135366,0.14514327,0.380305,0.26373744,0.2406230866909027,0.23661787807941437,0.22597354650497437,0.25,0.21163924038410187,0.21482600271701813,2.0730936527252197,2.0539684295654297,3.729766607284546,3.136204481124878,1.9380180835723877,1.7052322626113892,3.723762035369873,3.0715811252593994,0.0008749102125875652,0.0,0.000577211962081492,0.0,0.0008774452726356685,0.0,0.0010680194245651364,0.10362631843294827,0.0015471497317776084,0.21226519337016575,0.0017981885466724634,0.2044701155198393,0.0008688883972354233,0.031190356604721244,0.0012646234827116132,0.1763134103465595,0.0013595136115327477,0.17594173782019085,-1419.5654257797273,1.3603254556655884,2.113710417033938,0.540968092902646,-0.4112303324375732,Pablo_Picasso_008.jpg,Pablo_Picasso,Cubismo,1
133.77676,110.85044,82.24664,71.879036,76.776474,62.83891,0.0,0.0,0.0,255.0,255.0,250.0,0.48674878,0.23212422,0.5247876,0.2821365,0.2877713441848755,0.34829267859458923,0.275117427110672,0.25,0.28353890776634216,0.2701619267463684,3.002239465713501,2.0937933921813965,5.721482753753662,3.659611225128174,3.236574172973633,2.2991034984588623,5.723156452178955,3.6841695308685303,0.0031324278097599745,0.4571096248909567,0.003115200437605381,0.318794223126878,0.002801039256155491,0.07474314238635262,0.0010676602832973003,0.03964330716293496,0.0008536343812011182,0.010662014151400601,0.0007990191807039082,0.001768925075118736,0.0017695199931040406,0.00021808665309683048,0.0012699260842055082,3.634777551613841e-05,0.0010387962684035301,0.0,-1419.5654257797273,0.4847956597805023,0.10626877429435971,0.4684547806097669,-0.19147910938934837,Pablo_Picasso_009.jpg,Pablo_Picasso,Cubismo,1
160.07826,182.63257,158.6447,35.895065,39.45486,45.137615,0.0,0.0,0.0,255.0,255.0,255.0,0.21578498,0.14749724,0.72692335,0.13688332,0.1475059688091278,0.3205231726169586,0.24396005272865295,0.25,0.26696377992630005,0.23883521556854248,4.372805118560791,1.2863167524337769,8.605751037597656,1.8850687742233276,4.499516010284424,1.8363292217254639,8.606402397155762,1.910595417022705,0.002732661785557866,0.28405578406795334,0.0028741168789565563,0.27637695621486114,0.002798956586048007,0.2706452162484484,0.0026992333587259054,0.0036386204882322875,0.002795515116304159,0.012704748460583639,0.00283326325006783,0.03930683671234211,0.002337115816771984,0.0006571421617543262,0.0024173196870833635,0.0009248667461727554,0.002478945069015026,0.00952856134543773,-1419.5604172838318,1.0497519969940186,0.12735329915203922,0.5053035027244065,-0.22806208359692806,Pablo_Picasso_010.jpg,Pablo_Picasso,Cubismo,1
105.14702,70.43873,53.9486,52.193607,49.51542,49.71718,0.0,0.0,0.0,255.0,252.0,248.0,0.56780785,0.23311788,0.41240126,0.20466073,0.19581656157970428,0.3980579376220703,0.29686594009399414,0.25,0.37567663192749023,0.3350776135921478,2.079573392868042,1.60696280002594,3.951105833053589,2.485874891281128,2.11889910697937,1.6769229173660278,3.973165512084961,2.5838053226470947,0.0007843375788070261,0.0019847718092761966,0.0007911931024864316,0.011328288221365895,0.0007852878770790994,4.642741074330285e-05,0.0014795290771871805,0.22633362737360138,0.0015862281434237957,0.22527740377919123,0.0008062248234637082,0.00822925855425043,0.0018466036999598145,0.2861553461163471,0.0016191734466701746,0.12165142300013929,0.0012235211906954646,0.021878917312781465,-1419.5654257797273,1.3070688247680664,2.2455743432583875,0.45687550202961125,-0.44248074438979523,Pablo_Picasso_011.jpg,Pablo_Picasso,Cubismo,1
81.80368,64.528946,49.346085,61.59275,61.214405,42.48092,4.0,0.0,0.0,255.0,255.0,231.0,0.41740042,0.1091283,0.3217475,0.24225216,0.23075556755065918,0.14902397990226746,0.19326086342334747,0.25,0.12214477360248566,0.16567254066467285,1.8584845066070557,1.779355764389038,3.407707691192627,3.0180459022521973,1.8085824251174927,1.7990567684173584,3.386826992034912,2.9128684997558594,0.000430724467150867,0.0,0.00041877219337038696,0.0,0.0006260957452468574,0.000882825040128411,0.0007940722280181944,0.10648933730795689,0.0013825682690367103,0.18702132538408622,0.0016900771297514439,0.1648819078193075,0.002177553018555045,0.4347168080715432,0.001011616550385952,0.008908507223113964,0.0008946256712079048,0.0,-1419.5654257797273,1.3200567960739136,1.8642047131638435,0.4934623267269205,-0.450662238311057,Pablo_Picasso_012.jpg,Pablo_Picasso,Cubismo,1
91.67262,43.376236,28.916126,72.4256,51.974792,33.35512,0.0,0.0,0.0,255.0,255.0,251.0,0.754963,0.18148366,0.35949633,0.28402537,0.21636737883090973,0.42048367857933044,0.3760339617729187,0.25,0.4219576120376587,0.4659443199634552,1.5393942594528198,1.4863115549087524,2.805158853530884,2.6286983489990234,1.4970976114273071,1.4681864976882935,2.8045051097869873,2.644902467727661,0.0003164936788380146,4.343444872997672e-05,0.0008324489463120699,0.11266027311581361,0.00047714533866383135,0.02548733451475034,0.0002540460554882884,0.00017373779491990687,0.00107922637835145,0.06954723930643872,0.000697260198649019,0.048516279231384,0.0009633181034587324,0.10962854859446124,0.0015165910590440035,0.20627019701865945,0.0016175213968381286,0.32208381111226936,-1419.561766079769,1.252625823020935,0.6998183074132382,0.5584825552210053,-0.4853267759441774,Pablo_Picasso_013.jpg,Pablo_Picasso,Cubismo,1
39.724003,17.417677,12.544724,35.281593,20.600182,12.096834,0.0,0.0,0.0,255.0,219.0,202.0,0.69709283,0.17875074,0.15578018,0.13858894,0.09226498007774353,0.17576076090335846,0.1580996960401535,0.25,0.16319629549980164,0.18743866682052612,0.6390059590339661,0.750196099281311,1.1730332374572754,1.151540994644165,0.6272202134132385,0.7047243118286133,1.1767340898513794,1.172325849533081,0.000320949824526906,0.03585060215765899,0.0005536340177059174,0.22203147602697945,0.0003905172343365848,0.10936437945518239,0.00033754348987713456,0.10082437213517612,0.0005870435270480812,0.3054359760879795,0.0003158350009471178,0.04007703435174373,0.00019882054766640067,0.008400578629067396,0.00023394955496769398,0.007276434808372693,0.000314851087750867,0.06581034212315039,-1419.5654257797273,1.6240427494049072,3.0711786071996467,0.5048014097435776,-0.33895157501923345,Pablo_Picasso_014.jpg,Pablo_Picasso,Cubismo,1
115.55754,109.569824,96.77944,71.91712,67.20429,71.32091,0.0,0.0,0.0,255.0,255.0,255.0,0.25362626,0.22522958,0.47585958,0.28311646,0.26762399077415466,0.43243101239204407,0.29245758056640625,0.25,0.9444963932037354,0.8945187330245972,2.7672886848449707,1.6552330255508423,5.460854530334473,3.036198616027832,2.7589290142059326,1.6468911170959473,5.459934234619141,3.0674126148223877,0.0010835786815732718,0.0033149298898103446,0.0009195226011797786,0.0071188215635996826,0.0010732475202530622,0.00013475324755326604,0.002083034487441182,0.1380797277214381,0.001998437801375985,0.08604572370194122,0.001077568856999278,0.0017941432388520564,0.0025192031171172857,0.21662932076663047,0.0028110805433243513,0.3504238952158747,0.0016447523375973105,0.09751130002233054,-1413.187105848199,1.1824674606323242,0.8594519595845025,0.45073525707722045,-0.7331912995802763,Pablo_Picasso_015.jpg,Pablo_Picasso,Cubismo,1
140.44943,99.13855,57.012386,45.65376,46.950493,52.372032,0.0,0.0,0.0,255.0,252.0,255.0,0.6435805,0.27136883,0.5562023,0.18202566,0.17503896355628967,0.482961505651474,0.3623535931110382,0.25,0.4324447214603424,0.3781651258468628,2.855311870574951,1.6083904504776,5.344724655151367,2.3061447143554688,3.012763738632202,1.823108434677124,5.416335582733154,2.619843006134033,0.0014748768880963326,0.07044704834760084,0.0019377399003133178,0.21896059741363608,0.0021436179522424936,0.35193167789852875,0.0017170443898066878,0.05655394329427479,0.001609325292520225,0.034505089753708536,0.00148196320515126,0.027138607249104486,0.0013043483486399055,0.08924776880577985,0.00159633404109627,0.026541598364802785,0.0014965045265853405,0.022747050371359764,-1419.5654257797273,0.9811732172966003,0.345791093533925,0.5136675935353493,-0.2691315158272514,Pablo_Picasso_016.jpg,Pablo_Picasso,Cubismo,1
74.81995,68.19041,69.527916,56.766388,47.26389,39.700882,0.0,0.0,0.0,255.0,255.0,255.0,0.28427547,0.20236926,0.32173127,0.20709121,0.18999162316322327,0.6009072661399841,0.59612637758255,0.24999544621261502,0.6600104570388794,0.7552614212036133,2.1347742080688477,1.815165638923645,3.5506699085235596,2.242797374725342,1.9675419330596924,1.5435833930969238,3.5627286434173584,2.3012821674346924,0.0009822009596973658,0.07331516643225504,0.0009720399393700063,0.07766643225503984,0.0014122265856713057,0.08494491326769808,0.0014145566383376718,0.22354078762306612,0.0012769001768901944,0.15711439287388654,0.001503934501670301,0.163792194092827,0.0007964366232044995,0.04732477730895453,0.000611056515481323,0.021870604781997188,0.0007673298241570592,0.05082044069385842,-1418.6182002637004,1.1802783012390137,1.5704637446113283,0.5177121985309727,-0.6883547352306765,Pablo_Picasso_017.jpg,Pablo_Picasso,Cubismo,1
98.99141,68.55017,52.259144,79.01919,65.557594,53.470596,0.0,0.0,0.0,255.0,255.0,255.0,0.5183389,0.24720632,0.39774048,0.29952484,0.255868136882782,0.18708980083465576,0.21783863008022308,0.25,0.14220096170902252,0.17215022444725037,2.09549880027771,2.024418592453003,3.7936599254608154,3.2666397094726562,2.003214120864868,1.8735020160675049,3.7936336994171143,3.3071885108947754,0.0006702480604872108,0.003929818072539819,0.0019054311560466886,0.3363577521440625,0.001293201232329011,0.025185510529600778,0.00040153638110496104,0.00868027462493354,0.0025806946214288473,0.510887907718625,0.0014756296295672655,0.0189555930557803,0.0004556125495582819,0.0,0.0008027241565287113,0.0,0.0008998392149806023,8.090801914052568e-05,-1419.5563433552527,2.215186834335327,5.085835415928767,0.5753183750035342,-0.3448399798552558,Pablo_Picasso_018.jpg,Pablo_Picasso,Cubismo,1
199.11621,185.61542,158.76756,71.17476,70.44775,78.76631,0.0,0.0,0.0,255.0,255.0,255.0,0.24503914,0.2658094,0.7854445,0.27211443,0.2738540768623352,0.4782733917236328,0.5526203513145447,0.250000238794565,0.7268926501274109,0.7817272543907166,5.327720642089844,2.6244308948516846,9.427635192871094,3.256525754928589,5.178143501281738,2.6160194873809814,9.417552947998047,3.2515411376953125,0.003411840880289674,0.15084347309411247,0.003229263238608837,0.17241898955453944,0.0026143877767026424,0.11012512163407304,0.0023806183598935604,0.03366142240822548,0.0028855910059064627,0.10299930248779354,0.0023454444017261267,0.04042126292765679,0.002947542816400528,0.06405056532933771,0.0030414052307605743,0.11089152393500219,0.0029554376378655434,0.11443505816907351,-1404.6437183584362,1.006148338317871,1.0301683715078245,0.48389284262198407,-0.414562906868799,Pablo_Picasso_019.jpg,Pablo_Picasso,Cubismo,1
94.822105,100.14083,78.86193,67.121376,66.1851,56.959644,0.0,0.0,0.0,255.0,255.0,255.0,0.28033668,0.21343839,0.4034708,0.26363975,0.25419381260871887,0.4968196153640747,0.36843106150627136,0.25,0.9875687956809998,0.9705737829208374,2.618791341781616,2.0686023235321045,4.793830394744873,2.794862747192383,2.4913511276245117,1.6786984205245972,4.784997940063477,2.7509543895721436,0.0014680875465273857,0.0661379969554289,0.0017341772327199578,0.09361702127659574,0.001864042249508202,0.1562997840478635,0.001012891880236566,0.03894218855099656,0.0018053181702271104,0.17737812865083016,0.0017814621096476912,0.18847311218890503,0.0005857659270986915,0.011700357560094876,0.0015329362358897924,0.0978192374411442,0.0015228647971525788,0.06958615074167168,-1416.557945141835,1.2209428548812866,1.7738718181979403,0.5584748523373001,-0.4553870657673049,Pablo_Picasso_020.jpg,Pablo_Picasso,Cubismo,1
130.11789,109.5069,65.014465,67.80489,68.08434,59.614697,0.0,0.0,0.0,255.0,255.0,255.0,0.6060333,0.22609505,0.52037054,0.2740052,0.2573327422142029,0.38161367177963257,0.30542221665382385,0.25,0.29761219024658203,0.2786434590816498,3.0895259380340576,2.1816515922546387,5.574733734130859,3.360902786254883,3.0296318531036377,2.19698166847229,5.59018087387085,3.366720676422119,0.0022828751243650913,0.2967654445002511,0.0015926052583381534,0.06717227523857358,0.002615696983411908,0.38170768458061277,0.0020372222643345594,0.08285283776996484,0.0008293470600619912,0.01738824711200402,0.001773296040482819,0.048186840783525864,0.001805434818379581,0.004540431943746861,0.000808279903139919,0.0015670517327975892,0.0015900862636044621,0.0034655951783023604,-1419.4777440584849,0.4867398142814636,0.1731808004667358,0.49038947689676865,-0.25651095323816675,Pablo_Picasso_021.jpg,Pablo_Picasso,Cubismo,1
55.93025,55.576263,58.18228,61.107536,51.33448,38.41971,0.0,0.0,0.0,255.0,255.0,255.0,0.36961964,0.1667016,0.26779374,0.21957275,0.20529361069202423,0.3401549756526947,0.40582314133644104,0.2499950030372843,0.3834681510925293,0.5704008340835571,1.5150189399719238,1.5696698427200317,2.7869880199432373,2.4761040210723877,1.461181640625,1.4134085178375244,2.7918176651000977,2.5142228603363037,0.0006202463991940022,0.015458766825368836,0.0008411466842517257,0.08765062011403045,0.0006514856358990073,0.018934540253531612,0.0007782097673043609,0.04973451674209918,0.0014937800588086247,0.2662277865945649,0.0005289415712468326,0.008087932757303238,0.0007090684375725687,0.07597327533846666,0.0016750120557844639,0.3733458727639648,0.0004462655051611364,0.003142694802014146,-1419.380432265478,1.7360011339187622,2.666555921780598,0.4828906974283859,-0.6064037609774271,Pablo_Picasso_022.jpg,Pablo_Picasso,Cubismo,1
114.19866,117.42099,93.36406,91.39384,71.59826,43.717083,0.0,0.0,0.0,255.0,255.0,255.0,0.48003998,0.15819933,0.52666163,0.3051507,0.2855865955352783,0.4422038495540619,0.3958105146884918,0.25,0.5916285514831543,0.6071139574050903,3.062394142150879,2.2316365242004395,5.68742036819458,3.5601449012756348,2.979506492614746,2.0814309120178223,5.683042526245117,3.5366170406341553,0.0009421944268979132,0.0010162810273677296,0.0009760726243257523,0.007601576775412159,0.0010787586215883493,0.0021249512390416163,0.0016718388069421053,0.07189418358757468,0.002661016071215272,0.21377317428706347,0.0019100384088233113,0.10740242675590778,0.0020330746192485094,0.08681503685301907,0.0024835937656462193,0.22986429055371918,0.002008680021390319,0.18028209497608147,-1419.5446487834156,1.519099473953247,2.13589462180399,0.5071030055601777,-1.1098354409579096,Pablo_Picasso_023.jpg,Pablo_Picasso,Cubismo,1
88.20436,83.93958,76.82263,68.28921,58.372536,43.656456,0.0,0.0,0.0,255.0,255.0,255.0,0.29552665,0.17329763,0.37554526,0.24825871,0.23248103260993958,0.4736388027667999,0.4240019619464874,0.2499993409189172,0.5005559325218201,0.5552178621292114,2.2957022190093994,1.9924397468566895,4.20200777053833,2.9237051010131836,2.2142515182495117,1.8518128395080566,4.200235843658447,2.8577213287353516,0.0010161238024011254,0.00824289213866825,0.0016310561913996935,0.17187439685249795,0.0015498349675908685,0.032716205181501,0.000932465773075819,0.057744785093905425,0.00255596567876637,0.5195159973275926,0.001116645522415638,0.040944250612426694,0.0007824330241419375,0.011506198500482519,0.001048992038704455,0.04735802835721179,0.0010405407520011067,0.009386088634845222,-1419.2567145400833,1.9704813957214355,5.199267783619693,0.530347186372101,-0.6888191390771371,Pablo_Picasso_024.jpg,Pablo_Picasso,Cubismo,1
67.60799,62.600468,50.861897,46.903404,43.689205,37.057205,0.0,0.0,0.0,255.0,255.0,255.0,0.31044057,0.23949559,0.273823,0.18167746,0.17043077945709229,0.534960925579071,0.4915911555290222,0.24999490872359664,0.807915449142456,0.798800528049469,1.730270266532898,1.4144997596740723,3.1411244869232178,1.8922144174575806,1.6928356885910034,1.340371012687683,3.1390163898468018,1.8731416463851929,0.001075733220204711,0.08901432913590969,0.001217169570736587,0.1852390941393039,0.0011341717327013612,0.1323595065835744,0.0009125263313762844,0.08763829175661873,0.0012137534795328975,0.227596582534722,0.0008583734161220491,0.06568896662650676,0.0007637745584361255,0.030862989487074423,0.0007285923347808421,0.05190412994685438,0.0007818617159500718,0.029092488059053408,-1418.855000327566,1.2576240301132202,2.277493091287574,0.5005314734083445,-0.6258318663863298,Pablo_Picasso_025.jpg,Pablo_Picasso,Cubismo,1
97.65882,86.84159,80.74275,69.15644,54.15811,45.370808,0.0,0.0,0.0,255.0,255.0,255.0,0.31299132,0.19487621,0.4137514,0.24764268,0.22082218527793884,0.3205749988555908,0.2524614632129669,0.25,0.42626476287841797,0.4349079132080078,2.2681992053985596,1.6302011013031006,4.439290523529053,2.725192070007324,2.2596232891082764,1.5491364002227783,4.438869953155518,2.7067532539367676,0.0022162171080708504,0.46807197084070223,0.0014712770935148,0.10806679463399906,0.0015140412142500281,0.11590389509554415,0.0011742347851395607,0.08282739507397661,0.001371564227156341,0.08107233748867705,0.0011249278904870152,0.04116162705430704,0.0013129368890076876,0.0033052236552646337,0.0011305094230920076,0.00018332398740456368,0.00105372816324234,9.166199370228184e-05,-1419.2009926395192,0.9979425668716431,0.8101074053792949,0.46055476709834675,-0.7466413478023919,Pablo_Picasso_026.jpg,Pablo_Picasso,Cubismo,1
98.93862,82.94001,69.131874,39.679302,42.248722,36.484856,0.0,0.0,0.0,255.0,254.0,248.0,0.35847548,0.2000376,0.38885775,0.15560244,0.15880025923252106,0.43120336532592773,0.3013805150985718,0.24999860103858895,0.34536781907081604,0.29514196515083313,2.3890419006347656,1.6059622764587402,4.331977844238281,2.0938994884490967,2.541267156600952,1.8697465658187866,4.356281757354736,2.2113609313964844,0.0016906134551391006,0.1548474986755468,0.0013318186393007636,0.043669113751608264,0.0013519435888156295,0.026627816039758823,0.0011639456497505307,0.10947551653674412,0.0009544553468003869,0.059108453795504425,0.0011990752536803484,0.036491838845581374,0.0012154394062235951,0.1566512777819824,0.0013988239225000143,0.13181462700875402,0.0016149063594639301,0.17975983248820607,-1419.5654257797273,0.7205785512924194,0.5921068664313486,0.5029633204083102,-0.23001586399839444,Pablo_Picasso_027.jpg,Pablo_Picasso,Cubismo,1
101.38249,72.34895,64.51436,64.045654,44.290882,42.107056,0.0,0.0,0.0,255.0,255.0,255.0,0.4697817,0.2368476,0.43758425,0.23196536,0.18174023926258087,0.36598607897758484,0.2942217290401459,0.24999990302368277,0.4622442126274109,0.48852866888046265,2.1164534091949463,1.4415119886398315,3.987302303314209,2.184612274169922,2.068845748901367,1.368410348892212,3.9873411655426025,2.1688451766967773,0.001195838674902916,0.04220497762863535,0.001339960959739983,0.18118358501118567,0.0017914052587002516,0.3221721196868009,0.0007533779134973884,0.0032892897091722595,0.0007750991499051452,0.03824454697986577,0.001464162953197956,0.12847105704697986,0.0012797812232747674,0.014003076062639822,0.0008400406804867089,0.019365212527964207,0.0016485103406012058,0.14869616890380313,-1419.558398517292,0.6291237473487854,0.38345518246961663,0.5500758979098378,-0.489238569132524,Pablo_Picasso_028.jpg,Pablo_Picasso,Cubismo,1
197.60338,164.1293,135.75574,49.43911,49.85667,44.3788,0.0,0.0,0.0,255.0,255.0,255.0,0.33871266,0.18681805,0.7770102,0.1916167,0.18480244278907776,0.2917045056819916,0.29534944891929626,0.25,0.20592550933361053,0.21909047663211823,4.519369602203369,1.715522289276123,8.562898635864258,2.431485891342163,4.514190673828125,1.8700006008148193,8.53580093383789,2.347268581390381,0.0026651076041162014,0.09097830224590787,0.0027565048076212406,0.031362348263756716,0.002507437951862812,0.00954828067504124,0.0024084956385195255,0.096540202174005,0.0022125046234577894,0.09548280675041239,0.002373725874349475,0.0016918326777481706,0.0030587969813495874,0.3538150826883221,0.0027556479908525944,0.10570782049655289,0.0029065285343676805,0.11162923486867149,-1418.9320846151666,0.8421516418457031,0.9582821413498812,0.495253707489661,-0.24045162848388546,Pablo_Picasso_029.jpg,Pablo_Picasso,Cubismo,1
87.17414,103.60928,107.995186,51.95691,53.23916,56.888973,0.0,0.0,0.0,255.0,255.0,255.0,0.29992852,0.15603797,0.44553423,0.21607567,0.2061961591243744,0.41173750162124634,0.2986607551574707,0.25,0.5430384278297424,0.5167985558509827,2.520988702774048,1.5410219430923462,4.925559997558594,2.4799182415008545,2.490638494491577,1.3969922065734863,4.9257354736328125,2.4467990398406982,0.0016725047025829554,0.049405189211362936,0.001572205452248454,0.07528287696988344,0.0015546188224107027,0.019459542611014256,0.001896350528113544,0.21259073143495255,0.0021507260389626026,0.3199671828530407,0.0015125754289329052,0.15407251677890588,0.0009791494812816381,0.015608085780375801,0.001307712635025382,0.05253877095226701,0.0010811547981575131,0.001803233856356613,-1419.1020600386767,1.4100977182388306,3.1970849589286363,0.48395631084787066,-0.5802637956793878,Pablo_Picasso_030.jpg,Pablo_Picasso,Cubismo,1
77.72422,65.381905,51.655006,54.19746,42.997433,36.47573,0.0,0.0,0.0,255.0,248.0,229.0,0.42265093,0.24130799,0.32250646,0.20411728,0.17121276259422302,0.35521796345710754,0.2467370331287384,0.25,0.2839790880680084,0.2641389071941376,1.93820059299469,1.5017049312591553,3.3738515377044678,2.150449752807617,1.8496841192245483,1.4532432556152344,3.379624128341675,2.1798081398010254,0.0013898760080337524,0.21432329609842965,0.0011471344623714685,0.14649776050941665,0.0015043708262965083,0.31194350008094546,0.0011448616860434413,0.0418622848200313,0.0007929665734991431,0.016357724893421834,0.0008685730863362551,0.017774270141924342,0.0007749749929644167,0.030927904592304788,0.0006479858420789242,0.026550105229075603,0.0010639572283253074,0.09085451405752523,-1419.5654257797273,0.7645269632339478,0.1641075990317004,0.5042528793591087,-0.32059697782083535,Pablo_Picasso_031.jpg,Pablo_Picasso,Cubismo,1
101.60008,103.162796,88.13973,60.726585,53.410736,61.286484,0.0,0.0,0.0,255.0,255.0,255.0,0.5442276,0.21755347,0.52674973,0.22759363,0.1965765655040741,0.31376153230667114,0.25686368346214294,0.25,0.22311297059059143,0.2039848119020462,2.754655599594116,1.7291792631149292,5.059879779815674,2.4964818954467773,2.7632784843444824,1.7768824100494385,5.101547718048096,2.6799733638763428,0.0013901107013225555,0.013307083367691926,0.0020432141609489918,0.13725571039828482,0.0027463329024612904,0.6178156180423847,0.0010722351726144552,0.045745031747340646,0.0013866613153368235,0.02047085016904428,0.001270629116334021,0.013750309227343943,0.0012829173356294632,0.0028345839861466148,0.0011207424104213715,0.004071493361919683,0.0016562500968575478,0.04042632143151645,-1419.5654257797273,0.8933916687965393,0.20569650962625316,0.5503207252748,-0.2528118143173827,Pablo_Picasso_032.jpg,Pablo_Picasso,Cubismo,1
83.9162,56.32295,36.077892,58.01935,39.60975,28.18368,0.0,0.0,0.0,255.0,251.0,219.0,0.5562078,0.23715097,0.33003005,0.22681086,0.16567635536193848,0.27927204966545105,0.2403571754693985,0.25,0.21779046952724457,0.2438531070947647,1.732288122177124,1.472680687904358,3.102728843688965,2.1203644275665283,1.6580836772918701,1.3866705894470215,3.0995945930480957,2.0866363048553467,0.0008532102801837027,0.07298003324747447,0.0007798615260981023,0.053360369741144664,0.0009401662973687053,0.11146124477082991,0.0009826431050896645,0.057644178951791164,0.0005573775270022452,0.00939880528306023,0.0011365748941898346,0.15188798158601413,0.001277451403439045,0.12211139730731993,0.0007011059788055718,0.02815988016294916,0.0013742957962676883,0.2850696918214866,-1419.5654257797273,0.5831137299537659,0.09482316328785186,0.5163468624196103,-0.4908382396660994,Pablo_Picasso_033.jpg,Pablo_Picasso,Cubismo,1
78.908936,73.89401,72.480804,66.693825,54.02671,32.26354,0.0,0.0,0.0,255.0,255.0,255.0,0.36435655,0.15714069,0.3598663,0.22971043,0.21321749687194824,0.267739862203598,0.2632410526275635,0.24998597081930415,0.32330799102783203,0.40790581703186035,1.9728156328201294,1.7959659099578857,3.742274284362793,2.6254024505615234,1.9238852262496948,1.5598245859146118,3.748349666595459,2.6938421726226807,0.0009235694888047874,0.028654401154401155,0.001015509944409132,0.017633477633477633,0.0008836227934807539,0.002388167388167388,0.0013379903975874186,0.14336940836940837,0.001243192353285849,0.10494949494949495,0.0011692462721839547,0.11368686868686868,0.001487553701736033,0.23523088023088023,0.0014645151095464826,0.21205988455988456,0.0008890703902579844,0.04200937950937951,-1419.4502347671687,1.0743560791015625,1.0495158786117962,0.4724790076855375,-0.5210177429577378,Pablo_Picasso_034.jpg,Pablo_Picasso,Cubismo,1
190.60406,140.0326,72.903114,70.65852,60.52255,35.214615,0.0,0.0,0.0,255.0,255.0,251.0,0.62838745,0.14816947,0.7473826,0.27669966,0.23269541561603546,0.4164205491542816,0.4924323856830597,0.25,0.29317840933799744,0.33494484424591064,4.273465633392334,2.3445956707000732,7.487463474273682,2.8626549243927,4.515803813934326,2.6478569507598877,7.59027099609375,3.0860581398010254,0.002037056488916278,0.07741262389149713,0.0018229822162538767,0.12894279255781604,0.00171609316021204,0.04648756737958616,0.0025916551239788532,0.15778125543383759,0.0023858973290771246,0.15012171796209356,0.0024029933847486973,0.0907320466005912,0.0021774894557893276,0.08806294557468267,0.0024992499966174364,0.11363241175447748,0.0027765859849750996,0.0480699008868023,-1419.56175870589,1.0520813465118408,1.499146105875299,0.5015411215017908,-0.4814262869467521,Pablo_Picasso_035.jpg,Pablo_Picasso,Cubismo,1
53.100407,50.665398,55.16061,47.405327,44.520287,56.74018,0.0,0.0,0.0,255.0,255.0,255.0,0.44776464,0.23762405,0.26556462,0.22442968,0.17689593136310577,0.24354569613933563,0.21827487647533417,0.25,0.21500606834888458,0.2701471447944641,1.4074420928955078,1.2897828817367554,2.6007843017578125,2.2368898391723633,1.3856468200683594,1.2689231634140015,2.61173152923584,2.2699713706970215,0.0007567321299575269,0.05851632368659604,0.00042940519051626325,0.04441828685851903,0.00029178676777519286,0.0001014733936761781,0.001320905052125454,0.31021769425389994,0.0010070799617096782,0.1829835883697961,0.00041219385457225144,0.042517351950318624,0.0010921003995463252,0.07728890151668899,0.0011703551281243563,0.18142766300009472,0.0007061021169647574,0.004437769750104856,-1419.5654257797273,1.261170744895935,1.8259625246203257,0.4299930042344612,-0.4246149138125675,Pablo_Picasso_036.jpg,Pablo_Picasso,Cubismo,1
127.94083,124.86013,123.85502,76.26687,75.96636,75.49902,0.0,0.0,0.0,255.0,255.0,255.0,0.0983886,0.18591677,0.5022674,0.29893988,0.2979987859725952,0.9396742582321167,0.6264541149139404,0.25,0.9514926075935364,0.8349184989929199,3.4993536472320557,2.4926018714904785,6.283012390136719,3.300478219985962,3.350006103515625,2.0012423992156982,6.2956862449646,3.389531373977661,0.001446142210625112,0.0618913515488961,0.000998742296360433,0.016864802115355678,0.001476774225011468,0.029440849581873294,0.001813997863791883,0.07172646559322399,0.0024357966613024473,0.08824730743599114,0.0023173128720372915,0.11098093170238837,0.0026208844501525164,0.2764043253004278,0.001712412224151194,0.034159554571446996,0.0025582790840417147,0.2071178278908786,-1399.057470610498,1.2613133192062378,0.8855888655365944,0.5050774158772594,-0.4339695679196478,Pablo_Picasso_037.jpg,Pablo_Picasso,Cubismo,1
86.83855,63.043972,58.88133,57.999916,45.252235,37.248943,0.0,0.0,0.0,255.0,244.0,254.0,0.4054043,0.1972566,0.3459191,0.22320214,0.18628284335136414,0.32408785820007324,0.22388210892677307,0.25,0.2157023698091507,0.19250799715518951,1.92630136013031,1.5245623588562012,3.5335123538970947,2.50474214553833,2.180098056793213,1.8088922500610352,3.5124502182006836,2.447206497192383,0.001173068885691464,0.08570498705111693,0.0013078745687380433,0.14367720581107096,0.001219435827806592,0.07907820571412744,0.00035130511969327927,0.009271954242663454,0.0011585921747609973,0.16909025440746742,0.0008064445573836565,0.07923054551497777,0.0014066621661186218,0.31112634509119613,0.0011191400699317455,0.008648745966457545,0.001084113260731101,0.008531028847618652,-1419.5654257797273,1.0831645727157593,1.701566901657602,0.5075969510115292,-0.36082737570373535,Pablo_Picasso_038.jpg,Pablo_Picasso,Cubismo,1
120.28613,104.445465,82.53833,71.58211,64.66077,54.20241,0.0,0.0,0.0,255.0,255.0,255.0,0.404081,0.23923993,0.4931313,0.26565748,0.25018310546875,0.6088751554489136,0.42970022559165955,0.24999973284461707,1.1114474534988403,0.9883919358253479,2.808755397796631,1.819544792175293,5.318208694458008,2.728341817855835,2.7933883666992188,1.8116998672485352,5.325767993927002,2.8435885906219482,0.0012774458155035973,0.06581630439498459,0.0018206919776275754,0.12904392092209352,0.001890137093141675,0.10103113656413149,0.0014849109575152397,0.06840017161506164,0.0018517820863053203,0.12563090228064847,0.00185766804497689,0.0874031652373446,0.0017918236553668976,0.03629947792384341,0.001557718263939023,0.11956652734994529,0.0012399812694638968,0.16827917335531548,-1418.2794245395137,1.1281991004943848,1.254259187513341,0.5158305688255688,-0.3621828009383608,Pablo_Picasso_039.jpg,Pablo_Picasso,Cubismo,1
66.67753,37.44996,26.163822,50.961792,30.973759,26.59097,0.0,0.0,0.0,254.0,204.0,180.0,0.70240897,0.24112919,0.28338116,0.19032036,0.12282830476760864,0.24092058837413788,0.20052985846996307,0.25,0.19716595113277435,0.21467091143131256,1.2482998371124268,0.9689301252365112,2.2703092098236084,1.5488367080688477,1.235965371131897,0.9875832796096802,2.2682719230651855,1.5592782497406006,0.0007970413425937295,0.1831933000500602,0.0005195642588660121,0.08422291675122782,0.0006108995294198394,0.11034893317638782,0.0009199312189593911,0.2680521167349921,0.0005139284767210484,0.035055675068663666,0.0006003116723150015,0.06776393229695174,0.0008379886858165264,0.0726211254075848,0.0006158279138617218,0.019780546873942987,0.0007904993835836649,0.056250084561161394,-1419.5654257797273,0.7452940344810486,0.351616005263216,0.47110448005157696,-0.473941842305913,Pablo_Picasso_040.jpg,Pablo_Picasso,Cubismo,1
157.97916,157.9561,156.5192,81.494095,80.93867,75.450836,0.0,1.0,8.0,253.0,253.0,250.0,0.079827435,0.10148705,0.6308769,0.3074757,0.31546762585639954,0.3891964852809906,0.4410766661167145,0.25000080497409594,0.34722185134887695,0.4202195703983307,5.396513938903809,3.293752670288086,7.866100788116455,3.7714269161224365,4.06497049331665,2.178753614425659,7.926267623901367,3.985928773880005,0.0012062005698680878,0.0,0.0016736062243580818,0.0,0.0018024439923465252,0.0,0.001997663639485836,0.0013060892784582342,0.0026709469966590405,0.06232948278864573,0.00192073208745569,0.0023509607012248213,0.0034016917925328016,0.2804754164973588,0.0035400332417339087,0.3090932837986881,0.003617973765358329,0.24079932663841644,-1419.5654257797273,1.1010993719100952,0.6258296816821479,0.5130899236819831,-0.40601388053808046,Pablo_Picasso_041.jpg,Pablo_Picasso,Cubismo,1
82.199554,68.83066,49.90071,49.04905,47.816555,35.761524,0.0,0.0,0.0,255.0,255.0,239.0,0.45869008,0.19652769,0.32250226,0.1922573,0.18276236951351166,0.4505937099456787,0.34976667165756226,0.25,0.3677646517753601,0.3477167785167694,2.27632474899292,1.9513342380523682,3.6313834190368652,2.5618748664855957,1.93247389793396,1.5116147994995117,3.539203405380249,2.2021520137786865,0.0013756430707871914,0.27393246243610264,0.00109980592969805,0.056771828367842204,0.0011473747435957193,0.15596117106418134,0.0007329076179303229,0.019272473795631746,0.0009628912666812539,0.044637785924510766,0.0012823856668546796,0.12171477255124696,0.0007619113312102854,0.017065110755408685,0.000992693123407662,0.04124283575153612,0.0014280834002420306,0.16916662363814736,-1419.5654257797273,0.8857532739639282,0.4464943673441272,0.5427287067616445,-0.3681246930404545,Pablo_Picasso_042.jpg,Pablo_Picasso,Cubismo,1
106.492226,119.32121,96.59354,52.691307,46.382805,42.875534,0.0,0.0,0.0,255.0,255.0,253.0,0.30134863,0.11909034,0.48430082,0.19037613,0.1825622171163559,0.25112074613571167,0.20020484924316406,0.2500003543671499,0.22832132875919342,0.21061035990715027,2.9176926612854004,1.6824299097061157,5.616564750671387,2.384901523590088,2.9104394912719727,1.4668726921081543,5.622585773468018,2.4091858863830566,0.0017733160639181733,0.030804597701149426,0.0013840636238455772,0.04810983397190294,0.0011990780476480722,0.009744572158365262,0.0012599179754033685,0.0,0.001985561801120639,0.15662835249042145,0.0024119503796100616,0.4023627075351213,0.0017759207403287292,0.0028607918263090677,0.0018703321693465114,0.013077905491698596,0.001969940261915326,0.23731800766283526,-1419.455979563685,1.1433051824569702,1.5647068934876243,0.5127880994536188,-0.28950388786753667,Pablo_Picasso_043.jpg,Pablo_Picasso,Cubismo,1
97.03439,84.18223,81.206696,71.16003,62.612446,55.175972,0.0,0.0,0.0,255.0,255.0,255.0,0.2932871,0.20295446,0.39624676,0.26873264,0.25007057189941406,0.7260215878486633,0.5667800903320312,0.24999843231684757,0.8414758443832397,0.8338059186935425,2.610183000564575,2.2787036895751953,4.391612529754639,2.83333683013916,2.3608739376068115,1.872886061668396,4.390895843505859,2.8524508476257324,0.0012778387172147632,0.06704913601465326,0.0014977947575971484,0.1560297422366388,0.0017245793715119362,0.16278750761509383,0.0014540216652676463,0.13300089162158127,0.001126985065639019,0.036895381722967927,0.0011106828460469842,0.07076086386431214,0.0019069118425250053,0.19683857614892097,0.0009403991862200201,0.020761469037331105,0.0010795618873089552,0.04982591189487741,-1403.7347524729853,0.8369483351707458,0.37145097060522675,0.48213491578867634,-0.6187735939970582,Pablo_Picasso_044.jpg,Pablo_Picasso,Cubismo,1
97.690765,119.802216,133.67024,62.26587,61.79589,65.84427,0.0,0.0,0.0,255.0,255.0,255.0,0.39561275,0.21859959,0.54914564,0.24333501,0.23981906473636627,0.49255210161209106,0.4178009331226349,0.24999981183384476,0.6101807355880737,0.6522611379623413,3.0416295528411865,1.940192699432373,5.715663433074951,2.8760061264038086,2.978471040725708,1.7745400667190552,5.725130081176758,2.9555273056030273,0.0015871250070631504,0.09260879295261734,0.0017994787776842713,0.00817515377155684,0.001930065336637199,0.015339857180640043,0.0017183104064315557,0.10768756061006789,0.0027181764598935843,0.36184634372944346,0.0020150598138570786,0.19752270122542537,0.0015025633620098233,0.029174211136654936,0.001612708205357194,0.06380756684909025,0.0010034000733867288,0.024698390739120706,-1417.9808339645276,1.5398516654968262,3.6150064139124454,0.4977011980582036,-0.49617139545073535,Pablo_Picasso_045.jpg,Pablo_Picasso,Cubismo,1
77.706215,47.98947,35.647404,49.04278,44.89123,23.656376,0.0,0.0,0.0,255.0,255.0,255.0,0.6389341,0.2220071,0.31499705,0.19482854,0.1540573686361313,0.3029763102531433,0.24732878804206848,0.25,0.2587040066719055,0.2562686502933502,1.5346354246139526,1.3896265029907227,2.854336977005005,2.200908660888672,1.561307668685913,1.3499362468719482,2.7810611724853516,1.949069619178772,0.00032630242640152574,0.019355310819216275,0.0007125132251530886,0.1167630163550547,0.0008927180315367877,0.12141890161355237,0.0007384862983599305,0.08231495371556108,0.0006057672435417771,0.038545973436756795,0.0011404561810195446,0.17381361823570304,0.0010581082897260785,0.05407778712816948,0.0011185070034116507,0.2186345175807691,0.0010704799788072705,0.07127437708097033,-1419.5654257797273,0.7114185690879822,0.3870947598525427,0.5452812997273142,-0.4376339812330334,Pablo_Picasso_046.jpg,Pablo_Picasso,Cubismo,1
128.83672,87.08217,56.116463,69.2753,53.062157,45.36991,0.0,0.0,0.0,255.0,255.0,247.0,0.5604693,0.24996126,0.50711316,0.26960927,0.20727616548538208,0.34065791964530945,0.26835766434669495,0.25,0.24373717606067657,0.23331400752067566,2.7042319774627686,1.8231933116912842,4.824072360992432,2.645458459854126,2.639993190765381,1.8344355821609497,4.8726959228515625,2.788712739944458,0.0016012805281206965,0.1526114109370658,0.001451474498026073,0.12371842686440554,0.001994911814108491,0.2692656457958551,0.001507749781012535,0.09914001140801193,0.0011720829643309116,0.023949512234361515,0.001400642329826951,0.05257923449314788,0.0013016874436289072,0.12246793324850452,0.001208591042086482,0.051153233001330935,0.0016424765344709158,0.0026179924824126484,-1419.5654257797273,0.7942742705345154,0.24016130566529123,0.5174002263778232,-0.3272889659591788,Pablo_Picasso_047.jpg,Pablo_Picasso,Cubismo,1
111.00497,123.39896,114.903275,69.77214,65.89016,66.43357,0.0,0.0,0.0,255.0,255.0,255.0,0.34421778,0.2219372,0.5218388,0.2455023,0.258433073759079,0.4874672591686249,0.4200524091720581,0.2500001788633591,0.6212188005447388,0.6289118528366089,3.1916048526763916,2.1753604412078857,5.945847034454346,3.1214120388031006,3.0958356857299805,1.9578171968460083,5.951269149780273,3.2141611576080322,0.0011230743257328868,0.00043507966792141495,0.00179661950096488,0.10777729077502192,0.0013605972053483129,0.01685208580415614,0.00139440200291574,0.0014244830608982622,0.002455880166962743,0.25259114113339864,0.0020651444792747498,0.1269175733512092,0.0015341765247285366,0.007863662146135203,0.0023833198938518763,0.21972812354973445,0.002305986825376749,0.16320644046821017,-1416.5102279138314,1.3461557626724243,2.534935867642656,0.5354233775320383,-0.7568727221050875,Pablo_Picasso_048.jpg,Pablo_Picasso,Cubismo,1
160.59589,132.2011,64.16451,77.215485,62.134426,50.19664,0.0,0.0,0.0,255.0,255.0,255.0,0.5951042,0.23572007,0.6434459,0.2833385,0.2440595179796219,0.4150417745113373,0.5076802968978882,0.2500009137193127,0.4070371389389038,0.46828287839889526,4.245490074157715,3.1067888736724854,6.699850082397461,3.0275025367736816,3.593161106109619,2.2256767749786377,6.690776348114014,3.0108749866485596,0.0022818977013230324,0.15456022278951032,0.0011380389332771301,0.04817160096807347,0.002387003507465124,0.29658853562311444,0.001626477693207562,0.0494314226038524,0.0020167992915958166,0.023936611079799754,0.0023501685354858637,0.05546530517521467,0.001753749791532755,0.04717700493982694,0.002419445663690567,0.08487219441037032,0.002329295501112938,0.08659616085933097,-1418.8814834968357,0.9917077422142029,0.2544044831796955,0.5248109613736948,-0.23655545668496816,Pablo_Picasso_049.jpg,Pablo_Picasso,Cubismo,1
118.17122,112.76765,76.269264,70.50185,62.85624,43.92929,0.0,0.0,0.0,255.0,255.0,249.0,0.39408603,0.24546212,0.4954202,0.26656005,0.23617330193519592,0.30557453632354736,0.3337438702583313,0.25,0.37101516127586365,0.4068041443824768,2.937696933746338,1.7974740266799927,5.56722354888916,3.0499231815338135,3.0043187141418457,2.0317277908325195,5.537649154663086,2.957073211669922,0.0013395891292020679,0.0006242801941726673,0.0013591543538495898,0.0071361684264910075,0.0008978486876003444,0.0022818517442173354,0.0017398828640580177,0.0009579471945063343,0.002009144751355052,0.12299396170363912,0.0011975473025813699,0.0010440548074956678,0.0020177282858639956,0.11695566534276211,0.0027736795600503683,0.4852809799046358,0.001904939766973257,0.15609157544641417,-1419.5654257797273,1.1865335702896118,1.2390721643293616,0.47473850387841854,-0.4006113223964503,Pablo_Picasso_050.jpg,Pablo_Picasso,Cubismo,1
127.24076,85.186035,63.16182,58.199677,48.84776,44.14222,7.0,0.0,0.0,255.0,230.0,213.0,0.4905733,0.22823575,0.49901295,0.22819436,0.192691370844841,0.2764328420162201,0.33378395438194275,0.25000641272284213,0.26712989807128906,0.3257894217967987,2.8666460514068604,2.156996011734009,4.825971603393555,2.5244109630584717,2.569702625274658,1.6191833019256592,4.7992472648620605,2.448404312133789,0.001174024655483663,0.00011594202898550724,0.0009711686288937926,0.0,0.0013904927764087915,0.0,0.001095712766982615,0.0015072463768115941,0.0016669838223606348,0.059246376811594205,0.0013467140961438417,0.0025507246376811595,0.001970187993720174,0.3328695652173913,0.0018766894936561584,0.27744927536231884,0.001694791833870113,0.23026086956521738,-1419.5654257797273,1.1377127170562744,0.5898421882948571,0.5080998732687758,-0.135095540753566,Pablo_Picasso_1.jpg,Pablo_Picasso,Cubismo,1
141.47034,121.06779,116.80642,41.99747,45.096527,44.311775,0.0,0.0,0.0,232.0,214.0,222.0,0.28160688,0.18669994,0.5772513,0.1503763,0.167219340801239,0.3577706217765808,0.38629376888275146,0.25000594714180363,0.39534085988998413,0.5460869669914246,3.425295829772949,1.7929191589355469,6.346957683563232,2.221395492553711,3.5201737880706787,1.8285527229309082,6.348474025726318,2.188997983932495,0.0014984646113589406,0.003787878787878788,0.0018631378188729286,0.021645021645021644,0.002381314057856798,0.14686147186147186,0.0016682047862559557,0.007142857142857143,0.0018096378771588206,0.01277056277056277,0.0025391930248588324,0.2909090909090909,0.0015357066877186298,0.0005411255411255411,0.0017883977852761745,0.07034632034632035,0.002573887351900339,0.35584415584415585,-1419.5654257797273,0.9223417043685913,0.1263232895146369,0.5544113181170397,-0.08972448220353864,Pablo_Picasso_10.jpg,Pablo_Picasso,Cubismo,1
87.33111,92.26323,119.090065,45.698826,49.8568,48.19344,6.0,21.0,3.0,255.0,255.0,255.0,0.29332542,0.1583988,0.47716573,0.19215292,0.18576495349407196,0.3012767732143402,0.43089962005615234,0.25000120262267955,0.2588178217411041,0.3739677667617798,3.2994067668914795,4.324202060699463,4.658968448638916,2.301447868347168,2.3971962928771973,1.452723503112793,4.684135437011719,2.453578472137451,0.0012760910904034972,0.023599461080446783,0.0019339416176080704,0.24877221956625667,0.0013924860395491123,0.022643313486027206,0.001171276904642582,0.02407753487765657,0.0020596322137862444,0.3019253335651267,0.0013118195347487926,0.018557955582598113,0.0009740627137944102,0.03237863444739015,0.0017451922176405787,0.21322091355556522,0.001119365100748837,0.015037593984962405,-1416.5637456461852,1.4276610612869263,3.0185387799536385,0.508358748040662,-0.17648150608722096,Pablo_Picasso_11.jpg,Pablo_Picasso,Cubismo,1
170.98933,173.40306,168.09782,77.81363,68.88939,61.68302,0.0,0.0,0.0,255.0,255.0,255.0,0.23072359,0.24324353,0.7381664,0.24513836,0.27007561922073364,0.5315605401992798,0.5438923239707947,0.25,0.5027438998222351,0.5354263186454773,4.832988262176514,2.79038405418396,8.739768981933594,3.70833158493042,5.002320289611816,3.012291193008423,8.617049217224121,3.330275058746338,0.001952434773556888,0.038492063492063494,0.0033130934461951256,0.29642857142857143,0.00274972734041512,0.1759920634920635,0.0020033768378198147,0.03015873015873016,0.0031353109516203403,0.13234126984126984,0.002846445655450225,0.08293650793650793,0.002533144084736705,0.057539682539682536,0.0024374667555093765,0.028174603174603175,0.0028458251617848873,0.05773809523809524,-1398.698760576472,1.1847796440124512,1.3237043879972854,0.5235221877446464,-0.08470363051109421,Pablo_Picasso_12.jpg,Pablo_Picasso,Cubismo,1
166.6856,156.9437,121.151726,51.78852,42.764214,28.177113,10.0,16.0,0.0,255.0,255.0,250.0,0.29132298,0.14395578,0.6691042,0.18240918,0.16709664463996887,0.31197869777679443,0.28661927580833435,0.25,0.33269837498664856,0.3603052794933319,3.9642539024353027,1.6418429613113403,7.729506969451904,2.431084156036377,3.953932762145996,1.7524325847625732,7.725675106048584,1.9758182764053345,0.0030304768588393927,0.401,0.002552869264036417,0.2423846153846154,0.002288761083036661,0.09684615384615385,0.0026668894570320845,0.08684615384615385,0.0019440008327364922,0.0031538461538461538,0.0018073661485686898,0.0,0.0026730855461210012,0.029153846153846155,0.002061902778223157,0.0003076923076923077,0.0024782351683825254,0.007615384615384615,-1419.490054180192,0.8136286735534668,0.032727269331183584,0.4719663179622347,-0.10305798364166995,Pablo_Picasso_13.jpg,Pablo_Picasso,Cubismo,1
157.39238,139.18689,86.096634,72.250854,54.06844,66.28186,0.0,0.0,0.0,255.0,255.0,255.0,0.58229727,0.29432252,0.6961322,0.21049812,0.1994573473930359,0.3449147045612335,0.4153519570827484,0.25000172163265866,0.26918599009513855,0.3420606255531311,3.9642739295959473,2.4940266609191895,7.002457141876221,2.830598831176758,3.9159913063049316,2.4533536434173584,7.00794792175293,2.8214266300201416,0.002413075650110841,0.013581865867366054,0.0018953221151605248,0.02410390907955539,0.0020704418420791626,0.02897464718371425,0.0022291538771241903,0.0622580242287998,0.0018435691017657518,0.09017110028724866,0.0018872838700190187,0.009085799925065568,0.0023752376437187195,0.21065942300487073,0.0023999970871955156,0.31797177469714,0.0020632739178836346,0.1394717122517797,-1419.5654257797273,0.8651894330978394,0.9054552145895366,0.477517069191193,-0.21883525735228598,Pablo_Picasso_14.jpg,Pablo_Picasso,Cubismo,1
180.75294,162.61061,125.758064,30.769053,34.505608,35.169655,29.0,19.0,0.0,255.0,255.0,233.0,0.31759113,0.109341025,0.70893073,0.120638,0.12982742488384247,0.187057763338089,0.18685363233089447,0.25,0.16164694726467133,0.18042312562465668,4.138283729553223,1.2671846151351929,8.134284019470215,1.8780615329742432,4.140276908874512,1.5418577194213867,8.133665084838867,1.7186542749404907,0.002332631964236498,0.0010351966873706005,0.0019704457372426987,0.002994676131322094,0.002176109701395035,0.0025140490979000296,0.002732441294938326,0.036638568470866606,0.002852007281035185,0.28179532682638275,0.0026008365675807,0.11734693877551021,0.0029317697044461966,0.29931972789115646,0.0026372072752565145,0.09793700088731144,0.002382451668381691,0.012459331558710441,-1419.5654257797273,1.1349520683288574,2.9765682875154162,0.4854074814223835,-0.20399704584572337,Pablo_Picasso_15.jpg,Pablo_Picasso,Cubismo,1
139.9787,110.34781,57.20047,83.802605,69.84489,55.05302,3.0,0.0,0.0,255.0,255.0,255.0,0.5546323,0.24771903,0.55062574,0.32840464,0.27309560775756836,0.219440296292305,0.37315821647644043,0.25,0.18628014624118805,0.3005243241786957,3.2512083053588867,2.8825912475585938,5.675736427307129,3.5212879180908203,3.126749038696289,2.7252542972564697,5.69024133682251,3.5548949241638184,0.0016532493755221367,0.030253807106598984,0.0024926967453211546,0.17614213197969544,0.0019392013782635331,0.31921319796954317,0.0019774185493588448,0.09959390862944162,0.002372022485360503,0.1018020304568528,0.0010616068029776216,0.019593908629441624,0.0014906214782968163,0.0751522842639594,0.0016156276687979698,0.04515228426395939,0.0010578667279332876,0.03309644670050761,-1419.0592600378275,1.3631964921951294,1.0180202027665077,0.46701958051896447,-0.18997682265608615,Pablo_Picasso_16.jpg,Pablo_Picasso,Cubismo,1
154.28307,114.062485,69.23099,70.61417,69.46411,50.37057,8.0,0.0,0.0,255.0,253.0,232.0,0.6208712,0.1915238,0.60503167,0.27691796,0.263729989528656,0.6212780475616455,0.5880395174026489,0.25,0.6570068001747131,0.6901587247848511,4.251394271850586,3.1866841316223145,6.360180854797363,3.7187116146087646,3.8975281715393066,2.9274940490722656,6.15614128112793,3.2454898357391357,0.0014698054874315858,0.029861111111111113,0.0023103593848645687,0.059375,0.002200901275500655,0.022569444444444444,0.0015901190927252173,0.06388888888888888,0.002184987999498844,0.35555555555555557,0.0015673062298446894,0.02361111111111111,0.0018629570258781314,0.12291666666666666,0.001958040753379464,0.20902777777777778,0.0015749173471704125,0.023958333333333335,-1419.5654257797273,1.1761661767959595,3.51353377403433,0.5060595126433552,-0.04638258146668019,Pablo_Picasso_17.jpg,Pablo_Picasso,Cubismo,1
118.14324,112.766716,76.634346,69.37346,61.721893,42.57864,0.0,0.0,0.0,255.0,255.0,226.0,0.3840541,0.2426704,0.49316806,0.26244277,0.23210538923740387,0.27047693729400635,0.3479427695274353,0.25,0.2915458083152771,0.3736909031867981,3.005303382873535,1.8936799764633179,5.6209540367126465,3.0876054763793945,3.085932970046997,2.077760934829712,5.560312271118164,2.945319652557373,0.0013395901769399643,2.994011976047904e-05,0.0013626841828227043,0.0015568862275449102,0.0008968775509856641,0.000718562874251497,0.0017394772730767727,5.988023952095808e-05,0.002011252101510763,0.12020958083832335,0.0012003380106762052,0.0004191616766467066,0.0020197697449475527,0.11389221556886228,0.002779267029836774,0.5058383233532934,0.0019094711169600487,0.1567365269461078,-1419.5654257797273,1.1862826347351074,1.2028159371658111,0.4743909702254775,-0.24019963701934002,Pablo_Picasso_18.jpg,Pablo_Picasso,Cubismo,1
153.2621,127.27958,95.44723,84.15446,87.94922,85.234146,0.0,0.0,0.0,255.0,255.0,255.0,0.5383966,0.34495667,0.6481771,0.2977751,0.31711873412132263,0.6103613972663879,0.8083569407463074,0.2500092288382738,0.5305219292640686,0.707322895526886,4.7964935302734375,3.814056396484375,6.861514568328857,3.914163112640381,5.527108669281006,4.629354000091553,6.905938625335693,4.052211761474609,0.002122196601703763,0.12237998647734956,0.0022820199374109507,0.24323867478025693,0.0020106344018131495,0.08012170385395538,0.0021000411361455917,0.07454361054766734,0.0023417752236127853,0.11392832995267073,0.001870947191491723,0.08975659229208925,0.0017875812482088804,0.00929682217714672,0.001954656792804599,0.11528059499661934,0.001754074008204043,0.06727518593644355,-1413.6474964569434,1.1564946174621582,1.1196012188777273,0.489527509935183,-0.07010661132481207,Pablo_Picasso_19.jpg,Pablo_Picasso,Cubismo,1
74.942345,59.617107,73.82132,54.454258,50.28535,40.019497,0.0,0.0,0.0,255.0,255.0,255.0,0.39516985,0.14512058,0.33502775,0.20756698,0.19344715774059296,0.35004371404647827,0.5930177569389343,0.2500134084204881,0.3855155110359192,0.6724650263786316,2.2219817638397217,2.6022515296936035,3.421367883682251,2.6099376678466797,2.003748893737793,2.033878803253174,3.3619601726531982,2.529466152191162,0.0007964102551341057,0.018666666666666668,0.0008571026846766472,0.06448484848484848,0.0010808759834617376,0.08872727272727272,0.0010893673170357943,0.10593939393939394,0.001400159322656691,0.27636363636363637,0.001698444364592433,0.31612121212121214,0.0007168231531977654,0.0012121212121212121,0.0006016853731125593,0.008,0.000857328122947365,0.024484848484848484,-1417.7463463482218,1.3850337266921997,2.7514076102279232,0.5333242550140447,-0.05471018756271092,Pablo_Picasso_2.jpg,Pablo_Picasso,Cubismo,1
203.64693,138.70328,102.64247,22.250097,26.601107,29.712027,61.0,20.0,0.0,255.0,254.0,249.0,0.4980903,0.124918245,0.7986063,0.08725355,0.09416276961565018,0.15946772694587708,0.1791890561580658,0.25,0.1210380345582962,0.17560790479183197,3.924081563949585,1.4086333513259888,7.643596649169922,1.3704113960266113,3.8808605670928955,1.1369543075561523,7.642254829406738,1.3084958791732788,0.002368326298892498,0.006993006993006993,0.0023232456296682358,0.002937062937062937,0.0023861266672611237,0.02678321678321678,0.002514033345505595,0.22825174825174827,0.0024074253160506487,0.2254195804195804,0.0025772585067898035,0.2273076923076923,0.0023456504568457603,0.08569930069930069,0.002233764622360468,0.04986013986013986,0.0021602397318929434,0.04674825174825175,-1419.5654257797273,1.0164507627487183,2.2541955787762467,0.49769385457395976,-0.20884955259611734,Pablo_Picasso_20.jpg,Pablo_Picasso,Cubismo,1
76.826645,81.28269,84.50765,53.08505,41.572346,37.67856,4.0,4.0,0.0,255.0,255.0,253.0,0.29251873,0.17437756,0.3604361,0.18211237,0.1728036105632782,0.19127707183361053,0.2728877067565918,0.2500036890023462,0.17576222121715546,0.2899794578552246,2.1028714179992676,1.5226285457611084,3.9989726543426514,2.2044830322265625,2.3186593055725098,2.6110737323760986,3.9958600997924805,2.1662092208862305,0.0015071429079398513,0.08022287862513426,0.0009942366741597652,0.02611439312567132,0.001675105420872569,0.16326530612244897,0.0014913318445906043,0.004833512352309345,0.001769104041159153,0.46126476906552094,0.0012512357207015157,0.09438775510204081,0.0009789158357307315,0.004699248120300752,0.0006639568600803614,6.713211600429645e-05,0.0006093563279137015,0.0,-1418.4899809982358,1.4553240537643433,4.972579071531168,0.48713874516405486,-0.12386267290179007,Pablo_Picasso_21.jpg,Pablo_Picasso,Cubismo,1
195.86339,199.78632,164.55289,35.686375,37.040874,52.755135,19.0,14.0,0.0,255.0,255.0,255.0,0.19490121,0.17322503,0.78777224,0.14404617,0.14664535224437714,0.22855065762996674,0.2996111810207367,0.25,0.2032596915960312,0.2689085006713867,5.073946475982666,1.7447590827941895,9.682485580444336,1.9561376571655273,5.055513858795166,1.7424752712249756,9.695513725280762,2.1600043773651123,0.003154120175167918,0.04814935064935065,0.002945882733911276,0.08918831168831169,0.003318748902529478,0.11116883116883117,0.002968811895698309,0.14253246753246754,0.003252497175708413,0.38243506493506496,0.003210119903087616,0.0875,0.0027199520263820887,0.014285714285714285,0.002709300024434924,0.020389610389610388,0.002638197038322687,0.0015584415584415584,-1418.4102264398566,1.0874797105789185,3.8362520578240322,0.5020939795142793,-0.2035254077813025,Pablo_Picasso_22.jpg,Pablo_Picasso,Cubismo,1
118.02356,113.98865,93.3564,70.87631,70.7938,66.70994,0.0,0.0,0.0,255.0,255.0,255.0,0.3619164,0.24387816,0.49945158,0.27404082,0.26905903220176697,0.5291152000427246,0.6280882358551025,0.25,0.40848568081855774,0.4832480847835541,4.046665668487549,3.270796537399292,5.916173458099365,3.520282745361328,4.22992467880249,3.425877809524536,5.912364482879639,3.53267502784729,0.0014024353586137295,0.04528985507246377,0.0019164999248459935,0.13250517598343686,0.002303016372025013,0.2596273291925466,0.0015384875005111098,0.03804347826086957,0.00191529153380543,0.1531055900621118,0.0017883835826069117,0.10243271221532091,0.001617441070266068,0.021894409937888198,0.0015478008426725864,0.042753623188405795,0.001520131016150117,0.07639751552795031,-1419.2437381056313,1.108559012413025,1.5801280420508883,0.5220946274681578,-0.12185830133914312,Pablo_Picasso_23.jpg,Pablo_Picasso,Cubismo,1
49.515156,61.847652,52.254204,54.450546,60.31416,61.881023,0.0,3.0,0.0,255.0,255.0,255.0,0.34258434,0.12838057,0.24561293,0.24053967,0.22966602444648743,0.23626525700092316,0.4366757869720459,0.25,0.1837214231491089,0.3265373408794403,1.8301125764846802,2.383716106414795,3.0520787239074707,3.182131052017212,2.117168664932251,3.448091745376587,3.0222840309143066,3.193176507949829,0.0007566882995888591,0.08296774193548387,0.0006832212675362825,0.04009677419354839,0.0006120009929873049,0.02674193548387097,0.0007523690583184361,0.06683870967741935,0.0011507809394970536,0.1636774193548387,0.0008378370548598468,0.06648387096774193,0.0008046688744798303,0.09741935483870967,0.0009368699393235147,0.13380645161290322,0.001362666953355074,0.2222258064516129,-1417.6020295749793,1.3114821910858154,1.636304838566343,0.5193802497700895,-0.23912878727703202,Pablo_Picasso_24.jpg,Pablo_Picasso,Cubismo,1
110.76217,106.30728,83.46021,71.4691,75.38602,78.139114,0.0,0.0,0.0,255.0,255.0,255.0,0.49051842,0.2662342,0.47144222,0.2913313,0.2875598073005676,0.26749369502067566,0.45192113518714905,0.25,0.24897612631320953,0.3933198153972626,3.1485109329223633,3.0705466270446777,5.357445240020752,3.7921416759490967,2.949218511581421,2.701079845428467,5.284483432769775,3.6576573848724365,0.0008195513510145247,0.009183673469387756,0.001285395585000515,0.03629251700680272,0.0006702978280372918,0.02227891156462585,0.0015682786470279098,0.04772108843537415,0.002502414397895336,0.25785714285714284,0.0013917037285864353,0.061870748299319725,0.001711442950181663,0.11054421768707483,0.0026851247530430555,0.2361904761904762,0.0019017314771190286,0.1141156462585034,-1417.0004906651475,1.549372673034668,2.5899253396241098,0.4955426339843021,-0.2482391810410753,Pablo_Picasso_25.jpg,Pablo_Picasso,Cubismo,1
160.95744,155.90384,124.21861,47.425377,35.38756,32.566654,5.0,12.0,0.0,255.0,255.0,241.0,0.289718,0.100813285,0.6562593,0.15973105,0.14635872840881348,0.2116585522890091,0.2657786011695862,0.25,0.1671491265296936,0.20646178722381592,3.9877278804779053,1.3883990049362183,7.661965370178223,1.902385950088501,4.095159530639648,1.8727353811264038,7.64970064163208,1.933341383934021,0.0023432716261595488,0.19303548994974876,0.002595361554995179,0.2099756595477387,0.0023585332091897726,0.10692132537688442,0.0022911024279892445,0.10236730527638191,0.002394783776253462,0.15277559673366833,0.0022428801748901606,0.03425329773869347,0.0022604179102927446,0.025145257537688443,0.0024769529700279236,0.048092022613065326,0.0023242817260324955,0.026951162060301508,-1419.5654257797273,1.012466311454773,1.5285759518066646,0.49794878834462825,-0.2062523337155732,Pablo_Picasso_26.jpg,Pablo_Picasso,Cubismo,1
108.14522,74.15286,67.1057,60.65709,68.37205,69.79897,0.0,0.0,0.0,255.0,255.0,251.0,0.57484686,0.29816362,0.44185916,0.24408272,0.25233015418052673,0.30953848361968994,0.5485125780105591,0.25,0.2959342300891876,0.49932676553726196,2.6838293075561523,2.9964687824249268,4.289361000061035,3.1946582794189453,2.7755699157714844,3.084315299987793,4.388747692108154,3.4310965538024902,0.0009510855888947845,0.030303030303030304,0.001329770777374506,0.10787878787878788,0.000994044472463429,0.01612121212121212,0.00046319642569869757,0.04375757575757576,0.0022963890805840492,0.42887878787878786,0.0009019624558277428,0.003696969696969697,0.0011661214521154761,0.015181818181818182,0.0017875530757009983,0.07381818181818182,0.00162605254445225,0.16303030303030303,-1419.459394373209,1.7946354150772095,4.373008342905974,0.5254331894664915,-0.23213611151644803,Pablo_Picasso_27.jpg,Pablo_Picasso,Cubismo,1
195.12419,204.1203,183.75403,41.1566,41.554447,40.25545,0.0,0.0,0.0,255.0,255.0,253.0,0.119208805,0.06563954,0.8036232,0.16350566,0.16030395030975342,0.30734243988990784,0.46718597412109375,0.25,0.297758013010025,0.4822651147842407,5.118617534637451,1.5901895761489868,9.931100845336914,2.23928165435791,5.157759189605713,1.6685128211975098,9.903182029724121,1.9332555532455444,0.003122408175840974,0.041107784431137724,0.003264564787968993,0.010538922155688623,0.003008691594004631,0.03865269461077844,0.0030552970711141825,0.05002994011976048,0.00313374400138855,0.1405389221556886,0.002941350219771266,0.06374251497005988,0.0028709073085337877,0.09592814371257485,0.0030048214830458164,0.26407185628742513,0.003156587714329362,0.19529940119760478,-1419.5538320847127,1.0234133005142212,1.405529353394509,0.5028369995180387,-0.17417183957641882,Pablo_Picasso_28.jpg,Pablo_Picasso,Cubismo,1
159.95287,158.62459,151.7228,67.80345,69.216064,64.79702,0.0,0.0,0.0,255.0,255.0,255.0,0.12012955,0.13198385,0.6436835,0.26187477,0.26689544320106506,0.35092806816101074,0.5207362174987793,0.25,0.3114866316318512,0.462292343378067,4.634711265563965,3.0690205097198486,7.9293622970581055,3.3694512844085693,4.425386905670166,2.8653626441955566,7.928593158721924,3.460986375808716,0.0022994379978626966,0.10557142857142857,0.0022354053799062967,0.10921428571428571,0.002360606100410223,0.03075,0.002796319779008627,0.29335714285714287,0.002917166333645582,0.24446428571428572,0.0027619434986263514,0.046035714285714284,0.002090005436912179,0.023892857142857143,0.0021358185913413763,0.016642857142857143,0.0022603098768740892,0.011857142857142858,-1413.8117292339589,1.201188325881958,2.495139478017356,0.5021206778841235,-0.20914078623031318,Pablo_Picasso_29.jpg,Pablo_Picasso,Cubismo,1
98.029465,96.48015,112.28841,92.233154,59.30815,65.94495,0.0,0.0,0.0,255.0,253.0,255.0,0.7036242,0.2566623,0.6196645,0.2512004,0.23924167454242706,0.26649853587150574,0.31291663646698,0.25,0.2289758324623108,0.27511781454086304,2.627187967300415,1.8379786014556885,5.002806186676025,3.1288957595825195,2.883647918701172,2.319887161254883,4.962343215942383,3.0098354816436768,0.0013093074085190892,0.02097942073170732,0.0013258671388030052,0.007183689024390244,0.0014405661495402455,0.01442454268292683,0.001582316355779767,0.16411966463414634,0.0012994504068046808,0.11272865853658537,0.001248004613444209,0.016692073170731708,0.0015016496181488037,0.0841844512195122,0.0017012947937473655,0.15207698170731707,0.002248138189315796,0.32366615853658537,-1419.5654257797273,0.8563610911369324,1.132248690104476,0.5214996321456168,-0.23235802224950802,Pablo_Picasso_3.jpg,Pablo_Picasso,Cubismo,1
147.78142,109.16849,87.763855,67.11628,65.76508,64.178535,0.0,0.0,0.0,255.0,255.0,255.0,0.45953214,0.25693107,0.59709364,0.26596072,0.24407289922237396,0.45178118348121643,0.6121426820755005,0.25,0.4443655014038086,0.5992866158485413,3.8460991382598877,3.1442463397979736,6.057571887969971,3.357628107070923,3.1671366691589355,1.9817832708358765,6.082550048828125,3.4078481197357178,0.0014190914807841182,0.0282073695535234,0.0021843700669705868,0.08183162990855299,0.0017456808127462864,0.11027434104357181,0.0017707210499793291,0.06522323830016137,0.0026515014469623566,0.3051371705217859,0.00175694830249995,0.052850995158687464,0.0012232587905600667,0.02387036040882195,0.0017526125302538276,0.09121167294244217,0.0018555432325229049,0.13797740720817644,-1418.5416986898424,1.458666205406189,3.0629965426908945,0.5258115132653737,-0.18207797657816285,Pablo_Picasso_30.jpg,Pablo_Picasso,Cubismo,1
135.02971,100.536736,37.813488,64.43125,54.90188,48.93243,0.0,0.0,0.0,255.0,230.0,187.0,0.68787557,0.32482293,0.53073794,0.2509003,0.21469718217849731,0.20688501000404358,0.3038109242916107,0.25,0.19501470029354095,0.26747968792915344,3.024787664413452,2.0357894897460938,5.24749755859375,2.685899019241333,2.8659465312957764,1.570206880569458,5.237951755523682,2.6478161811828613,0.00089427107013762,0.0,0.0011444176780059934,0.0072731755424063115,0.0011612226953729987,0.0,0.0013722935691475868,0.0,0.0015074358088895679,0.015039447731755425,0.001569394487887621,0.0008629191321499013,0.0017990960041061044,0.18010355029585798,0.0026296491269022226,0.4844674556213018,0.002275116741657257,0.21203155818540434,-1419.5654257797273,0.9452333450317383,0.15043155092107593,0.5250918838522809,-0.0973856451644781,Pablo_Picasso_4.jpg,Pablo_Picasso,Cubismo,1
211.40189,158.15237,118.44958,25.486094,38.52407,45.07297,75.0,33.0,0.0,255.0,254.0,237.0,0.4542192,0.16320285,0.8290171,0.09994981,0.13594132661819458,0.25723469257354736,0.27574625611305237,0.25,0.2263363003730774,0.2691916525363922,4.318033218383789,1.7526665925979614,8.415143966674805,1.9806851148605347,4.275205135345459,1.4817570447921753,8.419190406799316,1.973331093788147,0.002631434006616473,0.0014985014985014985,0.002660738304257393,0.06228771228771229,0.0023831489961594343,0.013686313686313687,0.0026621208526194096,0.06583416583416583,0.0031892103143036366,0.5289210789210789,0.0024843609426170588,0.08156843156843156,0.002539682434871793,0.021378621378621378,0.002379758981987834,0.053346653346653346,0.0025002534966915846,0.0495004995004995,-1419.5654257797273,1.2250070571899414,5.421605997915026,0.49133395323500156,-0.16114957368363328,Pablo_Picasso_5.jpg,Pablo_Picasso,Cubismo,1
107.838776,100.9639,71.83728,81.85106,82.47596,64.21109,0.0,0.0,0.0,255.0,255.0,248.0,0.47780284,0.27197015,0.425804,0.32050884,0.3134373128414154,0.7024787664413452,0.868297815322876,0.25,0.6322970390319824,0.8050675392150879,4.393596172332764,4.201574325561523,5.4738688468933105,3.9040043354034424,3.9973971843719482,3.6165921688079834,5.338273525238037,3.9339842796325684,0.0013960396172478795,0.027908189880020865,0.0014645038172602654,0.04251434533124674,0.002040797844529152,0.05216484089723526,0.0014956928789615631,0.08111632759520084,0.0016781662125140429,0.15179968701095461,0.0011816330952569842,0.051904016692749085,0.0022822616156190634,0.350547730829421,0.0010507832048460841,0.08059467918622848,0.0011342389043420553,0.06259780907668232,-1419.5654257797273,1.100500464439392,1.516063524418848,0.46830946851947697,-0.07178673727470333,Pablo_Picasso_6.jpg,Pablo_Picasso,Cubismo,1
238.00578,228.0107,179.05315,24.832138,27.143261,27.749651,39.0,20.0,0.0,255.0,255.0,238.0,0.2525027,0.062297117,0.93335736,0.09734981,0.10327345877885818,0.17337769269943237,0.34241053462028503,0.25,0.1833847463130951,0.4052066504955292,5.670419216156006,1.1474977731704712,11.1925687789917,1.2994223833084106,5.734127044677734,1.4534387588500977,11.19143295288086,1.3124494552612305,0.00365051394328475,0.04424931129476584,0.003688803408294916,0.23209366391184574,0.0036631280090659857,0.08660468319559228,0.0035360613837838173,0.06869834710743801,0.003583319019526243,0.17475895316804407,0.003438824089244008,0.08737947658402204,0.003086753422394395,0.03090564738292011,0.0031147757545113564,0.05630165289256198,0.003437228035181761,0.07816804407713498,-1419.5654257797273,1.0336663722991943,1.8306611308771172,0.5020083168555709,-0.08977006903713163,Pablo_Picasso_7.jpg,Pablo_Picasso,Cubismo,1
124.22142,100.05742,79.16676,79.331314,72.49122,71.187584,0.0,0.0,0.0,255.0,255.0,255.0,0.50980943,0.28503472,0.5073931,0.30316854,0.28093448281288147,0.5509769916534424,0.6305751800537109,0.25,0.4765017628669739,0.5080268383026123,4.332150459289551,3.8647711277008057,5.6497955322265625,3.613175392150879,3.813326835632324,3.3337080478668213,5.728686809539795,3.9319427013397217,0.0021181791089475155,0.25500901622921257,0.0012310890015214682,0.02624724504107393,0.001491542556323111,0.03195752354237628,0.0018112182151526213,0.15407733921057903,0.0017816604813560843,0.12610198357042676,0.0013407820370048285,0.05209376878381086,0.001820357283577323,0.13601983570426768,0.0014282513875514269,0.07478461230214387,0.0015009797643870115,0.046032859146463635,-1419.5654257797273,1.1040194034576416,1.2577716076432934,0.465866584566297,-0.19161464011826926,Pablo_Picasso_8.jpg,Pablo_Picasso,Cubismo,1
159.44957,78.55645,62.475105,38.549755,45.722767,58.929897,0.0,0.0,0.0,228.0,204.0,208.0,0.6106754,0.34440154,0.62786096,0.14749514,0.14892826974391937,0.213321253657341,0.21934305131435394,0.25,0.21248194575309753,0.21342790126800537,2.816943407058716,1.5107084512710571,5.05609130859375,1.9866551160812378,2.589533567428589,1.135840654373169,5.041427135467529,1.8218179941177368,0.0013629364548251033,0.0,0.0013346481136977673,0.11056312769010043,0.0012850905768573284,0.0,0.0015266037080436945,0.02032520325203252,0.0022036998998373747,0.4140662362505978,0.001360868802294135,0.04725609756097561,0.0014808642445132136,0.010730511716881875,0.002078429562970996,0.23257412721186035,0.0013367783976718783,0.0665949306551889,-1419.5654257797273,1.4197053909301758,4.130976030001191,0.4868211003127968,-0.22555486195750324,Pablo_Picasso_9.jpg,Pablo_Picasso,Cubismo,1
89.1552,69.60375,46.184425,53.71517,44.1744,29.168077,5.0,3.0,1.0,232.0,221.0,202.0,0.45808598,0.10013868,0.34962848,0.21063936,0.17671982944011688,0.08555921167135239,0.12413424998521805,0.25,0.06090376153588295,0.08352990448474884,1.846190094947815,1.3194408416748047,3.615943193435669,2.2968854904174805,1.8346583843231201,1.2280763387680054,3.637188196182251,2.2896337509155273,0.0014677103608846664,0.08105263157894736,0.0013936866307631135,0.22518796992481202,0.001135659171268344,0.0,0.00178100960329175,0.4281203007518797,0.00119939970318228,0.16774436090225564,0.0015612388961017132,7.518796992481203e-05,0.00032768980599939823,0.0,0.00036741013173013926,0.0,0.0008613495156168938,0.0,-1419.5654257797273,1.0692754983901978,1.6733892821862681,0.49242520869406037,-0.11591335014189068,Rembrandt_001.jpg,Rembrandt,Barroco,3
95.45062,57.857353,37.644936,74.62887,66.44929,47.640118,0.0,0.0,0.0,246.0,245.0,228.0,0.7087499,0.22824593,0.3750469,0.29192343,0.2558010220527649,0.19948109984397888,0.2484549582004547,0.25,0.14503468573093414,0.18468590080738068,1.9769065380096436,2.1437206268310547,3.371731758117676,3.3139824867248535,1.8327268362045288,1.9183553457260132,3.394320487976074,3.3627238273620605,0.0009781229309737682,0.11154879575932207,0.0019125128164887428,0.2363375521270258,0.0011858431389555335,0.1847758689863953,0.00025681397528387606,0.0,0.0012732953764498234,0.10262489209857631,0.0015491107478737831,0.17598570230149177,0.00023502708063460886,0.0,0.0006571677513420582,0.002297844403107561,0.001203096704557538,0.0868439289491921,-1419.5654257797273,1.2387373447418213,1.0257762949851292,0.6061821390416857,-0.2139630308441113,Rembrandt_002.jpg,Rembrandt,Barroco,3
57.80595,56.88789,61.015766,63.512947,62.19779,61.27025,0.0,0.0,0.0,238.0,237.0,238.0,0.25403535,0.322613,0.24183594,0.24396542,0.244744211435318,0.17647220194339752,0.1953139454126358,0.25,0.08973807096481323,0.10013629496097565,1.662575602531433,1.8806679248809814,2.9583675861358643,3.176300048828125,1.6810604333877563,1.9099390506744385,2.949957847595215,3.1272289752960205,0.0006469049258157611,0.06239572906239573,0.001130187651142478,0.12647022022022023,0.0012434259988367558,0.10641891891891891,0.0007849389803595841,0.05942400734067401,0.0009624148369766772,0.09783742075408743,0.001933752209879458,0.4285744077410744,0.00034901034086942673,0.0052135468802135465,0.0007184238056652248,0.010781614948281615,0.00023030411102809012,0.00577660994327661,-1419.5654257797273,1.0827906131744385,0.9752398237963993,0.5579266357867719,-0.2992429870373935,Rembrandt_003.jpg,Rembrandt,Barroco,3
130.02132,92.14851,66.87199,62.174255,56.735535,43.834305,13.0,0.0,0.0,255.0,255.0,221.0,0.5203519,0.12354898,0.5098423,0.24383841,0.22185803949832916,0.2759738862514496,0.2666904032230377,0.25,0.2709684371948242,0.28437739610671997,2.775411367416382,1.8973339796066284,5.008033275604248,2.7960565090179443,2.6522302627563477,1.672947883605957,5.007422924041748,2.7603251934051514,0.0013759854482486844,2.87079966124564e-05,0.0015915873227640986,0.0067033172090085694,0.0015520324232056737,0.015330070191051717,0.0013109206920489669,0.008526274993899552,0.0013352372916415334,0.03518164984856532,0.001130449352785945,0.06212410466935565,0.0023023916874080896,0.49138042401710996,0.002064298838376999,0.21509466461882956,0.001259064651094377,0.06308582255587294,-1419.5654257797273,0.8631724119186401,0.35281412900604303,0.4612126248162881,-0.26077935606890607,Rembrandt_004.jpg,Rembrandt,Barroco,3
131.95836,93.83432,62.708424,71.41237,63.4089,43.727917,0.0,0.0,0.0,255.0,255.0,255.0,0.503718,0.17261837,0.51832443,0.28032103,0.2434324324131012,0.26266589760780334,0.28763046860694885,0.25,0.2568040192127228,0.3207176625728607,2.7475504875183105,1.9139702320098877,5.138936519622803,3.2077431678771973,2.730050802230835,1.8895056247711182,5.0962371826171875,3.116729497909546,0.0019859361927956343,0.06574342937979302,0.0016869115643203259,0.015796788524061252,0.0025866003707051277,0.3693941875760058,0.00225861556828022,0.3035266671630308,0.0016262232093140483,0.04374208919663465,0.0010093855671584606,0.08546149455240365,0.001298451330512762,0.008884917975827068,0.001066997880116105,0.005025686843868662,0.0005589023348875344,0.00024818206636388455,-1419.5654257797273,1.039628505706787,0.43848126962363665,0.4687745663543423,-0.28832715376990997,Rembrandt_005.jpg,Rembrandt,Barroco,3
76.61538,55.147667,49.274788,66.80468,44.035053,26.132883,0.0,0.0,3.0,255.0,255.0,236.0,0.45155665,0.19492868,0.32130262,0.24668583,0.18759563565254211,0.17024041712284088,0.17413486540317535,0.25,0.10885408520698547,0.10887368023395538,1.6407777070999146,1.5525140762329102,3.0708675384521484,2.5450422763824463,1.6590622663497925,1.5550414323806763,3.054818630218506,2.405998945236206,0.0011750096455216408,0.12915305743991004,0.0011139826383441687,0.057009200435495254,0.000604179862421006,0.03573693215127478,0.0007479983614757657,0.03929028630223849,0.0014192807720974088,0.25094815931469316,0.0010289568454027176,0.10780900422334685,0.0006929843220859766,0.0903054448871182,0.0007768408977426589,0.1163753394829092,0.0008680902537889779,0.07261045906464234,-1419.5654257797273,1.5157114267349243,2.511608162564401,0.4891413063532136,-0.3411069900791795,Rembrandt_006.jpg,Rembrandt,Barroco,3
71.97167,61.246784,53.4136,68.15025,67.03381,54.44049,0.0,0.0,0.0,255.0,255.0,255.0,0.5067076,0.256034,0.30639645,0.26452222,0.2540273666381836,0.22386646270751953,0.2804481089115143,0.25,0.14557243883609772,0.17610102891921997,2.1380956172943115,2.386107921600342,3.2831034660339355,3.2893621921539307,1.9154635667800903,2.003486156463623,3.2866528034210205,3.284653902053833,0.0006998201133683324,0.01036402255914451,0.0017105672741308808,0.2709538807099783,0.002682208316400647,0.5889548084670035,0.0006419469136744738,0.009033423667570008,0.0007264931336976588,0.0054566761883835056,0.0008573101367801428,0.008618374472033008,0.0004421226913109422,0.002124075294807002,0.0006080089369788766,0.004541126492346005,0.0004389795649331063,0.0006469884518665006,-1419.560404580253,0.742367684841156,0.05452474957659272,0.5928890391110545,-0.1822328890884292,Rembrandt_007.jpg,Rembrandt,Barroco,3
59.43284,44.34591,25.138975,61.122498,46.330776,29.71869,0.0,0.0,0.0,255.0,255.0,255.0,0.45679238,0.29274425,0.23731484,0.2380197,0.18704642355442047,0.23009316623210907,0.340863972902298,0.25,0.23240822553634644,0.41237199306488037,1.3851478099822998,1.6996854543685913,2.3863186836242676,2.492844820022583,1.3788834810256958,1.6997450590133667,2.384925603866577,2.437016248703003,0.0006144676590338349,0.01351782363977486,0.0006797562236897647,0.053175422138836775,0.0003489782102406025,0.014624765478424015,0.0007838348974473774,0.10219043151969981,0.0012302780523896217,0.30323170731707316,0.000689221837092191,0.10617260787992495,0.00045002868864685297,0.03374296435272045,0.0008219350129365921,0.12557692307692309,0.0008394077885895967,0.14904784240150093,-1419.5614889215215,1.714540958404541,3.0280086280129397,0.5039290451587122,-0.5930178319511566,Rembrandt_008.jpg,Rembrandt,Barroco,3
126.45117,101.932594,82.61973,71.06941,74.47058,68.747856,5.0,0.0,0.0,241.0,240.0,244.0,0.43572322,0.2390866,0.49744728,0.27802795,0.28188374638557434,0.1870870590209961,0.23863041400909424,0.25,0.10939373075962067,0.1385088413953781,2.940882921218872,2.1715197563171387,5.378488063812256,3.5994608402252197,2.8610174655914307,2.0800158977508545,5.383267402648926,3.649658679962158,0.001615192973986268,0.047174664704545184,0.002491412218660116,0.15748417740449613,0.0031031721737235785,0.49720636971632987,0.0005862188991159201,0.0,0.0012744823470711708,0.0017826591531770815,0.001637142151594162,0.1691970855317469,0.0008831880986690521,0.0009451682758455667,0.0017226976342499256,0.0199442470358805,0.0014966786839067936,0.00016749817546630295,-1419.5654257797273,0.7744852900505066,0.017948201364989542,0.5804112654836697,-0.29755005400013046,Rembrandt_009.jpg,Rembrandt,Barroco,3
198.54797,169.83041,114.63413,28.21536,30.909636,30.71796,34.0,16.0,0.0,255.0,234.0,204.0,0.43462917,0.110022984,0.7786276,0.110654876,0.11692887544631958,0.26104089617729187,0.3180646002292633,0.25,0.2770724594593048,0.3298344612121582,4.393762111663818,1.2490469217300415,8.56494426727295,1.6477047204971313,4.339349746704102,1.0715715885162354,8.567131042480469,1.6376450061798096,0.0027630713302642107,0.09870245092602861,0.0026293916162103415,0.03870466895863369,0.0024531122762709856,0.021330080218845884,0.0027281898073852062,0.365938412627999,0.0025271594058722258,0.061254667110273185,0.002436430659145117,0.021958522790285016,0.0027265134267508984,0.1229899079516469,0.002824147930368781,0.10990351558167905,0.0027286859694868326,0.05382425788325755,-1419.5654257797273,0.9549748301506042,0.6162396074260006,0.49119676479590535,-0.13585819592117054,Rembrandt_010.jpg,Rembrandt,Barroco,3
97.62776,76.902596,52.07048,47.150608,34.03285,17.140442,20.0,11.0,0.0,255.0,255.0,252.0,0.39543995,0.19971053,0.38279295,0.18473366,0.13749819993972778,0.1206396222114563,0.18987640738487244,0.25,0.09870925545692444,0.19195933640003204,2.060920238494873,1.2097933292388916,3.9952433109283447,1.899161696434021,2.0474703311920166,1.1389315128326416,3.98867130279541,1.7370418310165405,0.001109071890823543,0.027869418444069358,0.0011199743021279573,0.1330366733159429,0.0008803897071629763,0.0033182445910695103,0.0015715210465714335,0.13098434862666872,0.0013442541239783168,0.24976983274512812,0.0010685891611501575,0.0,0.001304888166487217,0.0389558078870646,0.0016715642996132374,0.3046839036366426,0.001023305463604629,0.002608562221881234,-1419.537877008423,1.0905598402023315,2.5222853365938205,0.466614150715514,-0.29929859814489784,Rembrandt_011.jpg,Rembrandt,Barroco,3
148.26045,132.71863,125.60259,57.455482,46.505955,32.96402,14.0,15.0,4.0,255.0,255.0,255.0,0.18884043,0.0840833,0.5968043,0.20786111,0.18765679001808167,0.2149863988161087,0.2625456154346466,0.25,0.12834535539150238,0.17992836236953735,3.5409281253814697,1.8740129470825195,6.786858081817627,2.527974843978882,3.4865756034851074,1.6967483758926392,6.800230979919434,2.5735771656036377,0.002419771160930395,0.04254576107899807,0.002585924696177244,0.2697495183044316,0.0027939090505242348,0.23388728323699423,0.002131649060174823,0.11184971098265896,0.001995601924136281,0.06322254335260116,0.0017571070929989219,0.023410404624277455,0.0017135764937847853,0.027637283236994218,0.0019937038887292147,0.10932080924855492,0.0015162453055381775,0.02008670520231214,-1419.5516538690695,0.9499057531356812,0.6310264067411129,0.4949938546021044,-0.22660697626762152,Rembrandt_012.jpg,Rembrandt,Barroco,3
107.06836,87.73552,77.20665,47.58351,35.298073,18.840797,35.0,28.0,27.0,255.0,216.0,175.0,0.23660488,0.1261331,0.42000332,0.1865734,0.14453798532485962,0.1650313287973404,0.14629577100276947,0.2500005035216303,0.11235629767179489,0.10791626572608948,2.3863768577575684,1.3829408884048462,4.590691089630127,1.9740415811538696,2.349534511566162,1.208139419555664,4.585944175720215,1.8374512195587158,0.0011049718596041203,0.024960574256348903,0.0016801449237391353,0.2456903583664147,0.0015429607592523098,0.16604129280185617,0.0012714755721390247,0.008428952090923921,0.001871771994046867,0.3337865028005873,0.001391956815496087,0.05258578498015118,0.0011880178935825825,0.0014501422952127177,0.0015245021786540747,0.061250385194047165,0.0012015497777611017,0.005510540721808327,-1419.5654257797273,1.318413257598877,3.338960861948647,0.5100255680754676,-0.26855498365582303,Rembrandt_013.jpg,Rembrandt,Barroco,3
182.84177,179.67383,175.09265,41.27169,43.767002,44.297497,0.0,0.0,0.0,253.0,255.0,255.0,0.057113234,0.06137732,0.71923023,0.16440797,0.16884227097034454,0.5356646776199341,0.5440799593925476,0.25,0.6246159076690674,0.7197185754776001,4.587289810180664,1.7494922876358032,8.948354721069336,2.164716958999634,4.618010520935059,1.7787425518035889,8.951931953430176,2.227346420288086,0.002755276160314679,0.1231528810408922,0.0029068016447126865,0.0560292750929368,0.0029286276549100876,0.1075278810408922,0.002853140700608492,0.07574349442379182,0.0026302423793822527,0.011605483271375465,0.0028194382321089506,0.0904507434944238,0.0026855345349758863,0.17395446096654274,0.0026037883944809437,0.10033689591078067,0.0027442066930234432,0.16103624535315986,-1419.5440283145474,0.949654757976532,0.11607579721575026,0.5021107651157293,-0.3329534220542872,Rembrandt_014.jpg,Rembrandt,Barroco,3
61.678005,49.633274,18.679523,73.71211,54.415054,22.121275,0.0,0.0,0.0,255.0,255.0,255.0,0.5802929,0.23906422,0.24750978,0.28563178,0.21770276129245758,0.20544099807739258,0.26472020149230957,0.25,0.20684663951396942,0.266665518283844,1.3997870683670044,1.8016016483306885,2.5244901180267334,2.835561990737915,1.498720645904541,1.942582607269287,2.534256935119629,2.849820137023926,0.0002075352967949584,0.00011413896418889998,0.0006365003064274788,0.0430375231844771,0.0007245868910104036,0.05019260950206877,0.0006360203260555863,0.09451419603367099,0.0015761766117066145,0.3017691539449279,0.0014163815649226308,0.24423598230846055,0.0002393089234828949,7.133685261806249e-06,0.0006823675939813256,0.048501926095020687,0.0007672167848795652,0.11896846911114281,-1419.4946278714806,2.060007095336914,3.013201123742398,0.5834023665049703,-0.3501708331358468,Rembrandt_015.jpg,Rembrandt,Barroco,3
177.60083,173.60886,164.4768,41.866703,41.970215,42.903057,28.0,25.0,16.0,253.0,251.0,250.0,0.07867011,0.036973357,0.6964886,0.16422114,0.16477851569652557,0.3965618908405304,0.3339630365371704,0.25,0.45007050037384033,0.45707663893699646,4.469624996185303,1.6348308324813843,8.638318061828613,2.2317473888397217,4.382706165313721,1.5953177213668823,8.632098197937012,2.0821845531463623,0.003127844538539648,0.1501149036360304,0.0023905616253614426,0.0798474530868897,0.0027078103739768267,0.14490546884913083,0.002596634905785322,0.06740543360261671,0.002309640171006322,0.00040181026096519054,0.0025947121903300285,0.07338324239732691,0.002854296937584877,0.1427765793962977,0.002513311803340912,0.06532588926955124,0.002938037971034646,0.15459826023206305,-1419.5654257797273,0.8649279475212097,0.004115225915978833,0.49437772946427605,-0.4537764229179905,Rembrandt_016.jpg,Rembrandt,Barroco,3
172.79474,163.28606,144.5368,37.972416,35.73972,33.718044,34.0,35.0,25.0,240.0,229.0,211.0,0.16723542,0.02790789,0.67767423,0.14874645,0.14180485904216766,0.199249729514122,0.2485242486000061,0.25000082794342166,0.14360427856445312,0.28941935300827026,4.19719123840332,1.3899829387664795,8.166796684265137,1.8948919773101807,4.158628940582275,1.3019205331802368,8.195618629455566,2.2155332565307617,0.0027454406954348087,0.19924795201217602,0.0025344558525830507,0.12092454153423758,0.002879023551940918,0.2249280033424355,0.0024010902270674706,0.07872629332855842,0.0019516985630616546,4.4764761179999104e-05,0.002718614414334297,0.099989554889058,0.002414747141301632,0.06108897742363878,0.002471648622304201,0.018562454302639628,0.0025923566427081823,0.09573690257695809,-1419.5654257797273,0.7734888195991516,0.00044802119468591593,0.5089465559553975,-0.27605219243067414,Rembrandt_017.jpg,Rembrandt,Barroco,3
209.93448,180.53409,164.53085,18.98975,30.144121,35.27109,65.0,30.0,17.0,255.0,250.0,236.0,0.22553517,0.11820406,0.823234,0.07449082,0.1065680980682373,0.1387457251548767,0.14848282933235168,0.25,0.09818608313798904,0.10887665301561356,4.709327220916748,1.114794135093689,9.311182022094727,1.4185537099838257,4.69986629486084,1.0663865804672241,9.316316604614258,1.6020246744155884,0.0029606730677187443,0.11047286047286048,0.0030765964183956385,0.2926032301032301,0.003130113473162055,0.17453379953379952,0.0030423570424318314,0.17917499167499168,0.0025938216131180525,0.011072261072261072,0.0028843877371400595,0.055735930735930736,0.002722181146964431,0.02768065268065268,0.0026409451384097338,0.0038295038295038295,0.0029007752891629934,0.021873959373959372,-1419.5654257797273,0.8995240330696106,0.11362934021478445,0.502272441373874,-0.281841807040522,Rembrandt_018.jpg,Rembrandt,Barroco,3
38.936028,23.2884,15.239699,40.23713,29.018412,20.320644,0.0,0.0,0.0,255.0,255.0,239.0,0.507114,0.2681512,0.15338051,0.15701962,0.12053859233856201,0.07075833529233932,0.09382879734039307,0.25,0.06769655644893646,0.12008204311132431,0.6871722936630249,0.8305073976516724,1.343701720237732,1.538506031036377,0.6871914863586426,0.8412668108940125,1.3433139324188232,1.5280219316482544,0.00032873437157832086,0.007222353776935827,0.00035659814602695405,0.062291662871819156,0.0003474427794571966,0.004585693728483215,0.0002741370117291808,0.0028825661669611468,0.0012873223749920726,0.6580402193118272,0.0003503819170873612,0.00701743201151205,0.00018318332149647176,0.0002914442886027068,0.000461438437923789,0.1585775697189384,0.00015355499635916203,0.0001320606932731015,-1419.5654257797273,3.0954480171203613,6.572798979595014,0.5013775851483773,-0.5264418013173089,Rembrandt_019.jpg,Rembrandt,Barroco,3
122.74456,118.48771,109.10314,64.39811,48.839317,25.650196,46.0,52.0,33.0,255.0,255.0,233.0,0.21073788,0.10394633,0.5171997,0.22602633,0.19798380136489868,0.15365391969680786,0.18085066974163055,0.25,0.13707418739795685,0.15943840146064758,3.0207269191741943,1.6913644075393677,5.897921562194824,2.589879035949707,2.984241247177124,1.4684147834777832,5.896103858947754,2.569220542907715,0.002963830716907978,0.4701137171286425,0.0023472856264561415,0.14776119402985075,0.0013452415587380528,0.0,0.0018888955237343907,0.1263503909026297,0.002185606164857745,0.11501421464108032,0.0013432831037789583,0.0,0.001303043682128191,0.0,0.0017163122538477182,0.04289267945984364,0.0013460339978337288,0.0,-1419.5654257797273,1.1965272426605225,1.1474236624137255,0.45236336857830023,-0.25480065316823325,Rembrandt_020.jpg,Rembrandt,Barroco,3
63.43791,42.218407,23.249596,67.02228,52.580235,28.607248,0.0,0.0,0.0,255.0,255.0,255.0,0.67081064,0.25278136,0.25064006,0.2621359,0.20955176651477814,0.1753651350736618,0.23339349031448364,0.25,0.18464437127113342,0.2443370223045349,1.3709462881088257,1.6274152994155884,2.4166970252990723,2.7737436294555664,1.3616995811462402,1.637089490890503,2.3578684329986572,2.6089320182800293,0.0016639231471344829,0.2856825697292623,0.0005801172228530049,0.0009464717635923862,0.00027384868008084595,0.0,0.0004789292870555073,0.025905282714621235,0.0006269017467275262,0.11363503581402414,0.0001815651630749926,0.0,0.0012298586079850793,0.19156121101646392,0.0012691232841461897,0.2818616281651301,0.00014058560191188008,0.003505450976268097,-1419.5520534192888,0.8754330277442932,1.132452531796944,0.33703946291505976,-0.35276159023127335,Rembrandt_021.jpg,Rembrandt,Barroco,3
110.401886,96.633514,79.30087,62.836628,62.562878,50.620884,6.0,2.0,0.0,255.0,255.0,237.0,0.31474122,0.14139122,0.43348733,0.24639153,0.23900623619556427,0.13450035452842712,0.12916095554828644,0.25,0.09331928193569183,0.1015871986746788,2.4850053787231445,1.6792593002319336,4.905305862426758,3.0553832054138184,2.4781694412231445,1.6390511989593506,4.914434432983398,3.0834083557128906,0.002124284626916051,0.27994748933377095,0.0009614474838599563,2.1173655737531364e-05,0.0015398059040307999,0.0,0.0022246036678552628,0.41437902961135753,0.0011285736691206694,0.04096043702425442,0.0018604500219225883,0.0021491260573594335,0.000560629996471107,0.013127666557269446,0.0009970680112019181,0.11896418476131997,0.002275993349030614,0.03126290269646506,-1419.5654257797273,0.7428657412528992,0.40923510390465384,0.5135902688691363,-0.34287597391957836,Rembrandt_022.jpg,Rembrandt,Barroco,3
183.39272,180.57333,173.44745,53.739544,53.125187,52.571953,0.0,0.0,0.0,255.0,255.0,255.0,0.05842786,0.047039192,0.71963733,0.21064994,0.2086673229932785,0.4300348162651062,0.4958910644054413,0.25,0.48653677105903625,0.5037803649902344,4.963365077972412,2.054673671722412,9.257596969604492,2.8021652698516846,4.813157558441162,1.8112537860870361,9.236454010009766,2.8956105709075928,0.0030605001375079155,0.12380868544600938,0.0026958235539495945,0.08154342723004694,0.0031120118219405413,0.13976525821596245,0.002471941988915205,0.06620892018779342,0.002019093604758382,0.024571596244131456,0.0027920447755604982,0.1168368544600939,0.0030256847385317087,0.11410798122065728,0.002699088305234909,0.08549882629107981,0.0031036194413900375,0.12498239436619718,-1417.9357712447754,0.727458655834198,0.2520669190767762,0.5062984583970394,-0.4501571730116163,Rembrandt_023.jpg,Rembrandt,Barroco,3
167.08403,160.72736,144.585,56.25282,55.55273,56.24392,0.0,0.0,0.0,255.0,255.0,255.0,0.15675975,0.08756215,0.6554872,0.22071314,0.21880200505256653,0.648654043674469,0.6208310127258301,0.25,0.6682398915290833,0.6704229712486267,4.489743232727051,2.4028737545013428,8.075324058532715,2.960364818572998,4.321594715118408,2.142749547958374,8.1618013381958,3.255199432373047,0.0026554849464446306,0.16749125536980145,0.0024819141253829002,0.06046097168468792,0.002973074559122324,0.09952918645014563,0.0022725665476173162,0.12662756520235674,0.0022436706349253654,0.033282794025721846,0.0029053776524960995,0.06897285507188551,0.0022462683264166117,0.16355450930322254,0.0020797280594706535,0.06263549189376105,0.002364873653277755,0.08987351873279337,-1419.5176184095612,0.9086527824401855,0.3433464590845782,0.514206873847239,-0.43211791491006724,Rembrandt_024.jpg,Rembrandt,Barroco,3
62.385056,44.058258,35.818268,75.91137,59.944218,40.57669,0.0,0.0,0.0,255.0,254.0,251.0,0.483135,0.17889503,0.25010836,0.29412466,0.24235637485980988,0.13207776844501495,0.20683513581752777,0.25,0.11681106686592102,0.16799290478229523,1.345226526260376,1.798522710800171,2.4756886959075928,3.173287868499756,1.35723876953125,1.8753894567489624,2.4468517303466797,3.069098472595215,0.00028883389313705266,0.009111384111384112,0.0003442075976636261,0.03328328328328328,0.0005648421356454492,0.0015583765583765583,0.0009110465180128813,0.09988397488397488,0.0012591294944286346,0.2329033579033579,0.0011273699346929789,0.1468058968058968,0.00016832414257805794,0.0,0.001019537914544344,0.14371189371189372,0.0010472700232639909,0.23364273364273364,-1419.5654257797273,1.6836655139923096,2.326704313016785,0.5680860364675705,-0.38823251754359744,Rembrandt_025.jpg,Rembrandt,Barroco,3
78.94194,58.520714,33.9832,67.60516,59.7071,30.838026,0.0,0.0,0.0,244.0,232.0,172.0,0.6381729,0.16446589,0.31036356,0.26434883,0.22981375455856323,0.14063546061515808,0.15123170614242554,0.25,0.12339384108781815,0.12767961621284485,1.7406564950942993,1.668077826499939,3.0900557041168213,2.8986432552337646,1.670042872428894,1.6180108785629272,3.090710163116455,2.868053913116455,0.0006289412267506123,0.0,0.0010345017071813345,0.0009089549319434377,0.0007182249682955444,0.0019674847261054156,0.0006194109446369112,0.0007938973456214836,0.0007932633743621409,0.0061210635923279605,0.0004986406420357525,0.0519369944657301,0.0019055320881307125,0.4947361154257706,0.001720559666864574,0.2744583664123894,0.0006280079251155257,0.06038222130176153,-1419.5654257797273,0.835290253162384,0.06180775458303303,0.42921857760852644,-0.31983869830189243,Rembrandt_026.jpg,Rembrandt,Barroco,3
213.45065,212.15457,203.77739,40.880608,40.805317,42.284573,4.0,4.0,0.0,255.0,255.0,254.0,0.055882048,0.053095073,0.8385609,0.16029735,0.16080321371555328,0.3598627746105194,0.7134459018707275,0.25,0.40935125946998596,0.8561322093009949,5.616492748260498,1.9736669063568115,10.51838493347168,1.7845573425292969,5.3298845291137695,1.2436535358428955,10.52810001373291,1.8999886512756348,0.0034586095716804266,0.07956473782453759,0.0031584263779222965,0.0731588325131512,0.0034703309647738934,0.10918321172011991,0.0032615363597869873,0.09606736806380452,0.0029089623130857944,0.05582894960122179,0.0034271683543920517,0.053905763900673115,0.0031584841199219227,0.1268666214152384,0.0030134995467960835,0.07595169410034504,0.003421379718929529,0.07067707449516375,-1419.5236933652413,0.8941944241523743,0.6778974660986788,0.5043794130749565,-0.44522218679463693,Rembrandt_027.jpg,Rembrandt,Barroco,3
182.35191,178.899,163.64343,61.749626,60.751705,59.058212,16.0,14.0,0.0,254.0,251.0,255.0,0.11158998,0.05843421,0.7149518,0.24197099,0.2383871078491211,0.4198932945728302,0.5829798579216003,0.25,0.3844483196735382,0.5214083790779114,5.347047805786133,2.920397996902466,8.94373607635498,3.129608392715454,4.662022590637207,2.0126848220825195,8.904959678649902,3.0320234298706055,0.0030318419449031353,0.159037558685446,0.0025176857598125935,0.0569995731967563,0.003192789386957884,0.1392765685019206,0.0021404018625617027,0.081145966709347,0.0024854461662471294,0.002134016218523261,0.0032218191772699356,0.08441101152368757,0.002404885133728385,0.12353819889031156,0.0026261135935783386,0.061993171148100726,0.0029935864731669426,0.15585787451984634,-1419.5654257797273,0.9087680578231812,0.022219202485902794,0.5219097378790223,-0.4423023988194718,Rembrandt_028.jpg,Rembrandt,Barroco,3
41.141113,25.427961,23.992558,52.007587,30.97423,14.161786,0.0,0.0,0.0,246.0,234.0,190.0,0.53998023,0.21965586,0.17439565,0.19706267,0.13681061565876007,0.13954094052314758,0.14548291265964508,0.25,0.11818226426839828,0.1319069266319275,0.9086137413978577,1.2284893989562988,1.5136598348617554,1.834537148475647,0.8192054033279419,1.0296202898025513,1.5013129711151123,1.7368361949920654,0.00022733765945304185,2.2080904433845612e-05,0.0004511317820288241,0.055919890478714006,0.0002054149517789483,1.1040452216922806e-05,0.00044662298751063645,0.07322027910263204,0.0013419057941064239,0.5049682034976153,0.000410878739785403,0.09750927397986221,0.0003478123981039971,0.04134649355237591,0.0005730552948080003,0.1297473944532768,0.00014905439456924796,0.00027601130542307013,-1419.5654257797273,2.9078421592712402,5.032789991362251,0.4767340761066927,-0.3650171249273288,Rembrandt_029.jpg,Rembrandt,Barroco,3
51.11282,32.87474,17.900005,48.25629,41.06094,36.288406,0.0,0.0,0.0,255.0,255.0,255.0,0.72164685,0.23092298,0.20080735,0.18971026,0.1628754734992981,0.24192368984222412,0.2604060769081116,0.2500002997318,0.32534751296043396,0.31701451539993286,1.2724629640579224,2.7943115234375,1.8181748390197754,1.8523701429367065,1.0613821744918823,1.6783983707427979,1.8230451345443726,1.8859639167785645,0.000449175393441692,0.060899346461898624,0.0007290319772437215,0.22612635069960008,0.00037936680018901825,0.015173355587588195,0.0005405081319622695,0.09738042853891424,0.0006870084907859564,0.21084461400067198,0.0005151285440661013,0.028038193503636188,0.0005697733140550554,0.06135454712952627,0.0004999660304747522,0.06112694679571244,0.0005746044334955513,0.10311378932879578,-1416.6810808567868,1.2504571676254272,2.1961514946953504,0.49482222599611486,-0.3872131917493693,Rembrandt_030.jpg,Rembrandt,Barroco,3
181.24043,179.83238,171.50114,65.65703,65.04624,64.98831,10.0,11.0,3.0,251.0,248.0,244.0,0.06505001,0.0456399,0.7112346,0.25690708,0.25572746992111206,0.32709693908691406,0.5613306760787964,0.25,0.304904043674469,0.5036658048629761,5.0716400146484375,2.535183906555176,9.027256965637207,3.34877610206604,4.770974636077881,2.131295680999756,8.978891372680664,3.256330728530884,0.0029096086509525776,0.15280828703105484,0.0027435068041086197,0.05893310935952104,0.0033037210814654827,0.15699702803979843,0.0029507677536457777,0.1179738984364905,0.001584057230502367,0.0016259637334711634,0.002788240322843194,0.08727441099194556,0.0028481874614953995,0.1371624240857992,0.0024463357403874397,0.038689322479217816,0.003215801203623414,0.1133975104449326,-1419.5654257797273,0.5750840902328491,0.016920240277130922,0.5062527702392653,-0.4452901608183743,Rembrandt_031.jpg,Rembrandt,Barroco,3
73.69004,64.14317,55.3534,43.79647,35.50383,27.10558,27.0,22.0,9.0,255.0,255.0,216.0,0.20073503,0.13248944,0.2891327,0.17157426,0.14471454918384552,0.17697805166244507,0.1923847645521164,0.249999018973061,0.1308896392583847,0.16771788895130157,1.7324682474136353,1.3301647901535034,3.3234548568725586,2.101612091064453,1.6919939517974854,1.2348902225494385,3.2783203125,1.8312898874282837,0.0007218588143587112,0.0,0.0007353698019869626,0.009063551070986015,0.0006889151409268379,0.028341299345016818,0.0010665443260222673,0.0444326429456541,0.001305409474298358,0.17298636926889716,0.0007533463649451733,0.06618870596565764,0.001495637814514339,0.1440785979819437,0.0012746975990012288,0.2513896264825633,0.0010707819601520896,0.17525225703664365,-1419.5654257797273,1.2892720699310303,1.7459004868318446,0.47109635387544707,-0.3276067123559415,Rembrandt_032.jpg,Rembrandt,Barroco,3
164.97076,163.28871,151.61449,69.667755,70.45663,65.153275,0.0,0.0,0.0,255.0,255.0,253.0,0.09844628,0.08461188,0.65005463,0.27405882,0.27291610836982727,0.8596537113189697,0.8170152902603149,0.25,0.9997379779815674,1.0592001676559448,4.678316593170166,2.805553436279297,8.155641555786133,3.3104498386383057,4.549240589141846,2.6514506340026855,8.187682151794434,3.4147257804870605,0.002347413217648864,0.12482069672131148,0.0024639065377414227,0.07397540983606557,0.003061964176595211,0.08954918032786885,0.0027625877410173416,0.07573002049180327,0.0021500017028301954,0.045056352459016395,0.00205397536046803,0.08994620901639344,0.002735651796683669,0.13844774590163936,0.0025210154708474874,0.125,0.0023926023859530687,0.1374487704918033,-1419.5601570318108,0.8604133129119873,0.45057630331165793,0.4924905336554824,-0.33634449409883865,Rembrandt_033.jpg,Rembrandt,Barroco,3
45.396786,30.331896,28.06698,52.583046,42.395134,25.797405,0.0,0.0,0.0,245.0,236.0,213.0,0.6192001,0.2314133,0.1900268,0.19863865,0.16890598833560944,0.10717715322971344,0.14480705559253693,0.25,0.09430955350399017,0.1279042363166809,0.9784284830093384,1.2724285125732422,1.7540401220321655,2.2023346424102783,0.9580251574516296,1.2591462135314941,1.7381218671798706,2.1138916015625,0.0007824287167750299,0.04805982453041276,0.0004194740322418511,9.421185891774128e-05,0.0002856253704521805,0.020797267856091387,0.0016677797539159656,0.6689748572101514,0.00041955208871513605,0.043973385149855736,0.0003075399436056614,0.012365306482953541,0.00032879275386221707,0.08812341753518224,0.00035630754427984357,0.009986457045280575,0.0002303335495525971,0.010857916740269681,-1419.5654257797273,0.7870005369186401,0.4381600126656213,0.3492071539410448,-0.2504834415952321,Rembrandt_034.jpg,Rembrandt,Barroco,3
174.33685,167.34668,153.31786,60.937794,58.858997,56.395733,15.0,8.0,0.0,255.0,252.0,251.0,0.12369947,0.06300879,0.6831299,0.23867604,0.2318078577518463,0.45441678166389465,0.5823118090629578,0.25,0.4567311406135559,0.5960041880607605,4.625053405761719,2.2843384742736816,8.37717342376709,2.97937273979187,4.510623931884766,2.0973165035247803,8.391433715820312,3.0127081871032715,0.002990637207403779,0.1277241639135223,0.0027370662428438663,0.0668289572827914,0.003051465842872858,0.17285399640642207,0.0027299204375594854,0.08319567611429897,0.0019826677162200212,0.000869414014953921,0.002739005023613572,0.10776386715353851,0.001996719976887107,0.1434388222338144,0.0021419378463178873,0.04715846519445893,0.002821474801748991,0.1373311887787631,-1419.5654257797273,0.7694372534751892,0.008819925605859313,0.5129785595847202,-0.4280315706834551,Rembrandt_035.jpg,Rembrandt,Barroco,3
62.241745,52.677586,38.43006,57.058743,47.306675,26.310726,3.0,0.0,0.0,255.0,255.0,208.0,0.31952876,0.14436185,0.24421585,0.22380452,0.1866372972726822,0.11189015209674835,0.1373368799686432,0.2499745269286754,0.09154750406742096,0.11260014772415161,1.3833860158920288,1.387600302696228,2.6926052570343018,2.3891258239746094,1.396121621131897,1.4393740892410278,2.699674367904663,2.439101457595825,0.0006798144313506782,0.030328947368421053,0.0013994697947055101,0.29855263157894735,0.0005706611555069685,0.0,0.0010721274884417653,0.14309210526315788,0.001622986514121294,0.41904605263157896,0.0006702726241201162,0.0,0.00046120263868942857,0.012730263157894738,0.00043989671394228935,0.0,0.0005615430418401957,0.0,-1419.5654257797273,1.9532966613769531,4.173072307726366,0.4635565886611793,-0.18876691478088217,Rembrandt_036.jpg,Rembrandt,Barroco,3
122.67983,103.038666,89.811005,51.97084,46.432457,34.014294,0.0,0.0,0.0,255.0,255.0,255.0,0.29211506,0.12546727,0.4857232,0.19700526,0.18146581947803497,0.20254313945770264,0.20380283892154694,0.25,0.2008272111415863,0.22380036115646362,2.718863010406494,1.437072515487671,5.338630199432373,2.3991904258728027,2.698995590209961,1.3423874378204346,5.336771011352539,2.3248865604400635,0.002194445813074708,0.1610337972166998,0.0016858463641256094,0.011424344925706424,0.0016439736355096102,0.007985263772813356,0.002035908866673708,0.3310421829214288,0.001957390923053026,0.2712257262114517,0.001749727176502347,0.006331678177381211,0.00062992685707286,0.010006312833897092,0.0012617986649274826,0.0886058059227573,0.0017265279311686754,0.01486813714867195,-1419.503924800437,1.183457612991333,2.7046741397889473,0.5041479100576782,-0.48103071971872663,Rembrandt_037.jpg,Rembrandt,Barroco,3
39.12884,30.321806,29.047468,48.766296,35.957058,21.82818,0.0,0.0,0.0,255.0,255.0,255.0,0.38353822,0.16530177,0.16609798,0.18492533,0.14896266162395477,0.09033002704381943,0.09386562556028366,0.25,0.09143788367509842,0.10518370568752289,0.8411849141120911,1.0579081773757935,1.6307591199874878,1.8895083665847778,0.835981547832489,1.0283197164535522,1.6313154697418213,1.898049235343933,0.0003807695466093719,0.007158449962878007,0.0008880008826963603,0.25401416176323927,0.0002515623054932803,0.0014073113704110014,0.0006496361456811428,0.04602018993162905,0.0013223792193457484,0.5066210121560675,0.0002067548775812611,0.00043216648382700043,0.00042522730655036867,0.08386246024622408,0.00021071458468213677,0.00034351694868300036,0.00020517289522103965,0.0006205467460080006,-1419.5092171210354,2.621279001235962,5.063510113888768,0.42168128006242644,-0.3203703154596715,Rembrandt_038.jpg,Rembrandt,Barroco,3
44.354248,31.861145,25.477024,46.21999,38.633366,27.078901,0.0,0.0,0.0,235.0,227.0,203.0,0.52313316,0.3059388,0.17500979,0.18074732,0.15421153604984283,0.08749675005674362,0.09456449747085571,0.25,0.07637166976928711,0.08582872897386551,0.9200096130371094,1.0331802368164062,1.748334527015686,1.966835379600525,0.9181690216064453,1.0538313388824463,1.7543331384658813,1.9612005949020386,0.0004170617612544447,0.002837396219749161,0.00045065482845529914,0.04474695283518813,0.000144651930895634,0.0,0.0012859974522143602,0.3749668786433492,0.0009270673035643995,0.20767090620031797,0.0005006190040148795,0.0,0.0007268772460520267,0.2549902844020491,0.0001790514652384445,0.01774200671259495,0.00021199515322223306,0.0,-1419.5654257797273,1.7224383354187012,2.069913959924591,0.37235106893812864,-0.36361678326466107,Rembrandt_039.jpg,Rembrandt,Barroco,3
187.15521,188.15186,189.65962,52.687424,53.521175,50.982338,43.0,42.0,48.0,255.0,255.0,255.0,0.02278205,0.017843915,0.7462729,0.20215492,0.2077612280845642,0.20187366008758545,0.19386260211467743,0.24996978486826202,0.2005794644355774,0.23865917325019836,4.7580790519714355,1.952485203742981,9.328585624694824,2.596912145614624,4.743007659912109,1.7258516550064087,9.32823657989502,2.6487436294555664,0.0031276466324925423,0.043824972737186475,0.0033183470368385315,0.01097328244274809,0.0037127500399947166,0.39067611777535444,0.002270767465233803,0.006406761177753544,0.0031656890641897917,0.019083969465648856,0.0036288180854171515,0.26513086150490733,0.0018499289872124791,0.029443838604143947,0.0019039056496694684,0.024127589967284625,0.003021877259016037,0.07824427480916031,-1399.738943522364,1.0958229303359985,0.1978953776254996,0.5427898539723566,-0.12743922204311492,Rembrandt_040.jpg,Rembrandt,Barroco,3
189.01514,179.15482,161.00728,31.760357,31.832363,30.389713,8.0,4.0,0.0,231.0,224.0,218.0,0.15203345,0.046066683,0.7411711,0.12457709,0.12371572852134705,0.20878322422504425,0.36613139510154724,0.25000113602799173,0.15887320041656494,0.308322012424469,4.976443767547607,2.1072821617126465,8.950957298278809,1.5176583528518677,4.6984333992004395,1.538755178451538,8.939936637878418,1.4799190759658813,0.0027667128015309572,0.06753433080549293,0.002752371598035097,0.04006968641114982,0.0029239661525934935,0.10002049600327936,0.002712294925004244,0.08796884607501537,0.002557399682700634,0.0163558106169297,0.003034494584426284,0.3438614470178315,0.0027357249055057764,0.12154129944660791,0.002599241677671671,0.027505636400901826,0.0028198636136949062,0.07397007583521213,-1419.5654257797273,0.924281120300293,0.167498466917708,0.5054761711483422,-0.30154672639469554,Rembrandt_041.jpg,Rembrandt,Barroco,3
173.10596,171.61934,161.34334,62.386604,61.847054,61.199593,19.0,18.0,5.0,255.0,251.0,249.0,0.0795083,0.04962917,0.67969286,0.24419546,0.24277649819850922,0.5195332765579224,0.6569349765777588,0.25,0.47143614292144775,0.5982210040092468,5.51345682144165,3.2952423095703125,8.546697616577148,2.93424654006958,4.663436412811279,2.225433349609375,8.73825740814209,3.4305078983306885,0.0026192134246230125,0.13840589683595603,0.0028122991789132357,0.08550106283739352,0.0032668793573975563,0.17337248245171355,0.00235407124273479,0.07391689987918827,0.002255108207464218,0.0021027358504993043,0.0029752524569630623,0.08198375923292196,0.002346275607123971,0.13116483919805477,0.002135427901521325,0.05447997430839106,0.002858384046703577,0.1193283479377896,-1419.5654257797273,0.8591615557670593,0.021998824427723655,0.5252050959987603,-0.43306934776141964,Rembrandt_042.jpg,Rembrandt,Barroco,3
177.25688,177.25688,177.25688,55.952915,55.952915,55.952915,0.0,0.0,0.0,255.0,255.0,255.0,0.0,0.0,0.695348,0.219566,0.2195660024881363,0.30191218852996826,0.28316763043403625,0.2499871412285878,0.15434302389621735,0.15725156664848328,4.814923286437988,2.0446691513061523,8.960171699523926,2.9078478813171387,4.848128318786621,2.042980432510376,8.941065788269043,2.821338415145874,0.003255292307585478,0.22386888896386517,0.0031822798773646355,0.12379381895475555,0.003288720268756151,0.2695266372009852,0.002648181514814496,0.10033654981612065,0.002492248546332121,0.008523398225311245,0.0029883941169828176,0.07014828435507271,0.002306438283994794,0.05574580788825534,0.0021518433932214975,0.00848122406289011,0.0022090738639235497,0.015170046222882013,-1417.3904713899312,0.9146775007247925,0.08760968976274341,0.5024424556685291,-0.5337968679636561,Rembrandt_043.jpg,Rembrandt,Barroco,3
195.0505,190.64072,183.51006,64.10929,64.43684,65.99186,18.0,12.0,0.0,255.0,255.0,255.0,0.07746585,0.072824925,0.7644247,0.25132963,0.2528585195541382,0.5488682985305786,0.7527068853378296,0.25,0.5950124859809875,0.8846172094345093,5.045285701751709,2.284205913543701,9.56180477142334,3.273642063140869,5.2301459312438965,2.391901969909668,9.524991989135742,3.1637566089630127,0.003105857875198126,0.06450236118568695,0.003409395460039377,0.07658364655184283,0.00357175525277853,0.11721944570649705,0.0022107332479208708,0.048648685859044784,0.0030883837025612593,0.06600994038522434,0.003419033018872142,0.07459419272231631,0.002167738741263747,0.07031927636198422,0.0026849396526813507,0.09063373397766855,0.00279042380861938,0.08438313163438106,-1419.4763058157635,1.0509332418441772,0.8574024757125547,0.5283974328241944,-0.4195103903210512,Rembrandt_044.jpg,Rembrandt,Barroco,3
85.261116,82.725105,66.62976,55.78309,45.0593,40.22215,0.0,4.0,0.0,255.0,255.0,255.0,0.27305043,0.0793931,0.35051307,0.20251393,0.1866668164730072,0.12102401256561279,0.1370730847120285,0.2499967981557377,0.10470982640981674,0.1193414255976677,2.0699119567871094,1.3769725561141968,4.07760763168335,2.4048402309417725,2.0705907344818115,1.3212872743606567,4.083664894104004,2.412736415863037,0.0016177048673853278,0.058801367878050195,0.0015566503861919045,0.04092041963716455,0.0014930658508092165,0.0005216484089723526,0.0015586705412715673,0.3577059062192083,0.0010581264505162835,0.11473366950675244,0.0020508519373834133,0.23619080739581522,0.0006376502569764853,0.06488726598272763,0.0005059099057689309,0.0,0.0008274376741610467,0.029907842114414884,-1419.5070978395502,0.8422965407371521,1.1426783545432193,0.511539231345402,-0.18824592709325544,Rembrandt_045.jpg,Rembrandt,Barroco,3
203.3326,193.88452,175.23532,33.42756,34.07783,37.156754,50.0,54.0,51.0,243.0,236.0,237.0,0.14404461,0.07334938,0.79742664,0.13049407,0.13344265520572662,0.16438144445419312,0.218134343624115,0.25,0.1306927353143692,0.1839771270751953,4.956780910491943,1.4817360639572144,9.662487983703613,1.786918044090271,4.927090167999268,1.338558316230774,9.662099838256836,1.809086561203003,0.0030971961095929146,0.24001179419136076,0.00261064269579947,0.06000294854784019,0.003170065116137266,0.09549609317411174,0.0031387500930577517,0.12273330384785493,0.002672536764293909,0.02087940439333628,0.0032078151125460863,0.09450095827804807,0.003255294170230627,0.13961374023293527,0.002942658495157957,0.055064130915524104,0.0028214070480316877,0.05112044817927171,-1419.5654257797273,0.8936107158660889,0.21367949029652883,0.4935202945998505,-0.2825451250957771,Rembrandt_046.jpg,Rembrandt,Barroco,3
106.93885,101.661934,98.05951,60.83576,40.80482,22.863394,19.0,39.0,46.0,249.0,241.0,208.0,0.24304537,0.13699423,0.46236202,0.20556259,0.17431682348251343,0.12273172289133072,0.09575799107551575,0.25,0.08986450731754303,0.08077015727758408,2.5728542804718018,1.2743055820465088,5.106622219085693,2.2531795501708984,2.573244571685791,1.2411986589431763,5.106326103210449,2.2137489318847656,0.0012769658351317048,0.0,0.0018396771047264338,0.011361517355283839,0.0026459991931915283,0.42438530594848023,0.0013261341955512762,3.9958443219052184e-05,0.001966281794011593,0.1631769626255361,0.0020332508720457554,0.30135325927701856,0.0009464368922635913,0.0,0.0010163466213271022,0.0,0.0011763632064685225,0.0,-1419.5654257797273,1.2438222169876099,1.6311949134240222,0.5611841258198235,-0.2362302273126895,Rembrandt_047.jpg,Rembrandt,Barroco,3
144.5481,138.06795,127.57113,70.36248,67.62291,65.28535,2.0,0.0,0.0,255.0,255.0,255.0,0.1243305,0.07221817,0.5670778,0.2758916,0.26710188388824463,0.48031237721443176,0.512062132358551,0.25,0.4787834584712982,0.5052832961082458,3.9247679710388184,2.44001841545105,7.090213775634766,3.701375961303711,3.930324077606201,2.421445369720459,7.143298149108887,3.8197314739227295,0.00270758755505085,0.17102810097298768,0.0019392858957871795,0.0718786146832687,0.002681734738871455,0.12243314962237191,0.002349657705053687,0.11422739334558073,0.0014321107883006334,0.006824522011294822,0.001876173890195787,0.04506361842552902,0.001962164184078574,0.16041368986868068,0.001990241464227438,0.07664149146084234,0.0022258928511291742,0.1033272096346193,-1419.4361574771317,0.6725300550460815,0.07044967821297214,0.49802035397244443,-0.433538489975885,Rembrandt_048.jpg,Rembrandt,Barroco,3
183.42094,172.80136,145.36055,52.61577,50.09565,44.666553,1.0,0.0,0.0,251.0,247.0,236.0,0.19516072,0.07123601,0.6982264,0.20511317,0.1964116394519806,0.1999286413192749,0.17428112030029297,0.25,0.1314888894557953,0.13871878385543823,4.219339847564697,1.597240686416626,8.350342750549316,2.636958360671997,4.223881244659424,1.630164623260498,8.349835395812988,2.5934393405914307,0.0028233423363417387,0.12059594261485289,0.002600962994620204,0.07461429575571471,0.0031077207531780005,0.15375452269200993,0.0028593302704393864,0.09803835825875143,0.002297379309311509,0.011169470168857965,0.0024263907689601183,0.08779610068638026,0.00235413433983922,0.1481434693461086,0.0022621348034590483,0.06070205784510934,0.0025352626107633114,0.14113714324584334,-1419.5654257797273,0.8886679410934448,0.11219941822837937,0.49884313089914506,-1.303828762448944,Rembrandt_049.jpg,Rembrandt,Barroco,3
82.81802,70.08393,66.463,42.7367,29.379301,14.552759,17.0,12.0,20.0,253.0,243.0,215.0,0.18783855,0.13125844,0.328513,0.16483288,0.12304186075925827,0.10886408388614655,0.09912537038326263,0.25,0.1481567621231079,0.14598926901817322,1.835913062095642,0.8516876101493835,3.648573637008667,1.5434380769729614,1.8409459590911865,0.8476640582084656,3.649402141571045,1.567196249961853,0.0011390217114239931,0.01138996138996139,0.0009862134465947747,0.0003088803088803089,0.0010982941603288054,0.0016216216216216215,0.0009843527805060148,0.15812741312741313,0.0019558921921998262,0.597027027027027,0.0010369064984843135,0.0013513513513513514,0.0009339016396552324,0.05465250965250965,0.0008864747942425311,0.07335907335907337,0.00114915007725358,0.002104247104247104,-1419.5654257797273,1.7308275699615479,5.970653885166605,0.503821910399654,-0.26943865292119634,Rembrandt_050.jpg,Rembrandt,Barroco,3
108.35549,70.18289,37.767082,70.38943,59.059273,40.4989,1.0,0.0,0.0,255.0,255.0,218.0,0.64116627,0.20457506,0.42511317,0.27600867,0.23069700598716736,0.2137203812599182,0.26051124930381775,0.25,0.18340514600276947,0.24246744811534882,2.1983695030212402,2.083569049835205,3.900540590286255,3.0359702110290527,2.063340425491333,1.8126274347305298,3.9140188694000244,3.0821099281311035,0.001152910408563912,0.1157829457364341,0.0019192197360098362,0.171984496124031,0.0013897573808208108,0.1870077519379845,0.0006128583336248994,0.0,0.0013173958286643028,0.11888372093023256,0.0017738936003297567,0.21148837209302326,0.0005312366411089897,0.0,0.0007444672519341111,0.0054418604651162794,0.0013606250286102295,0.09195348837209302,-1419.5654257797273,1.0975804328918457,1.1854879087202854,0.5811716409779825,-0.1954172953667052,Rembrandt_1.jpg,Rembrandt,Barroco,3
79.04383,58.999344,46.268887,40.284763,31.317333,12.505957,3.0,0.0,0.0,249.0,214.0,189.0,0.37367564,0.1628245,0.31020325,0.15780845,0.1226186752319336,0.10569737106561661,0.11690879613161087,0.24989261051812128,0.10545389354228973,0.1361953467130661,1.6467247009277344,1.0718090534210205,3.157636880874634,1.5984095335006714,1.5908122062683105,0.8698435425758362,3.156520366668701,1.5490838289260864,0.000838246603962034,0.0004342344866227763,0.0009062092285603285,0.0977727973105477,0.00074546760879457,0.0021291497408600646,0.0012397971004247665,0.11217257318952234,0.0018406797898933291,0.5814960078442359,0.0009604329243302345,0.07722370079843115,0.000686504936311394,7.003782042302843e-05,0.0008846439886838198,0.03179717047205491,0.0007069773855619133,0.00016809076901526824,-1419.5654257797273,1.8805795907974243,5.793948309244197,0.4844322004463894,-0.3070872101686283,Rembrandt_10.jpg,Rembrandt,Barroco,3
43.99538,34.842983,32.855858,37.41155,27.30493,15.025007,1.0,0.0,0.0,246.0,218.0,163.0,0.2541124,0.12432143,0.17547208,0.14530852,0.11281471699476242,0.07143185287714005,0.09707900136709213,0.2499966488384874,0.05959698557853699,0.10187546163797379,0.9565605521202087,0.8434626460075378,1.8551104068756104,1.4417073726654053,0.9712480902671814,0.8604984283447266,1.8562564849853516,1.4647756814956665,0.0004582969122566283,0.030864197530864196,0.0006242763483896852,0.19889251997095134,0.0003569699765648693,0.0003025901718712176,0.0006829199264757335,0.14303437424352458,0.0013272692449390888,0.5221496005809731,0.0004464915837161243,0.0,0.00044468569103628397,0.0007262164124909223,0.0003431539225857705,0.005688695231178892,0.0004850693221669644,0.00021181312030985234,-1419.5654257797273,2.3108739852905273,5.210668830793608,0.4756663057134531,-0.2115380853721898,Rembrandt_11.jpg,Rembrandt,Barroco,3
47.845615,26.644072,9.733116,34.587685,21.77652,7.5545235,0.0,0.0,0.0,223.0,171.0,129.0,0.7351264,0.1761415,0.18772134,0.13550685,0.09266600012779236,0.09471030533313751,0.10665998607873917,0.25,0.08405601233243942,0.11255794018507004,0.8302415013313293,0.7601816058158875,1.5772619247436523,1.2955000400543213,0.8383482694625854,0.7589298486709595,1.5520055294036865,1.1636719703674316,0.0007962466916069388,0.43351881293057765,0.0005561607540585101,0.09043455219925808,0.0006102867191657424,0.0009538950715421304,0.00040579820051789284,0.005325914149443561,0.00034819135908037424,0.03871224165341813,0.00041034354944713414,0.06123476417594065,0.00018028590420726687,0.0,0.0003039951261598617,0.048728139904610494,0.0006937299622222781,0.22514573396926338,-1419.5654257797273,0.7279043793678284,0.3853864032063232,0.5185311382829499,-0.18470648253467334,Rembrandt_12.jpg,Rembrandt,Barroco,3
53.978004,41.296825,43.813026,36.978996,29.594963,15.024275,2.0,1.0,4.0,253.0,246.0,217.0,0.36767626,0.10859445,0.22489837,0.13469864,0.11702387779951096,0.09171687066555023,0.13989172875881195,0.25,0.06853219121694565,0.12928427755832672,1.2046020030975342,1.135688066482544,2.2635624408721924,1.5656691789627075,1.1682759523391724,0.9683723449707031,2.2577569484710693,1.5450698137283325,0.00036751458537764847,0.0001551253412757508,0.000536769162863493,0.08711839166046165,0.00031882410985417664,0.0,0.0008269576937891543,0.09620873665922065,0.0012104078195989132,0.42079300074460163,0.00042444976861588657,0.005460412012906428,0.0009133284911513329,0.09707743857036485,0.0010086381807923317,0.16666666666666666,0.000670998590067029,0.028046661702655747,-1419.5654257797273,1.7352194786071777,4.200804866610543,0.44999311372989204,-0.24939726811276486,Rembrandt_13.jpg,Rembrandt,Barroco,3
59.0456,43.302387,40.21807,25.075779,20.196566,13.969718,13.0,7.0,0.0,217.0,196.0,149.0,0.32509333,0.11472136,0.23160386,0.0983187,0.08099313080310822,0.07645002752542496,0.09842859208583832,0.25,0.056253332644701004,0.0824669599533081,1.2275468111038208,0.7453805804252625,2.370555877685547,1.0353857278823853,1.2213245630264282,0.7426033616065979,2.376530408859253,1.1471335887908936,0.0008208099170587957,0.17395755770662696,0.0007882374920882285,0.1824584264085381,0.0007498668855987489,0.0011789525936957061,0.0007725541945546865,0.0477475800446761,0.0008954109507612884,0.24398113675850086,0.0006437230040319264,0.00021717547778605113,0.0006954781129024923,0.11339662447257384,0.0007424145005643368,0.13660337552742616,0.0004935848410241306,0.003071481757259866,-1419.5654257797273,1.2206135988235474,2.432749903512338,0.4777885675711097,-0.20656196534204854,Rembrandt_14.jpg,Rembrandt,Barroco,3
101.19303,61.594105,27.551441,42.866673,34.666553,20.928978,0.0,0.0,0.0,255.0,237.0,183.0,0.70894134,0.15067667,0.39697334,0.1678542,0.13499775528907776,0.1422969251871109,0.14679041504859924,0.25000158122766514,0.10915309935808182,0.12877976894378662,1.8053380250930786,1.185888409614563,3.470022201538086,1.7992076873779297,1.8223556280136108,1.1563609838485718,3.464884042739868,1.8120681047439575,0.0011308679822832346,0.0812120169705309,0.001256364630535245,0.2199002407980736,0.001044766278937459,0.05389290219011581,0.001091237529180944,0.09844054580896686,0.0014349392149597406,0.2745384703589038,0.0011799033964052796,0.15889806214883614,0.000938473385758698,0.004443297786951038,0.0006000042776577175,0.0,0.0009606569656170905,0.00911592707258342,-1419.5654257797273,1.3400481939315796,2.7440384382836163,0.5009081937979091,-0.1981288317722699,Rembrandt_15.jpg,Rembrandt,Barroco,3
38.960648,30.918232,22.98698,23.821606,18.11774,9.882137,4.0,0.0,0.0,255.0,236.0,189.0,0.36918536,0.11433535,0.15280147,0.093431376,0.07363570481538773,0.08752083778381348,0.08918929100036621,0.24991822605045452,0.07462866604328156,0.09458932280540466,0.8370663523674011,0.6624841690063477,1.6112266778945923,0.9479727149009705,0.8560063242912292,0.7085638046264648,1.6136338710784912,1.0146963596343994,0.00034343672450631857,9.24898261191269e-05,0.00047295691911131144,0.005703539277346159,0.0005100453272461891,0.059070168948082376,0.00038667142507620156,0.008169934640522876,0.0005527340108528733,0.1210383524478974,0.0010183850536122918,0.6094154642989271,0.0004170781758148223,0.0385065976075965,0.00039723209920339286,0.041188802565051176,0.0003892193199135363,0.020841040818843262,-1419.5654257797273,1.1084611415863037,1.2049925479090664,0.5534465847488563,-0.1646752016638495,Rembrandt_16.jpg,Rembrandt,Barroco,3
75.883965,50.36803,41.253036,54.870766,36.75767,32.171165,0.0,0.0,0.0,255.0,244.0,248.0,0.45321503,0.19037491,0.30003458,0.21264735,0.1599722057580948,0.21146723628044128,0.24550525844097137,0.25,0.18579329550266266,0.24935902655124664,1.6382935047149658,1.4711345434188843,2.9154796600341797,2.1590640544891357,1.6793453693389893,1.519487738609314,2.889996290206909,2.083613872528076,0.0008187138591893017,0.04282172639170611,0.0009421786526218057,0.07299414018480956,0.0010063902009278536,0.06166892044173992,0.0009495467529632151,0.10987153482082489,0.0007568039582110941,0.07567049808429119,0.0014026100980117917,0.387762001352265,0.0007673093350604177,0.0908271354518819,0.0008333369041793048,0.04848433626324093,0.0004178060044068843,0.015860942077980618,-1419.5654257797273,0.8627511858940125,0.7517257789199192,0.5023767187840609,-0.19761197428792288,Rembrandt_17.jpg,Rembrandt,Barroco,3
78.96737,55.298183,22.999048,81.780334,67.8012,39.71817,0.0,0.0,0.0,255.0,255.0,227.0,0.7909006,0.16500965,0.3096647,0.32058704,0.26705077290534973,0.16001476347446442,0.2250976711511612,0.2500009360456191,0.1604219526052475,0.23975901305675507,1.5562711954116821,1.9603323936462402,2.9506871700286865,3.4668455123901367,1.5578439235687256,1.963403582572937,2.9279770851135254,3.3793089389801025,0.0002931645140051842,0.0,0.0011603021994233131,0.02830252441620763,0.0026094659697264433,0.4278496840255483,0.0003464634355623275,5.0691088506640533e-05,0.0013933684676885605,0.15050184177621573,0.0015957184368744493,0.2957825014362475,0.00015999129391275346,0.0,0.00020107395539525896,0.0,0.0003824153682217002,1.6897029502213512e-05,-1419.5654257797273,1.5401906967163086,1.5008423576339267,0.6785264353460869,-0.1742628071932306,Rembrandt_18.jpg,Rembrandt,Barroco,3
76.03081,51.336166,33.478287,47.63296,41.791546,34.80175,0.0,0.0,0.0,255.0,255.0,255.0,0.5930508,0.15845676,0.2982594,0.18695852,0.1655685156583786,0.17347347736358643,0.16876991093158722,0.25000173631609285,0.16239884495735168,0.188859760761261,1.5822161436080933,1.526383876800537,2.830374240875244,2.085294723510742,1.5611659288406372,1.308154582977295,2.8368780612945557,2.123248338699341,0.0015971846878528595,0.3344645550527903,0.0010507709812372923,0.04194947209653092,0.0008422185783274472,0.030071644042232278,0.0013124659890308976,0.2905040221216692,0.00102525285910815,0.1878456510809452,0.0005398518405854702,0.0010369532428355958,0.0004795485292561352,0.008861236802413273,0.0005276779993437231,0.005279034690799397,0.0004852511628996581,0.004650578179989945,-1414.6848307160349,1.173906922340393,1.8687736939052846,0.42158497311353826,-0.1350120559063238,Rembrandt_19.jpg,Rembrandt,Barroco,3
70.92874,59.209488,51.54212,50.326744,40.544773,31.6432,0.0,0.0,0.0,255.0,255.0,233.0,0.29875126,0.1690151,0.28637496,0.19075318,0.16461674869060516,0.23458537459373474,0.19893383979797363,0.25,0.2548709809780121,0.2583438456058502,1.5902870893478394,1.1658899784088135,3.0758554935455322,2.0846471786499023,1.6578730344772339,1.497097134590149,3.0768260955810547,2.0801870822906494,0.0014319522306323051,0.19641812865497077,0.0006215437897481024,0.010355750487329434,0.0005651579704135656,0.0,0.0015588323585689068,0.32614522417153996,0.0005766043905168772,0.0003898635477582846,0.0005873224581591785,0.00012183235867446393,0.0014914821367710829,0.2678606237816764,0.00093527213903144,0.0911793372319688,0.0007908308762125671,0.007529239766081872,-1419.5654257797273,0.6063075065612793,0.003898635087719337,0.3905803281955256,-0.18870328822038288,Rembrandt_2.jpg,Rembrandt,Barroco,3
63.211937,47.010246,45.619816,54.88612,52.10211,47.175137,0.0,0.0,0.0,255.0,255.0,255.0,0.49394423,0.29066104,0.25949562,0.20891528,0.20212849974632263,0.19960996508598328,0.18199282884597778,0.2500016517895488,0.22525635361671448,0.24394579231739044,1.4900645017623901,1.5277584791183472,2.595615863800049,2.5602986812591553,1.4723458290100098,1.5002939701080322,2.5952110290527344,2.551480531692505,0.0009248245623894036,0.018950263032042086,0.0006787319434806705,0.061125059780009566,0.0022823780309408903,0.7195121951219512,0.0007252387586049736,0.03625657580105213,0.0006086119683459401,0.04238402678144428,0.0004537744098342955,0.011985891917742707,0.0008776471950113773,0.0011956001912960307,0.00048262704513035715,0.003287900526064084,0.00010329121141694486,2.9890004782400767e-05,-1417.9556930241993,0.7674572467803955,0.42633790059061694,0.5154506827476243,-0.13004286206786508,Rembrandt_20.jpg,Rembrandt,Barroco,3
104.62991,58.617992,30.397741,40.280083,37.192318,27.549084,8.0,0.0,0.0,255.0,230.0,194.0,0.73469406,0.15010957,0.41031143,0.15803117,0.13967321813106537,0.14934982359409332,0.108409084379673,0.25,0.12495241314172745,0.10576163232326508,1.7589606046676636,1.1491525173187256,3.4372105598449707,1.8279603719711304,1.751790165901184,1.1199105978012085,3.438579797744751,1.8319728374481201,0.000574673293158412,0.004204297726564933,0.0010474564041942358,0.05454734199673471,0.0008957760874181986,0.04169379877881902,0.001663036528043449,0.45287034153430916,0.0013613306218758225,0.18794296122231344,0.0010638127569109201,0.06998669346847484,0.0010812908876687288,0.016897407585666695,0.0010389902163296938,0.0683398922265319,0.0008474088390357792,0.0040768947651538745,-1419.5654257797273,1.2797313928604126,1.8782615019768187,0.4816722624371298,-0.45692879134805403,Rembrandt_3.jpg,Rembrandt,Barroco,3
67.08532,53.760834,45.755684,55.218094,54.51163,46.117924,4.0,0.0,0.0,255.0,254.0,240.0,0.36343795,0.19687168,0.2639704,0.21609603,0.20929665863513947,0.11183896660804749,0.15223532915115356,0.25,0.07986052334308624,0.11876790970563889,1.4815372228622437,1.5986560583114624,2.8409454822540283,2.6918749809265137,1.482080101966858,1.5502138137817383,2.840463399887085,2.727311611175537,0.0004075054603163153,0.0,0.0004669077170547098,0.03270840499942667,0.0002750890562310815,0.0,0.0013552915770560503,0.25988992088063295,0.001738221850246191,0.3279727095516569,0.000798271968960762,0.049019607843137254,0.0007747121853753924,0.032909070060772844,0.0012126952642574906,0.15236211443641784,0.0008579998393543065,0.04985093452585713,-1419.5654257797273,1.98357093334198,3.2626422609866563,0.4625448507578034,-0.24889666371700328,Rembrandt_4.jpg,Rembrandt,Barroco,3
46.39658,26.059732,18.712479,27.3829,19.395401,12.409943,5.0,0.0,0.0,255.0,217.0,190.0,0.5944249,0.10204197,0.18196446,0.10735085,0.08156133443117142,0.07894531637430191,0.09356424957513809,0.25000152782785656,0.07009661942720413,0.1059916540980339,0.8303921818733215,0.7822115421295166,1.553287148475647,1.0352505445480347,0.8154510259628296,0.6932182312011719,1.5556612014770508,1.0460841655731201,0.00034402086748741567,0.004569624459953473,0.0004893154255114496,0.11689930209371885,0.0004898662446066737,0.02201728148886673,0.0004889488336630166,0.04353605849119309,0.0007250396301969886,0.3575661903179351,0.0003856189432553947,0.00786529300985931,0.000526190793607384,0.1568904397917359,0.000542544643394649,0.16899302093718843,0.00032767007360234857,0.007089841586352055,-1419.5654257797273,1.5107421875,3.634512157544435,0.48853129762107633,-0.21804725871932112,Rembrandt_5.jpg,Rembrandt,Barroco,3
72.81768,55.174713,31.971474,52.756886,49.637085,45.00814,0.0,0.0,0.0,255.0,255.0,255.0,0.6456434,0.24821316,0.2860522,0.20788361,0.1929241120815277,0.17511966824531555,0.1948423683643341,0.25000054843925157,0.17232848703861237,0.21029916405677795,1.5694972276687622,1.5080984830856323,2.899592399597168,2.53434419631958,1.5546560287475586,1.5285922288894653,2.8834750652313232,2.426978826522827,0.0014309079851955175,0.11361153594057243,0.0009124330244958401,0.004369674459252786,0.000505436968524009,0.01791566528293642,0.0020861662924289703,0.6486185870061771,0.0007753330864943564,0.02880012711780245,0.0005432064644992352,0.005918922676624228,0.000708972685970366,0.07738296224204023,0.0006505066994577646,0.0039128448566945395,0.00041479701758362353,0.0048463662184439985,-1419.5654257797273,0.8692236542701721,0.2862909133394034,0.36913452853120593,-0.19254154980032628,Rembrandt_6.jpg,Rembrandt,Barroco,3
40.1093,22.8924,17.154554,46.33839,26.335882,11.38642,0.0,0.0,0.0,241.0,179.0,142.0,0.48304364,0.23093133,0.16110702,0.1792347,0.11777319014072418,0.09462236613035202,0.13281884789466858,0.25,0.07141035795211792,0.10948948562145233,0.81918865442276,1.117398738861084,1.392543911933899,1.6556581258773804,0.7343823313713074,0.9113824367523193,1.3770127296447754,1.5029072761535645,0.00021694734459742904,0.034995455135696664,0.0005032008048146963,0.16744578626152448,0.00027759006479755044,0.0016880924555252564,0.0003088311350438744,0.00038955979742890534,0.0008411011658608913,0.30145435657706793,0.0006934418343007565,0.21873782625633034,0.0001432805584045127,6.492663290481755e-05,0.0004721642180811614,0.1534540968705363,0.0003477954596746713,0.026619919490975197,-1419.5654257797273,1.989755392074585,2.9983852361567367,0.5585936826741609,-0.21985329277058868,Rembrandt_7.jpg,Rembrandt,Barroco,3
50.640182,37.479347,31.092043,24.417307,18.561451,11.016625,9.0,3.0,0.0,255.0,241.0,219.0,0.3609654,0.1326167,0.19860898,0.095739886,0.07530714571475983,0.08678393065929413,0.11163703352212906,0.25,0.07015398144721985,0.10913635790348053,1.0427311658859253,0.7135219573974609,2.0234670639038086,1.0026683807373047,1.0638142824172974,0.8154377341270447,2.027367115020752,1.0447368621826172,0.000510707322973758,0.029015954207770065,0.0008022888796404004,0.19830105955425648,0.000671699526719749,0.031055900621118012,0.0006175324670039117,0.03431372549019608,0.0005652133258990943,0.08966630130312994,0.0006637916667386889,0.14011691633175008,0.0004140172968618572,0.0154670563877725,0.0006283639231696725,0.11740348313238338,0.0007612193003296852,0.24503714529289977,-1419.5654257797273,0.902748703956604,0.896286938678874,0.5325328389087359,-0.2103762802158771,Rembrandt_8.jpg,Rembrandt,Barroco,3
45.350254,32.441257,19.970926,31.126265,22.269545,13.371858,3.0,0.0,0.0,250.0,201.0,145.0,0.5303077,0.12830672,0.1778471,0.122056805,0.09305215626955032,0.07518059015274048,0.09449292719364166,0.2500015108204964,0.06176425516605377,0.09498001635074615,0.9048325419425964,0.7866494059562683,1.7370250225067139,1.2450233697891235,0.8998163342475891,0.7874314188957214,1.7327747344970703,1.2113375663757324,0.0003802170976996422,0.0005477051155657794,0.0006920979358255863,0.11222477817942819,0.0004975495976395905,0.002464673020046007,0.0003120267065241933,0.0006572461386789353,0.0009595802403055131,0.41978858582539164,0.0003497225698083639,0.002711140322050608,0.00047976963105611503,0.04869098477379779,0.0007490101852454245,0.2715521962975134,0.000393293215893209,0.026426771826048856,-1419.5654257797273,1.794219970703125,4.268726939914138,0.5022007795100301,-0.21917246886299338,Rembrandt_9.jpg,Rembrandt,Barroco,3
76.66351,52.340454,20.455399,37.112747,30.1977,26.003447,0.0,0.0,0.0,211.0,182.0,167.0,0.7389277,0.25168666,0.30091792,0.14533699,0.11797254532575607,0.17441564798355103,0.13253843784332275,0.25,0.1837427318096161,0.18054726719856262,1.4725885391235352,0.9854874610900879,2.7806053161621094,1.4676611423492432,1.4233604669570923,0.8899909257888794,2.7851154804229736,1.5240814685821533,0.0007685143500566483,0.07092054460475514,0.0007704050512984395,0.09658605974395448,0.00093666254542768,0.02178419020524284,0.0006838302360847592,0.010810810810810811,0.001364176976494491,0.3583824425929689,0.0009061754099093378,0.2068482015850437,0.0006403768784366548,0.0015037593984962407,0.0010205308208242059,0.0936598252387726,0.000657470605801791,0.04102824629140418,-1419.5654257797273,1.5845669507980347,3.577765398846696,0.510306316211765,-0.27799099561745105,Rene_Magritte_001.jpg,Rene_Magritte,Surrealismo,0
139.5655,111.076355,76.886505,74.75496,73.59624,61.66899,0.0,0.0,0.0,255.0,255.0,255.0,0.58719075,0.2831119,0.60580707,0.25759652,0.25745072960853577,0.4386413097381592,0.33080169558525085,0.24999974201546463,0.8684297800064087,0.7812322974205017,2.967632532119751,1.6538363695144653,5.7697529792785645,2.839409351348877,3.034226179122925,1.7691242694854736,5.7947001457214355,2.9307355880737305,0.0019540321081876755,0.018212511365364267,0.0015342764090746641,0.07481124961598257,0.0016965790418908,0.1080710377935212,0.0018747926224023104,0.038718266196225926,0.0026471116580069065,0.3985930222093958,0.001755329081788659,0.18931205799206208,0.0015961589524522424,0.020682635585304622,0.0014993553049862385,0.030423489764190025,0.0014563518343493342,0.021275341271245085,-1413.7563319040594,1.4876914024353027,3.9854887105699732,0.4951894927373907,-0.675105164778415,Rene_Magritte_002.jpg,Rene_Magritte,Surrealismo,0
108.44973,79.51668,67.89387,74.44532,55.800823,43.072014,0.0,0.0,0.0,255.0,255.0,255.0,0.40421945,0.20257261,0.44151306,0.28211495,0.2270248979330063,0.5100254416465759,0.4674719572067261,0.25,0.6152068972587585,0.705909013748169,2.386798620223999,1.9296910762786865,4.341431140899658,2.740809917449951,2.3340117931365967,1.8776037693023682,4.344969272613525,2.7500176429748535,0.0010965099791064858,0.03341281902384983,0.0014751660637557507,0.18191103368463538,0.0014995989622548223,0.13197507526430022,0.001040856004692614,0.06951085412110654,0.0011355389142408967,0.1009097610899012,0.0013932432048022747,0.09740909596352719,0.0012312893522903323,0.04575987084604898,0.001765842316672206,0.14300011119759815,0.0013691852800548077,0.09250404635704314,-1418.4664701435859,0.8511348962783813,1.01315839754592,0.5233274343317563,-0.6633835576879076,Rene_Magritte_003.jpg,Rene_Magritte,Surrealismo,0
104.715576,87.83717,74.764015,71.51076,64.46137,51.632427,0.0,0.0,0.0,255.0,255.0,255.0,0.33313298,0.19099912,0.4162047,0.27471125,0.25384581089019775,0.45669320225715637,0.37724772095680237,0.25,0.691680371761322,0.6424828767776489,2.6582064628601074,2.1479382514953613,4.580376148223877,2.8953850269317627,2.414736270904541,1.7536101341247559,4.582440376281738,2.8668692111968994,0.0016644977731630206,0.2777000860585198,0.001557501032948494,0.1186830655957162,0.001588083803653717,0.25165543124880474,0.0012885392643511295,0.04458907056798623,0.0012789653846994042,0.059153279785809906,0.0012767630396410823,0.025763769363166954,0.0013284658780321479,0.03909088735895965,0.0013170645106583834,0.04955536431440046,0.0013503385707736015,0.032929336393191816,-1419.4034830049698,0.9099136590957642,0.5921115008712978,0.4898919718573865,-0.5207292559827242,Rene_Magritte_004.jpg,Rene_Magritte,Surrealismo,0
93.62643,70.13786,20.574232,69.41139,53.923557,18.026215,0.0,0.0,0.0,249.0,215.0,139.0,0.76756114,0.14821552,0.36844677,0.2717627,0.20876990258693695,0.18341191112995148,0.15313193202018738,0.25,0.19887271523475647,0.19721075892448425,1.908003807067871,1.545600175857544,3.5734076499938965,2.6315951347351074,1.8474349975585938,1.4070961475372314,3.5702064037323,2.6535513401031494,0.0014970757765695453,0.045556306496578526,0.00161734560970217,0.10912815747233251,0.001984795555472374,0.5083002449945088,0.0010528407292440534,0.035439722902762524,0.0008950632764026523,0.017994424262904454,0.0012221306096762419,0.18518205626425616,0.00027885998133569956,0.0,0.000877188635058701,0.0003168032440652192,0.0004833033599425107,0.0,-1419.5654257797273,0.8129799365997314,0.17956161565264372,0.5309888730622407,-0.20966812940963084,Rene_Magritte_005.jpg,Rene_Magritte,Surrealismo,0
91.70174,80.86368,62.801308,74.653854,64.46344,56.35855,0.0,0.0,0.0,246.0,236.0,242.0,0.4589619,0.3179909,0.37816462,0.29043072,0.25409066677093506,0.11579360067844391,0.1937161684036255,0.25,0.0985545814037323,0.1400763839483261,2.249669313430786,1.9573169946670532,4.131168842315674,3.2021443843841553,2.176917552947998,1.815513253211975,4.130098819732666,3.174276113510132,0.0017144870944321156,0.08543765073060008,0.0018984166672453284,0.16225705773868634,0.0018223392544314265,0.20907220882394667,0.0018259541830047965,0.2614023265711448,0.0011659199371933937,0.15314228968648036,0.0015261846128851175,0.025056745637679102,0.000891293166205287,0.004202723790608597,0.00042695642332546413,0.0,0.00011161194561282173,0.0,-1419.5654257797273,0.9218173027038574,1.5304517521419483,0.4704120573175112,-0.21269542491230184,Rene_Magritte_006.jpg,Rene_Magritte,Surrealismo,0
122.61734,100.50618,86.22095,74.09713,70.26328,68.219734,0.0,0.0,0.0,255.0,255.0,255.0,0.41719148,0.24803783,0.50598586,0.27314532,0.26830101013183594,0.13981111347675323,0.27197590470314026,0.25,0.07024119049310684,0.11766799539327621,2.8851583003997803,2.293045997619629,5.338031768798828,3.479628801345825,2.790497303009033,2.019652843475342,5.319079875946045,3.532578945159912,0.0019640137907117605,0.09665441176470588,0.0014690436655655503,0.007279411764705882,0.0010376637801527977,0.0,0.0017124027945101261,0.06227941176470588,0.002230839803814888,0.25981617647058824,0.0023936324287205935,0.3513602941176471,0.0014564855955541134,0.0058823529411764705,0.001077644294127822,0.0,0.001274544163607061,0.11893382352941176,-1418.606281823426,1.37363600730896,2.5918090324063368,0.48580635471358763,-0.20569437081232644,Rene_Magritte_007.jpg,Rene_Magritte,Surrealismo,0
83.80043,52.019684,19.836782,61.09634,37.985977,17.690674,0.0,0.0,0.0,255.0,201.0,178.0,0.72521645,0.20276476,0.33030954,0.2398697,0.16065099835395813,0.14510878920555115,0.192061185836792,0.25,0.14772553741931915,0.16757668554782867,1.624050259590149,1.4030659198760986,2.9207839965820312,1.9982342720031738,1.6073514223098755,1.3410943746566772,2.9929025173187256,2.2613329887390137,0.0006265193223953247,0.05344959621275411,0.0012311467435210943,0.10446254525201894,0.0010761151788756251,0.17834516847674742,0.001057495130226016,0.10192147034252297,0.0013380057644098997,0.2906571985519354,0.0007124856929294765,0.05639097744360902,0.0007465328671969473,0.000835421888053467,0.0008275379659608006,0.09863199665831245,0.0004090545407962054,0.01893622946254525,-1419.5654257797273,1.5005704164505005,2.894893681126158,0.48943251304501684,-0.2587741996166879,Rene_Magritte_008.jpg,Rene_Magritte,Surrealismo,0
88.48362,89.89026,84.19653,73.12313,68.96287,62.362175,0.0,0.0,0.0,255.0,255.0,255.0,0.23256575,0.1937174,0.37507793,0.2742582,0.2709382176399231,0.4693416655063629,0.4590110182762146,0.24999912963455095,0.6451655626296997,0.6879878044128418,2.482306718826294,2.3433544635772705,4.442625522613525,3.2025721073150635,2.43451189994812,2.089869260787964,4.444611072540283,3.1788251399993896,0.0012195591116324067,0.01497087541382056,0.0018955771811306477,0.1385670284540921,0.0011985428864136338,0.06922851276034027,0.001013063476420939,0.01862716339102376,0.002448013052344322,0.3979434689686963,0.0012361290864646435,0.09276914051041361,0.0008934370125643909,0.0028338850940786992,0.0014330538688227534,0.14068851359845785,0.0009653965826146305,0.026468801072790513,-1414.2375124034845,1.790812373161316,3.970182051324939,0.5165298648455168,-0.48502277524002924,Rene_Magritte_009.jpg,Rene_Magritte,Surrealismo,0
102.533936,56.178288,18.75774,76.86378,52.440105,23.803879,0.0,0.0,0.0,255.0,220.0,188.0,0.7659556,0.21715502,0.402206,0.30130714,0.2065150886774063,0.13894964754581451,0.1847505271434784,0.25,0.1554492563009262,0.19339005649089813,1.7662547826766968,1.5343832969665527,3.3041348457336426,2.5684587955474854,1.7022849321365356,1.4067670106887817,3.35791015625,2.680116891860962,0.0006584850489161909,0.024940824282929545,0.0016358571592718363,0.1946707045391256,0.0012913813116028905,0.03616680590364801,0.00117706716991961,0.3203668894458368,0.0009497760329395533,0.010494987468671679,0.0007247802568599582,0.07289055973266499,0.0010057967156171799,0.016604010025062656,0.0007361453026533127,0.035470620996936784,0.0009140729089267552,0.1877784739626845,-1419.5654257797273,0.9400153160095215,0.1050217601727775,0.49543810834878343,-0.26568402347299047,Rene_Magritte_010.jpg,Rene_Magritte,Surrealismo,0
121.02919,100.730865,90.77759,74.03595,69.566216,56.91197,0.0,0.0,0.0,255.0,255.0,255.0,0.29721534,0.1638405,0.482672,0.28529197,0.2693091630935669,0.35091206431388855,0.3763847351074219,0.2499938667397933,0.5469027161598206,0.5315966606140137,2.8672256469726562,2.2445449829101562,5.308117866516113,3.233539342880249,2.8404109477996826,2.121121406555176,5.32422399520874,3.284041404724121,0.0011800911743193865,0.03765655372653232,0.0018185392254963517,0.0903963977264339,0.0014805541140958667,0.06493934696488768,0.0018835320370271802,0.16548805393568072,0.0016926125390455127,0.12153244260721931,0.0016837973380461335,0.18292856967102186,0.0018019587732851505,0.10241873969636574,0.0018669943092390895,0.08953519844492015,0.001236836309544742,0.04742501414827391,-1417.7790031423272,1.0401848554611206,1.2121990980974573,0.482690078571212,-0.46942108130548593,Rene_Magritte_011.jpg,Rene_Magritte,Surrealismo,0
137.17072,126.219604,124.71979,68.84708,63.43193,57.952477,0.0,0.0,0.0,255.0,255.0,255.0,0.25209534,0.1833697,0.57713336,0.25921133,0.2465846836566925,0.6752058863639832,0.5242885947227478,0.25000008619919806,0.7515669465065002,0.7135848999023438,3.4453015327453613,2.0660228729248047,6.452886581420898,2.9663426876068115,3.397385597229004,2.0320205688476562,6.456877708435059,2.973491907119751,0.0020571534987539053,0.07420923441665038,0.0026881564408540726,0.20934613081107584,0.001572516979649663,0.04053982764987541,0.001983419293537736,0.10218121898768351,0.0023560919798910618,0.18550757018597305,0.0019574433099478483,0.10116958519911498,0.0015326212160289288,0.029768720655637997,0.001836083480156958,0.056806650716367056,0.0019157915376126766,0.10045585583908195,-1416.7621335763772,1.1846691370010376,1.8551068584588577,0.4986827028141787,-0.6673373687972974,Rene_Magritte_012.jpg,Rene_Magritte,Surrealismo,0
202.7373,171.3431,123.3191,57.614944,68.12676,59.010685,0.0,0.0,0.0,255.0,255.0,255.0,0.43103004,0.21892187,0.8045406,0.21135107,0.2388930469751358,0.3305469751358032,0.45554083585739136,0.2500001664399754,0.34935399889945984,0.4577134847640991,4.760167121887207,2.291536569595337,8.771059036254883,3.0118868350982666,4.656480312347412,2.1317315101623535,8.767126083374023,2.9646942615509033,0.00297973258420825,0.15316098848368523,0.0027280598878860474,0.15127759117082534,0.0028623270336538553,0.10017994241842611,0.002869364805519581,0.1684081094049904,0.00218084454536438,0.10977687140115164,0.0027491766959428787,0.08691218809980807,0.0024102034512907267,0.0023692418426103645,0.002491910709068179,0.05341290786948177,0.0029823535587638617,0.07460412667946258,-1419.3844731628321,0.809249997138977,1.0976442443612278,0.505596055397696,-0.5348491936598134,Rene_Magritte_013.jpg,Rene_Magritte,Surrealismo,0
219.7386,175.97108,130.6558,39.968525,68.792435,58.916058,0.0,0.0,0.0,255.0,255.0,255.0,0.44545776,0.23628187,0.87163234,0.13675836,0.21799984574317932,0.2869981825351715,0.36000916361808777,0.25,0.31184491515159607,0.4007628858089447,4.8183441162109375,1.984610676765442,9.193280220031738,2.778062343597412,4.753876686096191,1.8067291975021362,9.15713119506836,2.731390953063965,0.003401181660592556,0.20718890961906336,0.0028082288336008787,0.1704000661266325,0.002931994153186679,0.07394374512906501,0.0029383201617747545,0.13997591101244597,0.002430422930046916,0.11841390548614883,0.0028474449645727873,0.03348841603098505,0.0024892762303352356,0.02664549039982996,0.00292583042755723,0.09857001157216069,0.0026791824493557215,0.032555558179628276,-1419.5206350123933,0.8594149947166443,1.1825857894537766,0.4921057909160687,-0.5382338182506375,Rene_Magritte_014.jpg,Rene_Magritte,Surrealismo,0
180.92734,169.33264,152.94066,76.09942,78.509636,65.84492,0.0,0.0,0.0,255.0,255.0,255.0,0.2939054,0.2187324,0.7513154,0.262592,0.28790512681007385,0.2967245876789093,0.3570168614387512,0.25,0.4926978051662445,0.5891791582107544,4.521225929260254,2.3039536476135254,8.534661293029785,3.542996883392334,4.350641250610352,1.9938751459121704,8.514659881591797,3.5082685947418213,0.0028750209603458643,0.09196069958701981,0.0034162651281803846,0.18815745666541522,0.002593934303149581,0.1597022009081314,0.0028894771821796894,0.06924324745517783,0.002963611390441656,0.1354759189340436,0.001354300300590694,0.03389554363918424,0.0020701508037745953,0.017588847409842102,0.002938345540314913,0.10471845801840347,0.002544292714446783,0.09893106843570472,-1418.9010102920047,1.128016471862793,1.3552507974525143,0.48679845932613736,-0.47665721453582827,Rene_Magritte_015.jpg,Rene_Magritte,Surrealismo,0
200.38698,181.6224,153.98814,62.063583,68.93447,64.24453,0.0,0.0,0.0,255.0,255.0,255.0,0.30273944,0.23501487,0.81165755,0.21482655,0.24650268256664276,0.44765573740005493,0.4922803044319153,0.25,0.5819786787033081,0.6223435401916504,5.228446960449219,2.628462553024292,9.187626838684082,3.001304864883423,4.820068359375,2.0866503715515137,9.164750099182129,2.8831310272216797,0.0023061977699398994,0.04547157846189323,0.0029574513901025057,0.13888648679810908,0.0029557032976299524,0.08597082900956993,0.00225618202239275,0.09657125562089243,0.0030816595535725355,0.14027729735962183,0.003088901285082102,0.07372737230485414,0.002477018628269434,0.10468551827510665,0.003226115368306637,0.13371958953072755,0.0031227872241288424,0.07331661478150582,-1419.0034271235663,1.088835597038269,1.4143603056147225,0.5258338739805165,-0.5108104584901446,Rene_Magritte_016.jpg,Rene_Magritte,Surrealismo,0
151.44173,152.65958,129.58209,91.92929,84.67843,66.82502,0.0,0.0,0.0,255.0,255.0,255.0,0.30868188,0.18743663,0.6446318,0.33462593,0.3277072310447693,0.3901481032371521,0.4574548304080963,0.25,0.5754470825195312,0.6074223518371582,4.135028839111328,2.7767412662506104,7.525945663452148,4.048797607421875,4.009918689727783,2.605611801147461,7.456961631774902,3.9056413173675537,0.0008055493817664683,0.027566807313642756,0.0011117120739072561,0.045323488045007035,0.0029444568790495396,0.09367791842475387,0.002158752642571926,0.09703938115330521,0.002439830917865038,0.12739803094233473,0.002504405565559864,0.05381153305203938,0.0030358301009982824,0.175084388185654,0.003084266558289528,0.17183544303797468,0.002602718770503998,0.09418424753867792,-1418.5790108806577,1.0614311695098877,1.2942258444847323,0.5314958013799475,-0.5717577151466174,Rene_Magritte_017.jpg,Rene_Magritte,Surrealismo,0
173.99481,167.25574,140.61417,88.888306,84.16938,67.62809,0.0,0.0,0.0,255.0,255.0,255.0,0.28224003,0.18005183,0.7043262,0.32931846,0.32402780652046204,0.43406420946121216,0.6099438667297363,0.25,0.5738117694854736,0.6383333206176758,4.991373538970947,3.4439940452575684,8.324318885803223,3.7887659072875977,4.722631931304932,3.382265090942383,8.424022674560547,3.9364523887634277,0.00288210972212255,0.0840227434257285,0.001650768332183361,0.050575692963752666,0.001815511379390955,0.06559346126510306,0.003161592409014702,0.11161336176261549,0.0014366090763360262,0.0554726368159204,0.00258028251118958,0.1143141435678749,0.0033770601730793715,0.12882018479033405,0.002811399521306157,0.12163468372423596,0.003285336773842573,0.16778962331201136,-1418.8311560982715,0.5621327757835388,0.5548270867663291,0.47400436143598645,-0.5482046543738109,Rene_Magritte_018.jpg,Rene_Magritte,Surrealismo,0
201.23415,185.0585,145.2717,64.88037,68.10121,61.48779,0.0,0.0,0.0,255.0,255.0,255.0,0.35893902,0.23329717,0.83402216,0.19940537,0.23760733008384705,0.355473130941391,0.4034556448459625,0.25000019376555455,0.5080801844596863,0.5662546157836914,4.765050888061523,1.8512749671936035,9.23892879486084,2.8392794132232666,4.706410884857178,1.6794558763504028,9.238962173461914,2.8765358924865723,0.003449337789788842,0.1798175399349855,0.0032643794547766447,0.14496836659792373,0.003446234855800867,0.12972840714460485,0.0023828092962503433,0.06761508616169737,0.0022674892097711563,0.0481317068055507,0.002322276821359992,0.0501380684400014,0.0028161650989204645,0.08916774441609283,0.003180919913575053,0.12180782271313223,0.0025044637732207775,0.05854101856059282,-1419.5331693448732,0.7961016297340393,0.4867711490619169,0.49471474889718076,-0.46512513886718043,Rene_Magritte_019.jpg,Rene_Magritte,Surrealismo,0
202.71179,144.07747,104.03174,55.542973,85.27808,73.97706,0.0,0.0,0.0,255.0,255.0,255.0,0.54879737,0.30667838,0.83069265,0.1548801,0.2568315863609314,0.3595924377441406,0.36320969462394714,0.25,0.5517451763153076,0.5668300986289978,4.275146007537842,2.516353130340576,7.803369045257568,2.9795680046081543,3.9798991680145264,1.7158511877059937,7.801414489746094,2.940258502960205,0.0023594871163368225,0.128862660944206,0.002321809297427535,0.14495708154506437,0.0019847960211336613,0.08852646638054364,0.0022407814394682646,0.078862660944206,0.0024391855113208294,0.040937052932761085,0.002105456544086337,0.07005722460658083,0.0024070399813354015,0.10468526466380544,0.00289122830145061,0.11426323319027182,0.002978799631819129,0.11850500715307583,-1418.9969347764427,1.0103087425231934,0.41412992095950396,0.49614979235547924,-0.5134453167546971,Rene_Magritte_020.jpg,Rene_Magritte,Surrealismo,0
142.8423,113.22845,95.80197,95.41701,87.74553,68.0018,0.0,0.0,0.0,255.0,255.0,255.0,0.37924403,0.20602888,0.57306445,0.3590665,0.3343312740325928,0.3776010274887085,0.5134215950965881,0.25,0.5055239200592041,0.5927367210388184,3.4720511436462402,2.930096387863159,6.1122612953186035,4.160370826721191,3.2744131088256836,2.61789608001709,6.123104572296143,4.154971599578857,0.002808031626045704,0.19884677230836798,0.0019981199875473976,0.11304181512938392,0.0017863580724224448,0.09083438998647012,0.001750730792991817,0.08779547917743981,0.0017195506952703,0.0710637604573242,0.0020205634646117687,0.1300143799276045,0.0011781479697674513,0.05440996252718373,0.001252399873919785,0.04464152894757348,0.0020968555472791195,0.10877742280529011,-1419.2458212022343,0.9316776394844055,0.7110914379301884,0.508846980703859,-0.4534368092486902,Rene_Magritte_021.jpg,Rene_Magritte,Surrealismo,0
191.84937,164.84738,121.197655,76.86228,76.50371,58.082264,0.0,0.0,0.0,255.0,255.0,255.0,0.39591494,0.18736063,0.7555403,0.29399192,0.28735214471817017,0.4784037172794342,0.49710994958877563,0.24999980114556064,0.7150712609291077,0.6583868265151978,4.671152114868164,2.720388174057007,8.393560409545898,3.3034799098968506,4.300542831420898,1.9563207626342773,8.406704902648926,3.3587698936462402,0.0025149157736450434,0.13689376029801562,0.0026540355756878853,0.10932731571029443,0.002907208865508437,0.0788595171573895,0.002429656218737364,0.14009599541514436,0.002025180496275425,0.07270578121641952,0.0026284928899258375,0.08209040762232252,0.0029653524979948997,0.12952217207536357,0.0027023800648748875,0.0916756214628555,0.0024011305067688227,0.05793394942331113,-1419.5300609316732,0.7846683263778687,0.7277818658614222,0.4970901350490023,-0.4934533848669611,Rene_Magritte_022.jpg,Rene_Magritte,Surrealismo,0
189.56154,188.56877,162.73935,70.071754,70.91577,62.262936,0.0,0.0,0.0,255.0,255.0,255.0,0.19851568,0.19331798,0.75657326,0.26936814,0.2717044949531555,0.4505077600479126,0.5474242568016052,0.24999983456647484,0.7402865886688232,0.7835895419120789,5.096272945404053,2.249112606048584,9.308198928833008,3.0814855098724365,4.8043107986450195,1.869498610496521,9.321551322937012,3.168943405151367,0.0033307538833469152,0.15135586149353358,0.002982988953590393,0.08238870016091543,0.0033539023716002703,0.11436915191608558,0.00282405992038548,0.12398235890100721,0.0017404247773811221,0.034632576434829254,0.0026253662072122097,0.0793730258060671,0.0033011557534337044,0.1405804875141546,0.0025372502859681845,0.07563025210084033,0.003031657775864005,0.09527385422254007,-1417.9900065598413,0.6088322401046753,0.34725704657209283,0.49305035618173865,-0.4816557275688519,Rene_Magritte_023.jpg,Rene_Magritte,Surrealismo,0
166.87666,156.0202,145.09158,78.101295,75.763145,68.04569,0.0,0.0,0.0,255.0,255.0,255.0,0.22528462,0.20279825,0.675236,0.28513005,0.2914799153804779,0.21768589317798615,0.29612070322036743,0.2499995210168238,0.23172599077224731,0.3038688004016876,3.996037244796753,1.9756667613983154,7.842532634735107,3.577669143676758,4.262594699859619,2.77827525138855,7.846432685852051,3.588576555252075,0.002597705228254199,0.052656585420635026,0.0029529528692364693,0.0941305033280206,0.0031421741005033255,0.0792375571767328,0.002516060834750533,0.06058250078827224,0.002326767658814788,0.0777258022019791,0.0019148493884131312,0.00316172754719915,0.0021117059513926506,0.1473226819397112,0.0030144997872412205,0.36077384577507676,0.001238549593836069,0.013553963173648815,-1412.48551201429,0.9599159955978394,0.7867468380832255,0.48301543057020213,-0.3217703992486753,Rene_Magritte_024.jpg,Rene_Magritte,Surrealismo,0
145.02937,70.20806,57.489494,55.3291,51.396763,43.27614,0.0,0.0,0.0,255.0,204.0,209.0,0.61966336,0.22633588,0.57142186,0.21661487,0.1794644594192505,0.11718443781137466,0.17387212812900543,0.25,0.09563250094652176,0.1252066195011139,2.5245347023010254,1.839830994606018,4.532959461212158,2.234066963195801,2.336998224258423,1.3807761669158936,4.536140441894531,2.2362701892852783,0.0012817090610042214,0.03359535201640465,0.0021318639628589153,0.17959671907040328,0.0008848085417412221,0.027887901572112097,0.0015902224695309997,0.06086807928913192,0.002111300826072693,0.37969924812030076,0.0016084378585219383,0.10758714969241286,0.0009689674479886889,0.0018626110731373889,0.0010994222247973084,0.0962576896787423,0.0009513930999673903,0.01490088858509911,-1419.5654257797273,1.5047024488449097,3.787499622196913,0.48906152856802065,-0.25896603193513307,Rene_Magritte_025.jpg,Rene_Magritte,Surrealismo,0
85.5279,78.867775,82.31221,63.05537,44.351868,41.839706,0.0,0.0,0.0,255.0,255.0,255.0,0.49730203,0.17615682,0.43188018,0.21376045,0.18146568536758423,0.39457160234451294,0.3696865439414978,0.25,0.462233304977417,0.5086798667907715,2.1582393646240234,1.7502421140670776,4.050020217895508,2.17303466796875,2.181710958480835,1.5734877586364746,4.0486226081848145,2.1635565757751465,0.0010894883889704943,0.0026674761076924494,0.0011886266293004155,0.012541736802891912,0.0010567506542429328,0.0016050847613528704,0.0016374861588701606,0.1870176697296651,0.0009473705431446433,0.014270997176154604,0.0008537523681297898,0.0021109854024669553,0.002217003144323826,0.4389377926175299,0.001364899449981749,0.19566397159597854,0.0008849817095324397,0.044606639256050115,-1415.974856868709,0.7585403919219971,0.14280161176849993,0.43697985344932355,-0.49773625379149855,Rene_Magritte_026.jpg,Rene_Magritte,Surrealismo,0
141.58751,94.393394,88.86695,70.86762,77.082405,57.574215,0.0,0.0,0.0,255.0,255.0,255.0,0.50263274,0.24787411,0.560482,0.27295655,0.27955082058906555,0.36636972427368164,0.2780728340148926,0.25,0.8642444014549255,0.7111333608627319,2.7283105850219727,1.7106492519378662,5.373813152313232,3.2376747131347656,2.793349504470825,1.9226007461547852,5.367942810058594,3.2206923961639404,0.0007615087670274079,0.0009325848741907136,0.0015245225513353944,0.04349073692139386,0.001575968344695866,0.042311555085277716,0.0019414197886362672,0.08296418515396617,0.0020162854343652725,0.128992628992629,0.0019395628478378057,0.08903047041733173,0.001846651895903051,0.22405351602431894,0.0017127108294516802,0.1120850445667964,0.001608987688086927,0.1731872881507918,-1416.9296216004218,1.2156299352645874,1.2941710268290454,0.516213945388296,-0.4685214947206079,Rene_Magritte_027.jpg,Rene_Magritte,Surrealismo,0
188.29344,112.03137,94.26438,77.875084,76.174,76.30354,21.0,0.0,0.0,255.0,255.0,251.0,0.58034474,0.28190708,0.7378503,0.30534458,0.2828795313835144,0.16713975369930267,0.25500887632369995,0.25,0.23394325375556946,0.29761525988578796,3.5231292247772217,2.3990066051483154,6.596572399139404,3.5139341354370117,3.423306703567505,2.0115137100219727,6.607137203216553,3.50054931640625,0.002995967399328947,0.0691268988798527,0.0020875853952020407,0.12760856222188124,0.0016481982311233878,0.09149148381156974,0.0027395403012633324,0.13602884762927728,0.0025582050438970327,0.1245204848856836,0.0018998435698449612,0.21507211907319318,0.0008758970070630312,0.051269756022709834,0.001529883244074881,0.033144084701549795,0.002096405951306224,0.05489489028694185,-1419.5654257797273,1.2491495609283447,1.240851916189713,0.4733011459694926,-0.2547906083325089,Rene_Magritte_028.jpg,Rene_Magritte,Surrealismo,0
174.3887,169.33841,136.35104,68.843735,82.590805,76.71213,6.0,0.0,0.0,255.0,255.0,255.0,0.30998844,0.22844891,0.7009998,0.2801515,0.3028731048107147,0.3579929769039154,0.47055715322494507,0.25,0.2728883624076843,0.3951490521430969,4.573339939117432,2.5182061195373535,8.462569236755371,3.9523777961730957,4.742541313171387,2.9226739406585693,8.427288055419922,3.9278674125671387,0.0014498461969196796,0.0007150837988826816,0.001252822345122695,0.0015865921787709498,0.0029191025532782078,0.11206703910614525,0.0028291346970945597,0.08067039106145252,0.002745451871305704,0.26683798882681564,0.003450743155553937,0.24203351955307262,0.00284212757833302,6.70391061452514e-05,0.002724110148847103,0.0,0.002900748047977686,0.0,-1418.231537350179,1.069000482559204,3.411388955357616,0.5316355878739197,-0.289688785073215,Rene_Magritte_029.jpg,Rene_Magritte,Surrealismo,0
92.31015,88.5719,96.01614,63.59789,57.660126,44.80677,0.0,0.0,0.0,255.0,255.0,255.0,0.36895978,0.15249044,0.43931386,0.22704001,0.2226548045873642,0.43898531794548035,0.40385884046554565,0.25,0.588169515132904,0.645373523235321,2.4990694522857666,2.00419020652771,4.501795768737793,2.5468297004699707,2.536325454711914,2.1334738731384277,4.502341270446777,2.5620102882385254,0.001598198083229363,0.15131728601857022,0.0010871506528928876,0.11972413507868561,0.0018627753015607595,0.20633517381144406,0.001133964047767222,0.016119693115784685,0.0011183815076947212,0.10196558926318837,0.0016958157066255808,0.13884752983022106,0.001024997909553349,0.015856029116777304,0.0013165679993107915,0.06876460491759208,0.0016814081463962793,0.07889240440887565,-1419.3235051911545,0.8039901852607727,1.0221288361793448,0.5452784672271663,-0.40002313408359425,Rene_Magritte_030.jpg,Rene_Magritte,Surrealismo,0
162.44931,155.63937,144.1388,66.66536,62.657455,61.861004,0.0,0.0,0.0,255.0,255.0,255.0,0.21919745,0.22591348,0.6626531,0.24552861,0.24451670050621033,0.4415290653705597,0.3554717004299164,0.24999919001318657,0.7858970761299133,0.7413166165351868,4.0441460609436035,1.7975808382034302,7.773256301879883,2.580533027648926,4.025924205780029,1.82011878490448,7.7801947593688965,2.6314845085144043,0.002795575885102153,0.20375632541845076,0.002453471068292856,0.13113565589723628,0.002413991605862975,0.10741533670688984,0.0021423976868391037,0.0761191124951343,0.0021981648169457912,0.10370280264694434,0.0027485352475196123,0.13474114441416893,0.0021726510021835566,0.06574056052938887,0.0019360901787877083,0.03835149863760218,0.002786435419693589,0.037509731413001166,-1414.4398142000891,0.913896381855011,1.0387913653951926,0.5087873094296194,-0.5773665051230419,Rene_Magritte_031.jpg,Rene_Magritte,Surrealismo,0
133.07048,127.353195,112.70636,83.78826,80.986946,71.3208,0.0,0.0,0.0,255.0,255.0,255.0,0.18272582,0.15484804,0.5283033,0.3260064,0.3158721625804901,0.33612149953842163,0.394310861825943,0.24999933152220416,0.35332319140434265,0.4120577871799469,3.4110004901885986,2.5021274089813232,6.421598434448242,4.017678260803223,3.412987232208252,2.530937910079956,6.410320281982422,3.998779296875,0.0019350395305082202,0.029316922928558083,0.0019345692126080394,0.07911470607735473,0.0018771677277982235,0.016900627444834882,0.0012091457610949874,0.01883539970225,0.0014777129981666803,0.027065715956145164,0.001759725739248097,0.011940136579250322,0.001838264404796064,0.11894027520779213,0.002582223853096366,0.2357920812965988,0.003004291793331504,0.35446414041263086,-1416.3630086253152,0.7548667192459106,0.27297132076130987,0.5338301707264477,-0.7369775532334717,Rene_Magritte_032.jpg,Rene_Magritte,Surrealismo,0
89.35843,106.958305,123.96859,67.852585,68.747375,63.12564,0.0,0.0,0.0,255.0,255.0,255.0,0.38543913,0.2596135,0.4874079,0.2484831,0.2648259103298187,0.5680643916130066,0.4543845057487488,0.2499996956923425,1.0331473350524902,0.813193678855896,3.0831122398376465,2.6647493839263916,5.265388011932373,3.0867738723754883,2.7795369625091553,1.8897535800933838,5.224681854248047,2.9120681285858154,0.0011582921724766493,0.019007165465095833,0.0011201644083485007,0.018166432213820995,0.0010651065967977047,0.0007308334798663619,0.0017603486776351929,0.17578468436785652,0.0021333571057766676,0.21767847722876738,0.0015132036060094833,0.0668685159134869,0.00198938581161201,0.17392188324248287,0.001997178653255105,0.1589974942852119,0.0016082043293863535,0.06830820291893792,-1418.884550901934,1.3384294509887695,2.178082475967362,0.48018005535791225,-0.6061348906998307,Rene_Magritte_033.jpg,Rene_Magritte,Surrealismo,0
125.42196,133.03094,138.47993,70.85222,72.622574,69.29626,0.0,0.0,0.0,255.0,255.0,255.0,0.20775317,0.14704494,0.5611313,0.27817386,0.2796178162097931,0.3718806505203247,0.37567049264907837,0.24999879953453952,0.6519177556037903,0.6408511400222778,3.602031946182251,2.4010372161865234,6.567596912384033,3.3449859619140625,3.3759169578552246,1.902282476425171,6.564788818359375,3.321270227432251,0.0013685025041922927,0.010988111854454445,0.0018743964610621333,0.09287673870144872,0.001114659826271236,0.04492948933917312,0.0016608352307230234,0.02152861337055398,0.0020070280879735947,0.14870289262164893,0.002396940253674984,0.21649901333204985,0.0021776414941996336,0.008162872406988497,0.0027790179010480642,0.1705250998700486,0.0027917013503611088,0.1848534437117967,-1417.9133757002164,0.9940806031227112,1.4885731302883016,0.5146299364480348,-0.6327014406388877,Rene_Magritte_034.jpg,Rene_Magritte,Surrealismo,0
186.3353,159.01625,113.848145,68.55703,63.53989,53.31777,0.0,0.0,0.0,255.0,255.0,255.0,0.43829516,0.20663807,0.73157716,0.2684131,0.24795538187026978,0.9321871399879456,0.8592061400413513,0.25,1.0790376663208008,1.1806696653366089,4.270708084106445,2.009658098220825,8.061509132385254,2.328963041305542,4.613989353179932,2.605585813522339,8.070075988769531,2.521296501159668,0.002160875592380762,0.06017146513115803,0.0020643360912799835,0.06487523992322457,0.002126184292137623,0.09721305182341651,0.0024358583614230156,0.08935636596289187,0.0024305949918925762,0.1683275751759437,0.0024545679334551096,0.09819065898912348,0.0029352251440286636,0.11887907869481766,0.0029323920607566833,0.10843761996161229,0.0028810526710003614,0.09480230326295586,-1419.0966610680662,0.9756559729576111,1.682801858068151,0.4983162933407267,-0.5988632858803412,Rene_Magritte_035.jpg,Rene_Magritte,Surrealismo,0
151.9777,138.12566,115.447205,70.17538,63.722393,52.708538,0.0,0.0,0.0,255.0,255.0,255.0,0.24774042,0.13716407,0.5994053,0.2707117,0.2513164281845093,0.35704782605171204,0.29675087332725525,0.25,0.4930417239665985,0.4898967742919922,3.6768813133239746,2.0734684467315674,6.954580307006836,3.0745623111724854,3.529242992401123,1.6957380771636963,6.953420162200928,3.0619912147521973,0.0016001206822693348,0.03943665448800237,0.0014467217260971665,0.03667485434975807,0.0014227465726435184,0.007831786313814555,0.002430181484669447,0.08998531154339884,0.0025569230783730745,0.14489730423620026,0.0019310939824208617,0.01983250222178335,0.002852895064279437,0.19965809222869557,0.002674906747415662,0.2932414584773378,0.002415067981928587,0.06455206378986866,-1418.8223550761627,1.1904510259628296,1.4552628214346357,0.4858996662031049,-0.7916841503892292,Rene_Magritte_036.jpg,Rene_Magritte,Surrealismo,0
120.05204,129.59845,137.37645,67.14564,68.50832,63.0983,0.0,0.0,0.0,255.0,255.0,255.0,0.2194157,0.18559554,0.54875034,0.25495282,0.26383665204048157,0.5616106390953064,0.4679340422153473,0.25,0.8890679478645325,0.7570452690124512,3.6756186485290527,2.423844337463379,6.356139183044434,2.833233118057251,3.3178346157073975,2.0457582473754883,6.419838905334473,3.0968570709228516,0.0022222420666366816,0.12150870534971205,0.0022483360953629017,0.09391124871001032,0.0021057985723018646,0.0617586027053719,0.0017893032636493444,0.14649289257298845,0.0014804292004555464,0.046988914411265355,0.0016606226563453674,0.06484348125214998,0.002359837992116809,0.22289357169013616,0.00182262621819973,0.08118335053319574,0.0019713640213012695,0.061225961805208784,-1410.383770498566,0.7544378042221069,0.4694682819527879,0.4872147081782357,-0.5541690178451276,Rene_Magritte_037.jpg,Rene_Magritte,Surrealismo,0
154.52542,101.420425,85.68987,69.14921,80.759224,74.194214,7.0,0.0,0.0,255.0,255.0,255.0,0.56166863,0.3267779,0.63102984,0.25321528,0.2687831521034241,0.23112516105175018,0.42011651396751404,0.25,0.2535129189491272,0.40381529927253723,3.2538750171661377,2.535048246383667,5.836860656738281,3.443666934967041,3.196662425994873,2.407449245452881,5.86884880065918,3.556196928024292,0.0008049893076531589,0.00993089660567604,0.0018305496778339148,0.20724499109044286,0.002053080126643181,0.04832891477248034,0.0009187659015879035,0.026207136337954712,0.0023295884020626545,0.3353035768612282,0.002330256626009941,0.2245643009257247,0.001912573934532702,0.01182146116736929,0.001988270552828908,0.013907601373375636,0.0018185974331572652,0.02470772306488765,-1419.5069400669297,1.311478614807129,3.345539187743573,0.558679833563184,-0.29352002869347465,Rene_Magritte_038.jpg,Rene_Magritte,Surrealismo,0
113.389565,120.11959,117.00711,73.07699,61.336006,55.719215,0.0,0.0,0.0,255.0,255.0,255.0,0.36798224,0.21210387,0.531327,0.24407274,0.2458202987909317,0.4947260320186615,0.40473270416259766,0.24999551549762483,0.7752573490142822,0.6741160750389099,3.09633207321167,2.005216360092163,5.879275798797607,2.910875082015991,3.0736241340637207,1.8186805248260498,5.887537479400635,2.9131855964660645,0.0009016059921123087,0.0001911436763300414,0.0011692249681800604,0.001288994535251305,0.0012988196685910225,0.05047173279094273,0.0016646507428959012,0.017242139828950915,0.0021183043718338013,0.18618374298527213,0.0022447758819907904,0.21943294042688755,0.001870970823802054,0.0022839218761487,0.002573366742581129,0.1781998186585635,0.0024567379150539637,0.2453598647290906,-1419.1681036218674,1.16972017288208,1.860484672465599,0.5297686296505718,-0.6774361825482087,Rene_Magritte_039.jpg,Rene_Magritte,Surrealismo,0
101.0802,86.53565,92.14538,65.45357,64.958595,57.588123,0.0,0.0,0.0,255.0,255.0,255.0,0.27908775,0.18326335,0.4102319,0.24716929,0.2506505846977234,0.24339298903942108,0.2420627325773239,0.2499999013819544,0.2570236623287201,0.31580933928489685,2.4093754291534424,2.072201728820801,4.548070907592773,3.0922088623046875,2.3494532108306885,1.782382845878601,4.5600056648254395,3.1015210151672363,0.0009644214296713471,0.11055544300018127,0.002218405483290553,0.20061277515346038,0.0011682410258799791,0.08517716808308719,0.0012811318738386035,0.1109784142487995,0.001761601073667407,0.13529748385422777,0.001191703137010336,0.02190209104189548,0.0007812478579580784,0.043708213817297746,0.0017648168141022325,0.1826098392353817,0.0015268921852111816,0.005310244079291114,-1418.6146460049856,1.2524664402008057,1.358784756805676,0.5197901386372129,-0.5969718231772367,Rene_Magritte_040.jpg,Rene_Magritte,Surrealismo,0
111.4974,95.467545,84.81838,72.21472,70.09294,51.64297,0.0,0.0,0.0,255.0,255.0,255.0,0.37945163,0.17525767,0.4599686,0.26168448,0.26251035928726196,0.26754918694496155,0.36010000109672546,0.24999522809696506,0.28507229685783386,0.4253542721271515,2.640807628631592,2.104924440383911,4.932201862335205,3.22076153755188,2.7446038722991943,2.5608930587768555,4.931885719299316,3.2133800983428955,0.000995837850496173,0.010592734773391394,0.0009245873661711812,0.020068183120380452,0.000892495852895081,0.009557812410473845,0.001988618867471814,0.1692975419698619,0.001820929697714746,0.07728255887240017,0.0021262075752019882,0.2040014610668653,0.0016961677465587854,0.1664900017189022,0.0017259834567084908,0.1569035409385206,0.0015082481550052762,0.08136495158425486,-1417.9277556487511,1.198053002357483,0.7766580714434043,0.4948023080158862,-0.5820441981625574,Rene_Magritte_041.jpg,Rene_Magritte,Surrealismo,0
142.91457,139.53508,131.97374,57.548523,54.830097,53.500538,0.0,0.0,0.0,255.0,255.0,255.0,0.1776629,0.17902118,0.58302397,0.2068601,0.2151711881160736,0.367122620344162,0.3048274517059326,0.25,0.42063504457473755,0.4040222764015198,3.692176580429077,1.798068881034851,7.015675067901611,2.6862449645996094,3.591607093811035,1.6218185424804688,7.008115768432617,2.6356043815612793,0.002470226725563407,0.07522132360444943,0.0021265316754579544,0.07774390243902439,0.0022724601440131664,0.056319522400244924,0.001962971407920122,0.14755651086845598,0.0018986632348969579,0.023309138687621186,0.0017521202098578215,0.0034984437187468107,0.0026904603000730276,0.2950747525257679,0.0020191131625324488,0.14072226757832432,0.0021465576719492674,0.08109883661598122,-1418.650974316504,0.8835926055908203,0.23295037724033205,0.4833104003326223,-0.6894049596729084,Rene_Magritte_042.jpg,Rene_Magritte,Surrealismo,0
145.95116,122.341644,113.80593,73.80957,59.352654,50.800438,0.0,0.0,0.0,255.0,255.0,255.0,0.2886201,0.17302832,0.5909762,0.27050725,0.24125781655311584,0.36851170659065247,0.3825727701187134,0.24999354885879313,0.4014476537704468,0.4505550265312195,3.4809346199035645,2.0380167961120605,6.423924446105957,2.9890105724334717,3.4129297733306885,1.993466854095459,6.421370029449463,2.9228744506835938,0.001772365067154169,0.01269040451673751,0.0011592857772484422,0.015290500122737432,0.001767804496921599,0.18506866836345784,0.0017305881483480334,0.0853186651335254,0.0018376556690782309,0.1642808232451777,0.002381556201726198,0.1761798943166109,0.0024172114208340645,0.10970465497861785,0.002515199827030301,0.1275920207749254,0.002196383196860552,0.023077867211017945,-1418.4485918816067,0.9302943348884583,1.6442632434388913,0.5068465169278877,-0.7282646701824673,Rene_Magritte_043.jpg,Rene_Magritte,Surrealismo,0
104.66107,99.47118,104.27458,88.42601,84.92724,80.38575,0.0,0.0,0.0,255.0,255.0,255.0,0.25698572,0.21145925,0.44360924,0.33540806,0.3337002694606781,0.36776238679885864,0.37193989753723145,0.25,0.592536449432373,0.6302624344825745,2.770092248916626,2.493830680847168,5.100096225738525,4.066442966461182,2.6943514347076416,2.2593789100646973,5.068735122680664,3.9915719032287598,0.0005376389599405229,0.008791716132436353,0.0025189758744090796,0.3429362880886427,0.0004828342061955482,0.005625906872444269,0.0009428601479157805,0.04215802664556127,0.0028300932608544827,0.23803587917161326,0.0009031823137775064,0.009325946445060018,0.001565567567013204,0.015756496504418942,0.002671545371413231,0.21121883656509696,0.001604441786184907,0.02719957789209867,-1407.1981928319672,1.811938762664795,2.377588203195114,0.5014777345854895,-0.5033569360589686,Rene_Magritte_044.jpg,Rene_Magritte,Surrealismo,0
124.96101,127.43568,133.11128,95.18979,93.27762,90.08932,0.0,0.0,0.0,255.0,255.0,255.0,0.24771197,0.24585412,0.5564201,0.35367605,0.3622600734233856,0.27610161900520325,0.48741528391838074,0.25,0.26020437479019165,0.47527068853378296,3.6271719932556152,2.933802604675293,6.451887130737305,4.66395902633667,3.465425968170166,2.913600206375122,6.474167823791504,4.693441390991211,0.0006470404332503676,0.0,0.0010567645076662302,0.0,0.0006747028091922402,7.529553497477599e-05,0.002067146822810173,0.06239489998243104,0.0028966348618268967,0.14516979143136813,0.0017839804058894515,0.09816027909544964,0.0026322745252400637,0.08242351228572145,0.0033240269403904676,0.3137815927515498,0.0025594558101147413,0.1319428757874658,-1407.4640294841213,1.4776976108551025,1.5666775327925495,0.49095975458043567,-0.2267433653437494,Rene_Magritte_045.jpg,Rene_Magritte,Surrealismo,0
61.282906,83.35583,86.50736,55.38066,60.415997,52.12552,0.0,0.0,0.0,255.0,255.0,255.0,0.41321647,0.16680197,0.35066825,0.2227845,0.22584612667560577,0.2954235374927521,0.27056607604026794,0.24997998727967852,0.34255239367485046,0.3916251063346863,1.9517430067062378,1.5086045265197754,3.839503288269043,2.7894909381866455,2.0504112243652344,1.924511432647705,3.8386690616607666,2.8411011695861816,0.0014843741664662957,0.04442920913509149,0.0015723610995337367,0.09179883297530356,0.0014618569985032082,0.07251093133446075,0.0011009593727067113,0.08879747703277115,0.0005833297618664801,0.01052759876289288,0.0005631340318359435,0.0006886359827536298,0.0010590087622404099,0.10819811996282584,0.0014644807670265436,0.2695583283818578,0.0013861232437193394,0.21428157898746134,-1419.532007933445,0.49176719784736633,0.10518356603691767,0.4941972126728028,-0.6571127760019354,Rene_Magritte_046.jpg,Rene_Magritte,Surrealismo,0
93.57556,86.92189,82.616714,71.5726,58.02366,44.89108,0.0,0.0,0.0,255.0,255.0,255.0,0.39046177,0.16979353,0.4202163,0.2550216,0.23159848153591156,0.27409958839416504,0.3605811893939972,0.24998186928003896,0.2975859045982361,0.3686559498310089,2.4409632682800293,2.208951711654663,4.46891450881958,2.9430248737335205,2.41656231880188,2.152719259262085,4.476534366607666,2.980215072631836,0.0015072835376486182,0.011548596331205026,0.001568557694554329,0.033758994628559844,0.0007026300299912691,0.002032025945069423,0.0012390161864459515,0.09558123036383906,0.0010019764304161072,0.040265531569879394,0.0012349580647423863,0.14948819296645383,0.0012038152199238539,0.1040691192865106,0.0015564661007374525,0.11010438836525793,0.002216702327132225,0.351069220634438,-1418.265173929442,0.7372596263885498,0.40358922561027794,0.50755879548269,-0.445345580544229,Rene_Magritte_047.jpg,Rene_Magritte,Surrealismo,0
127.04686,121.393364,100.33421,62.144524,54.671463,42.237614,0.0,0.0,0.0,255.0,255.0,255.0,0.33487964,0.17240135,0.53224134,0.21700044,0.21149858832359314,0.34850090742111206,0.3122713267803192,0.2500001696703983,0.3563863933086395,0.3842456042766571,3.2501144409179688,2.0577306747436523,6.004772663116455,2.5644612312316895,3.135517120361328,1.6315197944641113,6.003907680511475,2.550969362258911,0.0020697114523500204,0.0973980879541109,0.00199860124848783,0.20424321223709369,0.0019863126799464226,0.17495066921606117,0.0018742234678938985,0.05533919694072658,0.0018755453638732433,0.13540344168260038,0.0018449125345796347,0.11043365200764818,0.00177991040982306,0.01625391969407266,0.0016352800885215402,0.0790057361376673,0.0016377005958929658,0.02844206500956023,-1419.0518862457384,1.0106345415115356,1.3518263273615023,0.49969763677191503,-0.6279429805497135,Rene_Magritte_048.jpg,Rene_Magritte,Surrealismo,0
74.64109,47.897274,20.625149,58.19146,44.62948,24.552376,0.0,0.0,0.0,255.0,219.0,173.0,0.75408673,0.17376405,0.2927117,0.22821663,0.18007926642894745,0.18501968681812286,0.1798025369644165,0.2499963924963925,0.19603927433490753,0.18236799538135529,1.5427290201187134,1.4218926429748535,2.658236026763916,2.2704110145568848,1.70270836353302,1.8692233562469482,2.6699419021606445,2.291883707046509,0.0004092226445209235,0.0,0.0004365316708572209,0.00039058685675227026,0.00042800517985597253,0.0,0.0007815314456820488,0.0016925430459265045,0.000860600033774972,0.06589525762458093,0.00042445366852916777,0.00048823357094033784,0.0018190409755334258,0.45947661361195197,0.001077365828678012,0.14026950493115906,0.0010245717130601406,0.21160042964554243,-1419.5654257797273,1.0666518211364746,0.6740718128093914,0.4478198170858775,-0.36360453931218756,Rene_Magritte_049.jpg,Rene_Magritte,Surrealismo,0
235.56888,229.65364,162.63354,30.27647,42.591957,48.332184,3.0,0.0,0.0,255.0,255.0,255.0,0.3282117,0.16280767,0.9340512,0.1223145,0.15023347735404968,0.13462236523628235,0.28197181224823,0.24980702455753936,0.09498514980077744,0.21651101112365723,5.716699600219727,1.430128574371338,11.10986614227295,1.9894850254058838,5.6775946617126465,1.6728816032409668,11.120065689086914,1.967926263809204,0.0033181391190737486,0.01150364168538561,0.00331498752348125,0.0007714473714065301,0.003253599163144827,0.0,0.003687914926558733,0.21455312776529847,0.00323314405977726,0.12182061579651941,0.003717568702995777,0.00022689628570780296,0.0035300804302096367,0.17493703628071608,0.003423502668738365,0.15308692396705467,0.0034618994686752558,0.00912123068545368,-1419.53322371132,0.9404468536376953,1.598180706489312,0.49650553578475776,-0.18952269875337308,Rene_Magritte_050.jpg,Rene_Magritte,Surrealismo,0
177.65628,105.37879,70.28576,45.191467,53.04435,41.14641,14.0,0.0,0.0,255.0,206.0,185.0,0.6267681,0.16051008,0.6966987,0.1772246,0.1869460791349411,0.10070489346981049,0.14890137314796448,0.25,0.07892881333827972,0.11075387895107269,3.165104389190674,1.5150219202041626,6.119459629058838,2.4113316535949707,3.077817916870117,1.2447984218597412,6.1132659912109375,2.397167444229126,0.0020752979908138514,0.0,0.001630769344046712,0.0,0.0021637994796037674,0.0,0.0021495872642844915,0.06896381741102238,0.001181566040031612,0.0,0.0022266132291406393,0.1536034703736567,0.00205645221285522,0.323868677905945,0.0016214560018852353,0.12146307798481712,0.001911490922793746,0.21675046830326333,-1419.5654257797273,0.624905526638031,0.0,0.5018499177542076,-0.1644668731455069,Rene_Magritte_1.jpg,Rene_Magritte,Surrealismo,0
80.8512,56.203636,21.219059,81.02213,61.16218,26.17751,0.0,0.0,0.0,231.0,195.0,167.0,0.584186,0.35810214,0.31791875,0.31709942,0.24551396071910858,0.20255973935127258,0.3229837119579315,0.25,0.14859093725681305,0.26260969042778015,1.7845081090927124,1.9488290548324585,3.0917983055114746,3.121765375137329,1.7988308668136597,2.0416057109832764,3.1443984508514404,3.3254623413085938,0.0005776391481049359,0.004606625258799172,0.0008080875268206,0.09937888198757763,9.085827332455665e-05,0.0,0.001459192018955946,0.23421325051759834,0.001603947370313108,0.14109730848861285,0.00045630577369593084,0.04648033126293996,0.000782023707870394,5.175983436853002e-05,0.0015905741602182388,0.2833850931677019,0.0008927041199058294,0.08628364389233954,-1419.5654257797273,1.747341513633728,1.4180681772303947,0.4313558818530837,-0.1993102554241285,Rene_Magritte_10.jpg,Rene_Magritte,Surrealismo,0
124.1578,115.20376,77.530655,63.53096,58.380016,46.140476,0.0,0.0,0.0,255.0,235.0,231.0,0.43937463,0.2446411,0.50455034,0.23763917,0.22272974252700806,0.3225930333137512,0.37929126620292664,0.25,0.24168623983860016,0.30217885971069336,3.994749069213867,2.9805190563201904,5.761989116668701,2.7072958946228027,3.2781195640563965,2.1439709663391113,5.732271671295166,2.588306188583374,0.002052080351859331,0.11970222871757398,0.0018069219077005982,0.19802703690171722,0.0018935250118374825,0.19263792473511143,0.0018067964119836688,0.06243149433686518,0.0016787666827440262,0.11276032151991232,0.0017318322788923979,0.11673364998173183,0.0017081759870052338,0.017491779320423822,0.0014625164913013577,0.0623858238947753,0.0015587055822834373,0.019638290098648155,-1419.5654257797273,0.962386429309845,1.1253417290771082,0.49808119047153204,-0.1608676833226549,Rene_Magritte_2.jpg,Rene_Magritte,Surrealismo,0
158.31746,76.574615,62.258778,68.90041,29.655848,21.55355,5.0,0.0,0.0,246.0,242.0,231.0,0.54024744,0.19669934,0.6214863,0.26905873,0.1570311337709427,0.0980299785733223,0.20132970809936523,0.25,0.0752497985959053,0.136176198720932,2.743786096572876,1.380264163017273,4.983339309692383,1.9887890815734863,2.5676329135894775,1.1385282278060913,4.959254741668701,1.9440428018569946,0.0019468088867142797,0.4032569549558954,0.001152251148596406,0.12698992640534473,0.0018672257428988814,0.1460932198966543,0.001716133556328714,0.07782243332115454,0.0005683189374394715,0.0,0.0017851634183898568,0.049376272248029644,0.0017355966847389936,0.02014718931050681,0.0011715588625520468,0.00020877916383944882,0.0017853934550657868,0.008403361344537815,-1419.5654257797273,0.37257203459739685,0.0,0.49636357845898615,-0.16713192765867682,Rene_Magritte_3.jpg,Rene_Magritte,Surrealismo,0
76.288025,100.54512,152.17958,34.86121,33.7046,32.88501,0.0,0.0,31.0,208.0,220.0,255.0,0.51525164,0.14398335,0.5967819,0.12895557,0.1307959109544754,0.11629271507263184,0.15916793048381805,0.25,0.09171523153781891,0.1358066350221634,2.5019116401672363,1.0243258476257324,4.932264804840088,1.730432391166687,2.539057970046997,1.2691764831542969,4.929008483886719,1.6986305713653564,0.001184777356684208,0.0,0.0010932456934824586,0.01320575233618712,0.0010473679285496473,0.0,0.0021410395856946707,0.4286273851491243,0.0018453618977218866,0.291030160595378,0.0016133866738528013,0.041407867494824016,0.001623539486899972,0.0385540820323429,0.001544079277664423,0.020424150858933468,0.0016306431498378515,0.06776341558950255,-1419.5654257797273,1.2102028131484985,2.9070298922098,0.4824859651796073,-0.12490807064510792,Rene_Magritte_4.jpg,Rene_Magritte,Surrealismo,0
72.84517,65.94754,45.647263,71.531044,67.94539,61.27621,0.0,0.0,0.0,245.0,231.0,228.0,0.46893558,0.31877327,0.30862862,0.3029866,0.2610156834125519,0.31107866764068604,0.4816250503063202,0.25,0.29099202156066895,0.5059488415718079,2.0906822681427,2.546963691711426,3.456909656524658,3.408729076385498,2.140191078186035,2.4516656398773193,3.493565082550049,3.513526439666748,0.00045806472189724445,0.04145836489420795,0.0005516383680514991,0.06877745796091501,0.000529018696397543,0.04256930768065444,0.0003152258286718279,0.027420087865474927,0.0011328739346936345,0.17628642124930566,0.0014442479005083442,0.1618441650255012,0.0016595333581790328,0.1529566227339292,0.0013027451932430267,0.06953491895167399,0.0016641148831695318,0.15033075796596476,-1419.5654257797273,1.1256754398345947,1.780314870070162,0.5348896234279009,-0.16425212845983195,Rene_Magritte_5.jpg,Rene_Magritte,Surrealismo,0
86.23574,102.33252,119.98222,47.147503,57.09693,62.28951,0.0,0.0,0.0,227.0,238.0,255.0,0.27033168,0.114763945,0.4708637,0.24380858,0.21342623233795166,0.10671382397413254,0.14264126121997833,0.25,0.08417942374944687,0.12661975622177124,2.507981538772583,1.4170054197311401,4.953390121459961,2.7198970317840576,2.5977821350097656,1.6487929821014404,4.947662353515625,2.686823606491089,0.0006407018518075347,0.0002781125428756837,0.000796728883869946,0.0015296189858162604,0.00044668998452834785,0.0,0.0017630407819524407,0.12445536293686846,0.0024041100405156612,0.45346250115880227,0.0015562257030978799,0.002873829609715398,0.0021433192305266857,0.16510614628719755,0.001985715003684163,0.10980810234541578,0.002034715609624982,0.048855103365161766,-1419.5654257797273,1.571161150932312,4.502761136195603,0.4866549207437593,-0.17179363867920708,Rene_Magritte_6.jpg,Rene_Magritte,Surrealismo,0
151.08714,90.72908,69.62185,56.333355,49.730633,35.040672,0.0,0.0,0.0,255.0,227.0,218.0,0.5521274,0.15440267,0.5926055,0.22092442,0.18531939387321472,0.19140996038913727,0.2989952862262726,0.25,0.1661079227924347,0.23760074377059937,2.9292235374450684,1.9543907642364502,5.328243732452393,2.3589274883270264,2.9019622802734375,1.7455483675003052,5.351974010467529,2.336648464202881,0.0018796039512380958,0.17524401064773737,0.0017902145627886057,0.09913240658582273,0.0018222415819764137,0.22039830424923593,0.0018271839944645762,0.14911761806171744,0.0013705227756872773,0.0005915409642117716,0.0015930887311697006,0.17184265010351968,0.0016614031046628952,0.022232081238292418,0.0012267085257917643,0.011978704525288377,0.0015685552498325706,0.05136547372572217,-1419.5654257797273,0.8368405103683472,0.005902929013051289,0.4893004072190948,-0.16296183760839195,Rene_Magritte_7.jpg,Rene_Magritte,Surrealismo,0
39.235092,54.674484,113.20123,35.30148,47.95912,88.20673,0.0,0.0,0.0,159.0,208.0,255.0,0.54099166,0.3272302,0.4441678,0.34566638,0.18983829021453857,0.1395363062620163,0.2402106076478958,0.25000353331920006,0.10606109350919724,0.19477835297584534,2.0226645469665527,2.2543771266937256,2.8808515071868896,2.2733592987060547,1.5353357791900635,1.2750872373580933,2.9171721935272217,2.3305585384368896,0.001376102794893086,0.06486210418794688,0.0006405591266229749,0.03626149131767109,0.0013285194290801883,0.04021961184882533,0.0015368396416306496,0.325076608784474,0.00015059350698720664,0.04226251276813075,0.0015548834344372153,0.276046986721144,0.000746102596167475,0.07469356486210418,2.887996970457607e-06,0.0,0.000544800132047385,0.0437946884576098,-1419.5654257797273,0.17196758091449738,0.42111955091338016,0.4900717057333323,-0.07380982423614836,Rene_Magritte_8.jpg,Rene_Magritte,Surrealismo,0
164.47556,156.83267,155.8722,35.49162,37.84841,45.24741,6.0,0.0,0.0,255.0,240.0,240.0,0.20562422,0.18061721,0.6918604,0.117118165,0.1413506269454956,0.22810733318328857,0.3504359722137451,0.25,0.18200786411762238,0.29646873474121094,4.125639915466309,1.3838995695114136,7.923099994659424,1.9293591976165771,4.128283977508545,1.5006961822509766,7.901566982269287,1.8394649028778076,0.0027648129034787416,0.3498447204968944,0.0022484008222818375,0.08436853002070394,0.002695744624361396,0.35698757763975153,0.0026498616207391024,0.029917184265010353,0.002223390620201826,0.03084886128364389,0.002635788172483444,0.02789855072463768,0.0023233576212078333,0.0,0.0022015292197465897,0.015786749482401656,0.002261559711769223,0.002536231884057971,-1419.5654257797273,0.9093813300132751,0.3091107856000787,0.49621800822213513,-0.16520560298330728,Rene_Magritte_9.jpg,Rene_Magritte,Surrealismo,0
109.115295,100.13576,45.42646,73.43027,76.27158,67.86808,0.0,0.0,0.0,244.0,253.0,238.0,0.6552594,0.3261032,0.43682542,0.29667914,0.283039927482605,0.23200839757919312,0.26550233364105225,0.25,0.162278413772583,0.19151315093040466,2.6785647869110107,2.0823824405670166,4.8972039222717285,3.6722822189331055,2.7464089393615723,2.2458300590515137,4.873252868652344,3.583364963531494,0.0016920139314606786,0.15392105720744217,0.0017901611281558871,0.1922796035472092,0.002271355362609029,0.5353851504086246,0.0006075775600038469,0.0003477656059815684,0.000768089375924319,0.01728395061728395,0.0006293660844676197,0.0010780733785428621,0.0017474278574809432,0.0009041905755520779,0.0021539460867643356,0.000869414014953921,0.001703294343315065,0.0,-1419.5654257797273,0.5172968506813049,0.17244302223393657,0.5131988342318687,-0.13585396910900305,Salvador_Dali_001.jpg,Salvador_Dali,Surrealismo,0
83.3068,108.95677,69.84174,47.432602,42.13184,45.00318,13.0,25.0,0.0,252.0,252.0,252.0,0.40236557,0.13763057,0.42796272,0.16551362,0.17076565325260162,0.11064870655536652,0.1080043762922287,0.25,0.0606643371284008,0.06903696805238724,2.436739444732666,1.2582801580429077,4.811257839202881,2.2169554233551025,2.439500331878662,1.3184131383895874,4.812104225158691,2.262697458267212,0.0015928286593407393,0.0004616053003149777,0.0021516368724405766,0.2684642120125991,0.0026271732058376074,0.6055039643749321,0.0010308567434549332,0.0001086130118388183,0.0014648804208263755,0.0001086130118388183,0.0016028514364734292,0.022903768871510806,0.0009235871257260442,0.000570218312153796,0.0010080605279654264,0.0012897795155859672,0.0010015952866524458,0.000855327468230694,-1419.5654257797273,0.9836134910583496,0.001085808970021549,0.5434929566247255,-0.29304115508574574,Salvador_Dali_002.jpg,Salvador_Dali,Surrealismo,0
55.53393,37.303905,23.539082,49.34586,28.990685,21.605757,0.0,0.0,0.0,239.0,202.0,189.0,0.48960382,0.18807279,0.2188638,0.19269949,0.12912555038928986,0.13639667630195618,0.18692712485790253,0.25,0.09905720502138138,0.14179013669490814,1.218765377998352,1.3568512201309204,2.0851616859436035,1.7286967039108276,1.179600715637207,1.2521263360977173,2.0832924842834473,1.751009464263916,0.0007018987671472132,0.10425925925925926,0.0006082590552978218,0.11055555555555556,0.0004723742895293981,0.06959876543209877,0.0005758542683906853,0.11098765432098766,0.0010002339258790016,0.2745679012345679,0.0005492299096658826,0.028425925925925927,0.000389756984077394,0.018919753086419754,0.0006196775939315557,0.09592592592592593,0.0007885010563768446,0.09012345679012346,-1419.5654257797273,1.5776903629302979,2.7354536206709232,0.5082361799717934,-0.17279116111027104,Salvador_Dali_003.jpg,Salvador_Dali,Surrealismo,0
106.600746,151.69505,132.85835,48.19422,36.236855,28.514544,7.0,33.0,24.0,214.0,229.0,209.0,0.37682745,0.15766168,0.60665005,0.12823561,0.14836159348487854,0.1847781091928482,0.14891298115253448,0.25,0.15344344079494476,0.15027424693107605,3.405569553375244,1.213037371635437,6.757403373718262,1.919285774230957,3.5414154529571533,1.8765162229537964,6.756389141082764,1.9205256700515747,0.0020210188813507557,0.06468838476149517,0.002484407275915146,0.0770168082285059,0.002088889479637146,0.12167150485610866,0.001959133194759488,0.0043364512776403975,0.0018873038934543729,0.03938644590187435,0.0017673728289082646,0.11815933770562305,0.0021929610520601273,0.16503601763251263,0.0022861764300614595,0.15492957746478872,0.0021483369637280703,0.1554671540694549,-1419.5654257797273,0.9017845392227173,0.39356195335268485,0.4949171688461408,-0.13958783907627548,Salvador_Dali_004.jpg,Salvador_Dali,Surrealismo,0
79.81945,84.84377,117.457985,36.111633,31.42756,47.922276,21.0,26.0,13.0,255.0,246.0,255.0,0.32309613,0.20642291,0.47904873,0.19531132,0.1263861060142517,0.12974050641059875,0.19702354073524475,0.25,0.08248815685510635,0.1361284703016281,2.2970738410949707,1.4024035930633545,4.327737331390381,1.7072701454162598,2.242361545562744,1.231722354888916,4.334187984466553,1.8415307998657227,0.0010465160012245178,0.033712076379847716,0.00138748565223068,0.04306229534067148,0.0010667742462828755,0.012585315816467432,0.001409615739248693,0.050775239673334124,0.0017610413488000631,0.2642521797451375,0.0013480702182278037,0.004576478478715429,0.0014383167726919055,0.1986231112163175,0.001352769322693348,0.18465696137609974,0.0012443078448995948,0.10888862587288436,-1419.5654257797273,1.3147563934326172,2.639201172425687,0.4932600295279298,-0.26094704189193624,Salvador_Dali_005.jpg,Salvador_Dali,Surrealismo,0
94.88349,94.99897,55.056202,31.428377,37.585682,38.458412,7.0,18.0,0.0,233.0,226.0,209.0,0.5407277,0.18858215,0.42453945,0.13264033,0.12375026941299438,0.20257824659347534,0.1578361541032791,0.25,0.19941364228725433,0.20638273656368256,2.26822566986084,1.0792618989944458,4.49046516418457,1.6702789068222046,2.276954412460327,1.1408056020736694,4.490290641784668,1.593355655670166,0.0012801960110664368,0.2081021087680355,0.0015105584170669317,0.12482658157602664,0.0009290644084103405,0.0029827968923418426,0.0015446923207491636,0.14404134295227525,0.001594056375324726,0.13457269700332963,0.001225904794409871,0.05230299667036626,0.001475689234212041,0.10696448390677026,0.0015986053040251136,0.09610849056603774,0.001354832318611443,0.030105438401775805,-1419.5654257797273,1.1464650630950928,1.345716463371508,0.47891019530779927,-0.14727213476986445,Salvador_Dali_006.jpg,Salvador_Dali,Surrealismo,0
112.209236,117.73312,72.08147,38.30542,45.61714,54.41988,36.0,24.0,0.0,225.0,237.0,212.0,0.45671088,0.21051425,0.47069713,0.17381725,0.1717754751443863,0.14819981157779694,0.12626177072525024,0.25,0.11702931672334671,0.12661944329738617,2.777327537536621,1.321172833442688,5.506805419921875,2.2369933128356934,2.771620750427246,1.321452260017395,5.506354331970215,2.247462749481201,0.0012762962142005563,0.0,0.0025013054255396128,0.19905397296057045,0.002708118176087737,0.449539341311024,0.0011324717197567225,0.0,0.001845890306867659,0.120230152846906,0.0019551527220755816,0.13544424441385153,0.0011565308086574078,0.0,0.0013126973062753677,0.00028239613117300293,0.001472637290135026,0.0,-1419.5654257797273,1.08149254322052,1.1962535395129763,0.5597700975714377,-0.12414571086880867,Salvador_Dali_007.jpg,Salvador_Dali,Surrealismo,0
118.17964,145.24374,131.97687,42.968517,41.86153,46.301132,9.0,25.0,3.0,227.0,248.0,234.0,0.24866042,0.12217541,0.5723137,0.16082393,0.1637265533208847,0.23808887600898743,0.19661642611026764,0.25,0.23580722510814667,0.22300928831100464,3.394261598587036,1.2148630619049072,6.7361955642700195,2.1122071743011475,3.4976863861083984,1.8257851600646973,6.736677646636963,2.0797910690307617,0.0021686458494514227,0.01784037558685446,0.0025153481401503086,0.2216871119188248,0.002519752597436309,0.28535514160230196,0.0016044604126363993,0.006966530364985612,0.002386694075539708,0.1456913524155687,0.0024206845555454493,0.1504164773587763,0.0015843692235648632,0.02747236104800848,0.001676043146289885,0.018809631985461154,0.0018911416409537196,0.027230046948356807,-1419.5654257797273,1.1445614099502563,1.4545392002572055,0.5282452338052636,-0.15278186611086,Salvador_Dali_008.jpg,Salvador_Dali,Surrealismo,0
84.36825,107.165016,100.98788,41.849194,31.692514,33.589466,8.0,19.0,0.0,255.0,246.0,237.0,0.3503398,0.15168132,0.44851473,0.13652353,0.12901106476783752,0.3023805618286133,0.252960205078125,0.25,0.24225173890590668,0.23915879428386688,2.553253412246704,1.3745132684707642,4.951560974121094,1.8905003070831299,2.7654967308044434,2.107013463973999,4.956090927124023,1.9229910373687744,0.0012110169045627117,0.0033037732568249,0.001568082021549344,0.0782969421467074,0.0014204822946339846,0.014233549444817051,0.0014391219010576606,0.06729264475743349,0.0017469789599999785,0.17100131654122264,0.0016465445514768362,0.11399259756067268,0.0014883154071867466,0.0904190575552078,0.0017715173307806253,0.2773430707703008,0.0014920990215614438,0.07837146334798917,-1419.5654257797273,1.1406360864639282,1.720999826794275,0.5130877104459189,-0.2069048298748666,Salvador_Dali_009.jpg,Salvador_Dali,Surrealismo,0
85.92105,72.86284,61.31119,56.544228,49.259953,40.50417,2.0,0.0,0.0,255.0,244.0,241.0,0.314939,0.17908294,0.34574512,0.22185826,0.19364574551582336,0.2844635546207428,0.2890946567058563,0.25,0.22453154623508453,0.2569632828235626,2.2337357997894287,1.9337540864944458,3.8057336807250977,2.6422743797302246,2.1134681701660156,1.7250726222991943,3.7879278659820557,2.5945730209350586,0.001195531222037971,0.017746478873239435,0.0016527267871424556,0.2000670690811536,0.001004913472570479,0.018739101274312542,0.0014786316314712167,0.17569416498993964,0.0008855574997141957,0.11364185110663984,0.0016780594596639276,0.2682360831656606,0.0010238297982141376,0.060751173708920185,0.000531436235178262,0.006264252179745138,0.000991686712950468,0.03967806841046278,-1419.5654257797273,0.763231635093689,1.1353861513807646,0.494760959133475,-0.3397999362158047,Salvador_Dali_010.jpg,Salvador_Dali,Surrealismo,0
71.21884,87.23369,52.92719,37.7843,37.422375,26.294596,8.0,18.0,0.0,206.0,218.0,201.0,0.39513925,0.10235888,0.3433104,0.14792337,0.14009010791778564,0.16259987652301788,0.13549301028251648,0.25,0.14792710542678833,0.14993038773536682,2.02345609664917,1.268865942955017,3.9039649963378906,1.8352179527282715,1.9873236417770386,1.1150530576705933,3.9119951725006104,1.8804562091827393,0.0007485597161576152,0.0013048317150861572,0.0011334525188431144,0.046666922516022565,0.001128008821979165,0.05783474690102468,0.0012878067791461945,0.049033529058090594,0.0015362704871222377,0.1628481150298704,0.001141715794801712,0.10364457407478476,0.0010939749190583825,0.012165636873009172,0.0011424972908571362,0.06914328843177138,0.0016599560622125864,0.39710378529122053,-1419.5654257797273,1.2717081308364868,1.6289417428236634,0.5249148933549657,-0.40449984190843075,Salvador_Dali_011.jpg,Salvador_Dali,Surrealismo,0
48.06376,56.94894,68.48512,41.46891,51.43359,57.379173,0.0,0.0,0.0,255.0,255.0,255.0,0.47215393,0.22028944,0.31267953,0.24198003,0.1790206879377365,0.3789801001548767,0.43391308188438416,0.25,0.34848153591156006,0.4254246950149536,1.6564744710922241,1.8441760540008545,2.823625087738037,2.287250280380249,1.8400317430496216,2.084911346435547,2.8496949672698975,2.4186692237854004,0.0007613314082846045,0.040670731707317075,0.0007873598951846361,0.032312382739212005,0.0006572018610313535,0.02053470919324578,0.0005285609513521194,0.034929643527204506,0.0010193822672590613,0.15628517823639776,0.00148901273496449,0.3134568480300188,0.0005607971688732505,0.03284240150093808,0.0007990083540789783,0.12056285178236398,0.0010928366100415587,0.14852251407129455,-1419.1947970882877,1.1921700239181519,1.5626480290555727,0.560043346992749,-0.4276521383474601,Salvador_Dali_012.jpg,Salvador_Dali,Surrealismo,0
91.32283,81.10502,58.66328,59.798485,44.507957,34.098667,0.0,2.0,0.0,255.0,255.0,247.0,0.349831,0.22359581,0.3789695,0.22495268,0.1799653172492981,0.2595691680908203,0.2883179187774658,0.25,0.22948844730854034,0.26188039779663086,2.251101493835449,1.7647669315338135,4.1092119216918945,2.5349419116973877,2.270545482635498,1.849202036857605,4.096722602844238,2.4092652797698975,0.001052191248163581,0.04636772341943297,0.001564030535519123,0.1490900645332537,0.0012120141182094812,0.08183612866835879,0.0010002570925280452,0.11131571525738648,0.0016136293997988105,0.19738217289603344,0.0009122294140979648,0.016340682493073872,0.0013358785072341561,0.15164485144080028,0.001480483217164874,0.08480565371024736,0.001120220054872334,0.06040246188556545,-1419.5654257797273,1.2862132787704468,1.9756095583576405,0.4948759520172009,-0.303301857935075,Salvador_Dali_013.jpg,Salvador_Dali,Surrealismo,0
140.50368,125.03975,110.36358,58.54609,60.838257,58.164494,0.0,0.0,0.0,255.0,255.0,255.0,0.37691608,0.22071454,0.59825706,0.22265445,0.2208612561225891,0.2912537455558777,0.27647027373313904,0.25,0.44478750228881836,0.3916993737220764,3.3612494468688965,1.7281841039657593,6.471170425415039,2.944467067718506,3.5594048500061035,2.073378086090088,6.414688587188721,2.7021079063415527,0.002340254606679082,0.05982307085924499,0.002536313608288765,0.05741438206183761,0.002166756894439459,0.04887448541648419,0.0018959356239065528,0.11682140667425768,0.0019396806601434946,0.20782604887448541,0.001844078185968101,0.061574844530086714,0.0019473274005576968,0.17780502759043532,0.0017508536111563444,0.12728825435753702,0.0013048318214714527,0.04375054742927214,-1418.868078769464,0.9848248958587646,2.0755434690625023,0.4790110656000144,-0.1891820517621217,Salvador_Dali_014.jpg,Salvador_Dali,Surrealismo,0
58.146076,41.448673,34.26475,43.25648,30.547731,25.611025,0.0,0.0,0.0,255.0,255.0,255.0,0.37637407,0.23150033,0.23081605,0.17006692,0.12760639190673828,0.3047908842563629,0.34813252091407776,0.25,0.311354398727417,0.41859617829322815,1.345803141593933,1.3384857177734375,2.3124799728393555,1.6728966236114502,1.3839818239212036,1.3806328773498535,2.3118350505828857,1.6631101369857788,0.0007443828508257866,0.07518796992481203,0.000626527180429548,0.06986729117876658,0.0006453008390963078,0.048974896257036035,0.0008400010992772877,0.17946505608283003,0.0007010050467215478,0.08839722256460825,0.0009449660428799689,0.20405522001725626,0.000566018046811223,0.0719010641357492,0.00040942771011032164,0.019146226221290932,0.0008384458487853408,0.1437404987879535,-1419.522827040951,0.9988728165626526,0.8832503792925792,0.5175795256008375,-0.27615367608922975,Salvador_Dali_015.jpg,Salvador_Dali,Surrealismo,0
134.4462,134.84407,134.10873,74.78014,76.30857,74.199715,15.0,13.0,16.0,254.0,255.0,255.0,0.03054137,0.030361662,0.5328379,0.29574555,0.29651448130607605,0.25460872054100037,0.2923354506492615,0.2499981978085352,0.1756332963705063,0.21311186254024506,3.519986867904663,2.227764844894409,6.724033832550049,3.8038320541381836,3.6490678787231445,2.412731409072876,6.733795642852783,3.892057418823242,0.002278015250340104,0.03703884204883279,0.0020281916949898005,0.05591565540880809,0.0030587746296077967,0.4861672921032539,0.0016628490993753076,0.0002436765924265315,0.0012504737824201584,0.0,0.0013742399169132113,0.029566093214419158,0.0024822084233164787,0.09324690936855272,0.00202403892762959,0.008366229673310915,0.0024592310655862093,0.1645791705248794,-1419.515477235255,0.604479193687439,0.0,0.5138129429258522,-0.29238358955402655,Salvador_Dali_016.jpg,Salvador_Dali,Surrealismo,0
104.21789,100.0397,92.89334,56.987705,64.92057,59.831207,0.0,0.0,0.0,255.0,255.0,252.0,0.3446155,0.20430495,0.45397544,0.2301809,0.2359524369239807,0.2759559750556946,0.2647590637207031,0.25,0.19690312445163727,0.21331815421581268,2.65712308883667,2.047708034515381,5.030201435089111,3.149637222290039,2.798827886581421,2.144632577896118,5.0390191078186035,3.1494245529174805,0.0020513716153800488,0.06313318507536447,0.0022130815777927637,0.27691808747220165,0.0020172016229480505,0.1236872992340005,0.0013386299833655357,0.015891401037805782,0.00170593848451972,0.1195021003212256,0.002053104341030121,0.29815295280454657,0.0008811863954178989,0.0020539906103286387,0.0009217705810442567,0.002903385223622436,0.0007303657475858927,0.0007412898443291327,-1419.5654257797273,1.1035529375076294,1.1910722260785398,0.5130048339985394,-0.25891918126169927,Salvador_Dali_017.jpg,Salvador_Dali,Surrealismo,0
109.77834,109.85181,109.89217,74.066795,74.91907,74.03809,8.0,7.0,7.0,254.0,255.0,255.0,0.02402535,0.030269261,0.4342147,0.2922225,0.2924017608165741,0.46315333247184753,0.4446249306201935,0.24999650447427293,0.3450053334236145,0.37393108010292053,3.199533224105835,2.614638328552246,5.548715114593506,3.833008050918579,3.457291603088379,2.8459627628326416,5.723835468292236,4.135867118835449,0.0014938393142074347,0.025238680404575102,0.0018425489543005824,0.13879698774301288,0.002895901445299387,0.5172196489901377,0.0019583404064178467,0.09871758515297602,0.0011233552359044552,0.01269811261303841,0.0018894238164648414,0.04521536377099285,0.0013463901123031974,0.009673252040205438,0.000979214091785252,0.0036235308945394965,0.0016576697817072272,0.043765951413177046,-1419.4832096097493,0.6657238602638245,0.1276977655618435,0.5351730231483546,-0.1409909189980316,Salvador_Dali_018.jpg,Salvador_Dali,Surrealismo,0
145.27847,95.1114,38.66496,45.19025,51.039803,44.86495,6.0,0.0,0.0,255.0,234.0,220.0,0.75386333,0.23247838,0.56996685,0.177199,0.17846687138080597,0.2704750895500183,0.24320916831493378,0.25,0.2505405843257904,0.25669246912002563,2.7347147464752197,1.7354713678359985,5.158714294433594,2.380547523498535,2.821770191192627,1.7366583347320557,5.159440040588379,2.350271701812744,0.0020608482882380486,0.3422505683999173,0.001807086868211627,0.21203531461304514,0.0019402247853577137,0.04780464759205126,0.00161875004414469,0.17111052056574247,0.001596981193870306,0.06041279121268491,0.0017962980782613158,0.04922195647680633,0.001267865882255137,0.0041928721174004195,0.0011772720608860254,0.0005905453686479464,0.0010984138352796435,0.015472288658576194,-1419.5654257797273,1.000626564025879,0.6020597732517166,0.4979673112819566,-0.15021795526308968,Salvador_Dali_019.jpg,Salvador_Dali,Surrealismo,0
99.49877,109.0905,86.659355,44.840393,41.31848,35.2571,22.0,35.0,0.0,241.0,244.0,235.0,0.38347027,0.14121528,0.46760026,0.15130517,0.15346872806549072,0.191147118806839,0.1885034590959549,0.25,0.15365907549858093,0.16626578569412231,2.6536428928375244,1.4908289909362793,5.152757167816162,2.0447356700897217,2.6165919303894043,1.2429990768432617,5.150947570800781,2.036083698272705,0.0013590751914307475,0.013139238113243218,0.001420967048034072,0.09559819768724202,0.001141661312431097,0.0004096165359044648,0.001458034268580377,0.05674764470491855,0.0017106614541262388,0.09016290134543277,0.0013162269024178386,0.04798815262942307,0.0020428358111530542,0.06829568012099442,0.0022410904057323933,0.45450105555030407,0.001646948978304863,0.07193496549768409,-1419.5654257797273,1.073817253112793,0.9028553496519546,0.480304385658901,-0.34740971736845944,Salvador_Dali_020.jpg,Salvador_Dali,Surrealismo,0
68.86847,62.30604,52.631596,77.479034,69.06941,51.9336,0.0,0.0,0.0,255.0,255.0,255.0,0.3835787,0.17517477,0.29099232,0.2912923,0.2712761163711548,0.16229617595672607,0.2531825602054596,0.25000161420500405,0.11714527755975723,0.1771615445613861,1.968854546546936,2.928342342376709,3.1557741165161133,3.399557590484619,1.777431845664978,2.128002882003784,3.16090989112854,3.3866562843322754,0.0004696934192907065,0.032496350364963504,0.0005205607158131897,2.9197080291970804e-05,0.00026524541317485273,0.0,0.0009927537757903337,0.022306569343065692,0.0009091726969927549,0.00581021897810219,0.00022579751384910196,0.00014598540145985403,0.0015454896492883563,0.14157664233576642,0.0018963618203997612,0.3640875912408759,0.0019356533885002136,0.3376642335766423,-1419.5654257797273,0.9339942932128906,0.05783762260916905,0.47309139010627566,-0.3553620236366941,Salvador_Dali_021.jpg,Salvador_Dali,Surrealismo,0
125.50759,68.41277,43.133278,49.060596,48.396694,44.38304,21.0,1.0,0.0,255.0,240.0,241.0,0.68045187,0.20206477,0.49227703,0.19251712,0.1792559176683426,0.23338575661182404,0.2482927292585373,0.25,0.2113250494003296,0.2506673038005829,2.1704726219177246,1.694292426109314,4.103157997131348,2.3416998386383057,2.259580135345459,1.9455320835113525,4.107646465301514,2.346529722213745,0.0019504635129123926,0.2676056338028169,0.002065295120701194,0.28427230046948354,0.0016202578553929925,0.24694835680751173,0.0011296779848635197,0.01935315597287428,0.0010463696671649814,0.023161189358372455,0.0007475002203136683,0.016484089723526343,0.0011034106137230992,0.007642149191444966,0.0008927058079279959,0.010772039645279083,0.0008699613390490413,0.023161189358372455,-1419.5654257797273,0.8242208361625671,0.23176635444326243,0.4720591370292655,-0.15727268480820394,Salvador_Dali_022.jpg,Salvador_Dali,Surrealismo,0
87.0771,110.90908,68.51538,39.94666,36.101128,37.78557,0.0,13.0,0.0,245.0,242.0,236.0,0.44646612,0.14904325,0.43809152,0.1422979,0.14218825101852417,0.37980762124061584,0.28707757592201233,0.25,0.3562778830528259,0.3398281931877136,2.4901070594787598,1.2867940664291382,4.916035175323486,1.9741750955581665,2.7175776958465576,1.9618741273880005,4.917326927185059,1.987978219985962,0.0011290247784927487,3.129890453834116e-05,0.001046293880790472,0.01815336463223787,0.0012913956306874752,0.007480438184663537,0.0014403689419850707,0.048137715179968704,0.001715344376862049,0.1550547730829421,0.0015935780247673392,0.07311424100156494,0.0014898437075316906,0.04785602503912363,0.0022441197652369738,0.4495148669796557,0.0017470085294917226,0.10303599374021909,-1419.5654257797273,1.1271097660064697,1.5464602529622127,0.5124753469332411,-0.17574024680350187,Salvador_Dali_023.jpg,Salvador_Dali,Surrealismo,0
139.64128,96.09307,76.24723,38.53263,44.300865,44.716293,15.0,4.0,0.0,249.0,230.0,228.0,0.47069108,0.25699413,0.55104446,0.14830321,0.15522511303424835,0.23703518509864807,0.2082538902759552,0.25,0.22834260761737823,0.23430189490318298,2.774289846420288,1.539013147354126,5.311375141143799,2.041555404663086,2.753938674926758,1.4663420915603638,5.311286926269531,2.074369192123413,0.0013086018152534962,0.026283966424811494,0.001944093150086701,0.07109830701379997,0.0016484535299241543,0.030125195618153366,0.001847501378506422,0.10332195191350121,0.0023648289497941732,0.5049793711765542,0.001887970371171832,0.15395148669796557,0.0012288555735722184,0.0030587565798833403,0.0012292835162952542,0.004730402617726562,0.0013462421484291553,0.006099729691278987,-1419.5654257797273,1.4374966621398926,5.029400845176641,0.5098675651181257,-0.2647923386203822,Salvador_Dali_024.jpg,Salvador_Dali,Surrealismo,0
91.85358,79.04823,33.711697,40.178356,30.805437,20.53347,7.0,11.0,0.0,222.0,195.0,153.0,0.5720598,0.26807404,0.36975625,0.15178025,0.11578168720006943,0.16574062407016754,0.13968905806541443,0.25,0.15852268040180206,0.1638844609260559,1.9558484554290771,1.0166120529174805,3.8704731464385986,1.550657868385315,1.997087836265564,1.0301382541656494,3.864874839782715,1.5749255418777466,0.0008855698397383094,0.028169014084507043,0.001142843160778284,0.17996870109546165,0.0007489783456549048,0.021735350373848026,0.0012894835090264678,0.0595113893235959,0.001603990327566862,0.4051904016692749,0.0014848209684714675,0.08215962441314555,0.0011888149892911315,0.039601808381151106,0.0011457722866907716,0.06090245174752217,0.0012663700617849827,0.028560250391236306,-1419.5654257797273,1.3420350551605225,4.025963030417391,0.503981892606317,-0.12185140340812593,Salvador_Dali_025.jpg,Salvador_Dali,Surrealismo,0
119.329666,153.62624,140.62126,57.376453,50.949318,58.546196,0.0,17.0,0.0,255.0,255.0,249.0,0.31504956,0.18184763,0.61023283,0.1999038,0.20544445514678955,0.2598629295825958,0.26419827342033386,0.25,0.1616496592760086,0.18224278092384338,3.650928497314453,1.766757845878601,7.071460723876953,2.907412528991699,3.7201857566833496,1.930120587348938,7.059957981109619,2.71506929397583,0.0024433983489871025,0.008276821422361328,0.002845056587830186,0.16670144322726482,0.0021420572884380817,0.05588593288123805,0.0027326748240739107,0.18730655538167276,0.0024129014927893877,0.15825073900191272,0.002509597921743989,0.2745957224830464,0.0015853019431233406,0.01100678142931664,0.0012955772690474987,0.01519735698139454,0.0016868140082806349,0.02215266910102591,-1419.5654257797273,1.1049507856369019,1.5836086809233771,0.49108456946013873,-0.25764282461030175,Salvador_Dali_026.jpg,Salvador_Dali,Surrealismo,0
82.33224,88.630775,79.61319,39.7547,33.776928,29.987654,1.0,8.0,0.0,250.0,241.0,220.0,0.29125893,0.14938517,0.37745437,0.14014181,0.13184213638305664,0.3702743947505951,0.28281185030937195,0.25,0.4114806056022644,0.393120139837265,2.2591962814331055,1.41200852394104,4.286376953125,1.8303349018096924,2.2594213485717773,1.4500995874404907,4.2705769538879395,1.8487311601638794,0.0013062909711152315,0.1505396012438266,0.0015530642122030258,0.2535211267605634,0.0012211889261379838,0.07984269251874886,0.0016241655685007572,0.17626973965002135,0.0013136811321601272,0.06962990061581611,0.0011218853760510683,0.006127675141759649,0.001281266799196601,0.023535150295713677,0.0014563021250069141,0.1316078287909274,0.0009892672533169389,0.010365221632827267,-1419.5654257797273,0.9962862133979797,0.6951874580703267,0.4742516169345218,-0.16051161039800024,Salvador_Dali_027.jpg,Salvador_Dali,Surrealismo,0
78.6937,92.438354,34.13165,38.81173,34.246094,19.82652,0.0,16.0,0.0,241.0,225.0,175.0,0.61368674,0.17725609,0.37251276,0.14841874,0.12448318302631378,0.16936098039150238,0.13976018130779266,0.25,0.11842552572488785,0.11768282949924469,2.168464422225952,1.4375423192977905,4.061046600341797,1.6899352073669434,2.0919201374053955,1.1604971885681152,4.058045864105225,1.6564302444458008,0.0011174301616847515,0.006873948091062096,0.001573254237882793,0.30282575958898045,0.001506935921497643,0.18637611834529189,0.0011920938268303871,0.047621578527770395,0.0009770228061825037,0.05727699530516432,0.0010677387472242117,0.06485959783860396,0.001359822927042842,0.09012312870936309,0.0012804747093468904,0.08916644521215342,0.001229232526384294,0.055009301089556206,-1419.5654257797273,0.7778777480125427,0.5726853466133248,0.5045118230060842,-0.2738687997517049,Salvador_Dali_028.jpg,Salvador_Dali,Surrealismo,0
127.61393,121.25182,110.06714,38.285984,35.2942,33.825806,24.0,17.0,0.0,254.0,240.0,235.0,0.1742946,0.11496627,0.5117413,0.14706886,0.13847096264362335,0.29502904415130615,0.21254658699035645,0.25,0.29304298758506775,0.25712332129478455,3.0812578201293945,1.472806692123413,6.058098793029785,1.8937917947769165,3.0902202129364014,1.4189704656600952,6.054941177368164,1.9228986501693726,0.0022368973586708307,0.2058084943771154,0.001918348134495318,0.10080248935473304,0.0021102912724018097,0.19311606070531717,0.0017294443678110838,0.03927830549186592,0.001985773677006364,0.04168031444480839,0.0020905123092234135,0.19816573861775302,0.001369778299704194,0.01643192488262911,0.0017240361776202917,0.020198711649743423,0.0017128298059105873,0.08674527786876296,-1419.5654257797273,1.05889093875885,0.4157741462180933,0.5116390122470941,-0.16955835046749573,Salvador_Dali_029.jpg,Salvador_Dali,Surrealismo,0
99.794174,119.366035,88.17174,37.61739,30.416584,36.346222,5.0,20.0,0.0,204.0,199.0,186.0,0.38751388,0.17475934,0.48281384,0.11845821,0.11964691430330276,0.22236911952495575,0.14146064221858978,0.25,0.22465896606445312,0.1910046488046646,2.7567942142486572,1.0630433559417725,5.4619011878967285,1.7026363611221313,2.780820608139038,1.2224184274673462,5.461181640625,1.6103172302246094,0.0021986146457493305,0.3798149520907119,0.0021763762924820185,0.33750652060511216,0.0018983109621331096,0.1023254536968399,0.001780968508683145,0.03261675315048184,0.0015106928767636418,0.0006040139472311451,0.0013920832425355911,0.00019218625593718256,0.0016702391440048814,0.045410866760014275,0.0014051280450075865,0.0003294621530351701,0.0011950564803555608,0.002882793839057738,-1419.5654257797273,0.8928702473640442,0.006028864875371747,0.46926064979337256,-0.1632054705766753,Salvador_Dali_030.jpg,Salvador_Dali,Surrealismo,0
138.92993,111.91234,73.29436,63.319214,67.443344,48.13503,4.0,0.0,0.0,249.0,243.0,227.0,0.48480585,0.19815859,0.54505736,0.24831803,0.24662496149539948,0.36783063411712646,0.34179291129112244,0.25,0.2615900933742523,0.2845955491065979,3.2064623832702637,2.187276840209961,5.7822346687316895,3.267521858215332,3.253070116043091,2.256673574447632,5.812631130218506,3.4361491203308105,0.002042190870270133,0.1410686340263805,0.002248717937618494,0.083361278783814,0.0015833362704142928,0.09747373127654818,0.0014941032277420163,0.046082047842611225,0.0021751190070062876,0.11913145539906103,0.0022372815292328596,0.2041974066621954,0.0005846039857715368,0.002626872345182204,0.001794215990230441,0.08855913257321708,0.0018462103325873613,0.11739883746926,-1419.5654257797273,1.2230558395385742,1.191447617007374,0.539710780432819,-0.16691282947312444,Salvador_Dali_031.jpg,Salvador_Dali,Surrealismo,0
195.5117,183.10414,152.40042,57.352097,54.311043,48.883774,0.0,0.0,0.0,255.0,255.0,238.0,0.2328768,0.0958331,0.7670649,0.22416317,0.21358898282051086,0.46448591351509094,0.5442441701889038,0.25,0.4027751684188843,0.47147396206855774,5.470012187957764,3.070268154144287,9.166627883911133,2.841944694519043,5.2733683586120605,2.6687283515930176,9.116630554199219,2.6016132831573486,0.0029599363915622234,0.001518679761061051,0.003156496211886406,0.0409031082312443,0.003359922906383872,0.4548952110964868,0.0023821417707949877,0.0005568492457223854,0.002743624383583665,0.0068340589247747295,0.002658729674294591,0.05750734028551179,0.0025731478817760944,0.0021767743241875065,0.0025800038129091263,0.03649893692416726,0.002942601917311549,0.2953832135263744,-1419.5654257797273,0.9738106727600098,0.0686246754021426,0.5138975819921562,-0.17140846499021398,Salvador_Dali_032.jpg,Salvador_Dali,Surrealismo,0
139.30606,139.11145,139.10623,48.332047,49.116894,48.85097,31.0,29.0,31.0,248.0,248.0,246.0,0.013601636,0.017535588,0.5485653,0.19077794,0.19157549738883972,0.2491147816181183,0.21763379871845245,0.25,0.1476536989212036,0.14796285331249237,3.6030192375183105,1.8709044456481934,6.918820381164551,2.697826385498047,3.5990402698516846,1.8798474073410034,6.915370464324951,2.6040146350860596,0.0024162461049854755,0.16102785156967905,0.0017703375779092312,0.0015705144270128481,0.002137129195034504,0.004644712879889061,0.0018306765705347061,0.07555176849949041,0.002100331010296941,0.1585384191268608,0.0024364327546209097,0.1531251566337527,0.0020027474965900183,0.07755668053397491,0.002331209136173129,0.1599585651512873,0.002239973284304142,0.10921758307854243,-1419.5654257797273,0.9811996221542358,1.583288371515781,0.5055353684106203,-0.3002764269609796,Salvador_Dali_033.jpg,Salvador_Dali,Surrealismo,0
107.70818,132.66313,118.05219,45.214306,37.988735,41.975845,10.0,31.0,0.0,243.0,247.0,240.0,0.29408,0.123115785,0.5305917,0.1502549,0.1538943648338318,0.2699808180332184,0.21544469892978668,0.25,0.21342748403549194,0.20160409808158875,3.124878168106079,1.4580446481704712,6.136129379272461,2.0486092567443848,3.250178813934326,1.8676904439926147,6.136403560638428,2.139735460281372,0.0019119192147627473,0.06417272210759248,0.0022361199371516705,0.2690409975778236,0.0020497620571404696,0.10286773720881552,0.0015018623089417815,0.004156574265123651,0.0019392544636502862,0.08546395143685895,0.0022520446218550205,0.1906342513680811,0.0014699079329147935,0.011423103376095213,0.0016433247365057468,0.029305343739720702,0.0020911998581141233,0.14183188301785235,-1419.5654257797273,1.0209298133850098,0.8556885370805978,0.5328009810925188,-0.15800803291736767,Salvador_Dali_034.jpg,Salvador_Dali,Surrealismo,0
98.6727,111.71647,98.52776,38.018658,35.898884,38.370323,8.0,23.0,0.0,237.0,235.0,220.0,0.23093703,0.12045039,0.44658586,0.14236508,0.1408243179321289,0.3413577377796173,0.25390198826789856,0.25,0.30534592270851135,0.2765888273715973,2.771021842956543,1.556976079940796,5.291069984436035,2.112921714782715,2.812788486480713,1.7676187753677368,5.289160251617432,2.0807809829711914,0.0018365606665611267,0.05330718488144054,0.0017176636029034853,0.12375943424258631,0.001618511276319623,0.1304748321150532,0.0015965355560183525,0.1491353182385452,0.001856946386396885,0.2053544898080466,0.0018101665191352367,0.17406548998633148,0.001139239058829844,0.00778510726808106,0.001562522491440177,0.024573601949248233,0.001566446851938963,0.026534735841207583,-1419.5654257797273,1.136543869972229,2.0650396329775584,0.5097080785787792,-0.15915312548316296,Salvador_Dali_035.jpg,Salvador_Dali,Surrealismo,0
131.831,134.99362,149.1767,28.242666,29.84687,24.938608,28.0,28.0,15.0,239.0,239.0,245.0,0.16473362,0.08410544,0.5914517,0.09665763,0.10932110995054245,0.2755199074745178,0.20570681989192963,0.25,0.26163750886917114,0.23227602243423462,3.3882334232330322,0.8510663509368896,6.7373948097229,1.6049153804779053,3.4267725944519043,1.5724574327468872,6.738000869750977,1.3241742849349976,0.0023734227288514376,0.20175755387022992,0.002248053904622793,0.16537257734440833,0.002122062724083662,0.17661309738774528,0.0021422789432108402,0.09230167328758879,0.0022101954091340303,0.14913627061514387,0.0021270085126161575,0.08223486216443963,0.001837854739278555,0.0026333212952931264,0.0019082630751654506,0.03194594919947032,0.0018168259412050247,7.523775129408932e-05,-1419.5654257797273,1.0588576793670654,1.4879393991555172,0.4930323280469451,-0.31392220093864054,Salvador_Dali_036.jpg,Salvador_Dali,Surrealismo,0
88.47863,87.41844,88.10622,58.406246,59.26285,58.389847,11.0,9.0,10.0,245.0,246.0,246.0,0.034955066,0.031294953,0.34851754,0.22908,0.23100239038467407,0.2973584830760956,0.3429156541824341,0.24999354338842975,0.2544126808643341,0.33709073066711426,2.339622974395752,1.8531553745269775,4.410740375518799,3.085888624191284,2.4717957973480225,2.1491987705230713,4.4034810066223145,3.058652877807617,0.002185606164857745,0.03612307453536647,0.0013080141507089138,0.03119543708532185,0.0011679241433739662,0.01583052031195437,0.0018367866287007928,0.33504054630815194,0.0014986142050474882,0.19196445892988787,0.001791817951016128,0.2189888643153688,0.000710167340002954,0.0009700073720560276,0.0007346885395236313,0.0371900826446281,0.0009193133446387947,0.028654017770535056,-1419.5654257797273,1.1098084449768066,1.9283067590740095,0.47088678455513505,-0.2203880213659526,Salvador_Dali_037.jpg,Salvador_Dali,Surrealismo,0
104.451416,105.86232,66.15504,52.45666,39.38686,42.574158,5.0,13.0,0.0,255.0,251.0,242.0,0.43136463,0.25552624,0.4502128,0.17900752,0.1592359095811844,0.32282114028930664,0.24950525164604187,0.25,0.3169131875038147,0.29295045137405396,2.6486198902130127,1.6778608560562134,5.016636848449707,2.1925487518310547,2.6202940940856934,1.7051384449005127,5.018465518951416,2.2555038928985596,0.0011557203251868486,0.01807358311086563,0.0011184010654687881,0.028905458897173893,0.0010638221865519881,0.010831875786308263,0.001855300273746252,0.16247813679462395,0.0018676058389246464,0.19623185737518795,0.0015255006728693843,0.05747338058854214,0.0018852741923183203,0.11295222314277824,0.0016870902618393302,0.22127098100586087,0.0018094562692567706,0.09294547239866212,-1419.5654257797273,1.2033318281173706,1.9597859660830894,0.48533988162544245,-0.17678631961984473,Salvador_Dali_038.jpg,Salvador_Dali,Surrealismo,0
116.30337,104.220245,86.65774,37.03849,35.34703,28.92382,45.0,41.0,21.0,255.0,255.0,236.0,0.25670335,0.062488414,0.45622355,0.14549895,0.13704591989517212,0.13664862513542175,0.12957698106765747,0.24998627666248432,0.09449153393507004,0.09281783550977707,2.6763291358947754,1.2939285039901733,5.25835657119751,1.7897635698318481,2.6618309020996094,1.1224700212478638,5.263761043548584,1.924099087715149,0.0015066667692735791,0.02235804765701125,0.0017472183099016547,0.20251572327044026,0.0017157725524157286,0.04912746921782266,0.001771255163475871,0.09448135352998493,0.00189396389760077,0.2344228895384888,0.0019823769107460976,0.16653379395872087,0.0011667241342365742,0.0020550978828948532,0.0012855572858825326,0.07680042519266543,0.0015789635945111513,0.049145185578882096,-1419.5654257797273,1.1636394262313843,2.350915746549875,0.5183342456559592,-0.2686886403602376,Salvador_Dali_039.jpg,Salvador_Dali,Surrealismo,0
92.28404,89.68447,73.656624,42.60947,40.83617,38.13625,9.0,6.0,0.0,217.0,214.0,184.0,0.2789963,0.16235468,0.38229847,0.16924965,0.15653671324253082,0.2319568693637848,0.17486931383609772,0.25,0.21754558384418488,0.2124827653169632,2.264453887939453,1.2579528093338013,4.414984703063965,2.095844030380249,2.3267998695373535,1.3906162977218628,4.405062198638916,1.990579605102539,0.0017915237694978714,0.08347177079571445,0.0019659583922475576,0.3194173588539786,0.0015506696654483676,0.029348742024798362,0.000950393034145236,0.044998194293968945,0.0009470331715419888,0.06917057902973396,0.0016386635834351182,0.09762850607921031,0.0011856536148115993,0.04550379198266522,0.0012162573402747512,0.11257975201637173,0.0010330540826544166,0.09967497291440953,-1419.5654257797273,0.6941194534301758,0.6903299182892786,0.5018659466778255,-0.1852336798623918,Salvador_Dali_040.jpg,Salvador_Dali,Surrealismo,0
160.55693,123.330124,95.02742,67.32465,71.83683,64.789665,1.0,5.0,6.0,255.0,255.0,255.0,0.442595,0.19136111,0.6311671,0.26067233,0.2686364948749542,0.18547102808952332,0.17159821093082428,0.25,0.094052255153656,0.12217196077108383,3.3800764083862305,2.118884563446045,6.53294038772583,3.5969250202178955,3.3615269660949707,2.123828172683716,6.525173664093018,3.4882376194000244,0.0016915985615924,0.00425531914893617,0.0008673937409184873,0.019231120445621405,0.0014544324949383736,0.00425531914893617,0.0015383695717900991,0.0009862113049036619,0.0021126093342900276,0.07823943018902384,0.0017248466610908508,0.0003652634462606155,0.0023656627163290977,0.11122271938635742,0.003490765579044819,0.5088667701579764,0.0029142273124307394,0.1734088211122272,-1414.4775943321927,1.046998381614685,0.781672501732529,0.5056196166098543,-0.29621184142351387,Salvador_Dali_041.jpg,Salvador_Dali,Surrealismo,0
106.63138,90.126175,72.45073,64.09684,55.571865,53.359478,14.0,13.0,0.0,247.0,248.0,252.0,0.3519771,0.1822318,0.4354712,0.2611599,0.2195827215909958,0.18060001730918884,0.1945936679840088,0.25,0.16516220569610596,0.2129231095314026,2.3534674644470215,1.5732282400131226,4.62745475769043,2.818671226501465,2.357224702835083,1.6332927942276,4.62258243560791,2.804692506790161,0.000524595845490694,0.0,0.0011899361852556467,0.0683556264209998,0.0006111535476520658,0.0020964360587002098,0.0010181894758716226,0.0028789086721587387,0.002076372504234314,0.1244722000767709,0.0009197829640470445,0.012755779962795642,0.0022686105221509933,0.3205480261021053,0.002203584648668766,0.19253255381344672,0.002061152597889304,0.1729412112085511,-1419.5654257797273,1.4516174793243408,1.2494688268070127,0.49286730966963577,-0.4176287387342271,Salvador_Dali_042.jpg,Salvador_Dali,Surrealismo,0
169.83937,108.72684,89.66812,39.887337,36.873035,32.315834,33.0,10.0,0.0,255.0,255.0,233.0,0.4794612,0.11269351,0.6660405,0.15644187,0.14070995151996613,0.32652512192726135,0.2500016689300537,0.25,0.4693346619606018,0.4030917286872864,3.2570745944976807,1.5999819040298462,6.2067389488220215,1.8506511449813843,3.1791162490844727,1.2989479303359985,6.199406147003174,1.6991013288497925,0.0018429950578138232,0.06787384867627912,0.0016963889356702566,0.15578434681969427,0.0020839981734752655,0.11800163958142451,0.0021460792049765587,0.13172107826590154,0.002017567865550518,0.21222934850749867,0.0019052213756367564,0.09938756811496359,0.0020521697588264942,0.027993441674301973,0.001921362243592739,0.07380527559434827,0.0016125722322613,0.014466894922119883,-1419.5654257797273,1.0509111881256104,2.1193181221890907,0.4904232790144176,-0.24551752210809183,Salvador_Dali_043.jpg,Salvador_Dali,Surrealismo,0
89.40681,109.68216,78.184845,43.12534,41.22155,40.089436,0.0,0.0,0.0,252.0,255.0,233.0,0.38582718,0.17996721,0.43680558,0.15903385,0.15900126099586487,0.6833485960960388,0.3571772873401642,0.25,0.8992183804512024,0.6546739339828491,2.5818722248077393,1.260689377784729,4.972855091094971,1.5746946334838867,2.5394949913024902,1.220273733139038,4.97510290145874,1.5848464965820312,0.0016076834872364998,0.08429658410231504,0.0015242506051436067,0.08894285251740328,0.001063902978785336,0.0006475635421725757,0.001280032331123948,0.04691597863040311,0.0014195559779182076,0.08258054071555772,0.0014192790258675814,0.041622146673142305,0.001774475327692926,0.1623118018455561,0.0017909074667841196,0.1623279909341104,0.0019586319103837013,0.2281204468188441,-1419.5654257797273,0.9232010841369629,0.8278603443814985,0.4959876843663408,-0.3261257028156504,Salvador_Dali_044.jpg,Salvador_Dali,Surrealismo,0
186.22849,183.99625,181.47629,59.28834,58.920296,56.164154,0.0,0.0,0.0,255.0,255.0,255.0,0.05156019,0.06155007,0.7361746,0.22642285,0.2300470620393753,0.35604166984558105,0.39120233058929443,0.25,0.3063930869102478,0.36658230423927307,5.035359859466553,2.209022283554077,9.186376571655273,2.9451119899749756,4.860013008117676,2.1521546840667725,9.235143661499023,2.9332711696624756,0.003088956931605935,0.0007482993197278912,0.0028065145015716553,0.008741496598639455,0.003234352683648467,0.08714285714285715,0.0026428767014294863,0.0006122448979591836,0.002565705683082342,6.802721088435374e-05,0.002981020836159587,0.15319727891156462,0.0028342546429485083,0.13554421768707484,0.0023401211947202682,0.25078231292517006,0.00302525470033288,0.26302721088435377,-1419.272717340169,0.9048637747764587,0.0006803748941536146,0.5113568959687487,-0.1518309588867972,Salvador_Dali_045.jpg,Salvador_Dali,Surrealismo,0
124.414406,126.24274,136.93729,42.598785,46.52908,52.55443,0.0,0.0,0.0,255.0,255.0,255.0,0.2296349,0.14710543,0.5759144,0.18785629,0.1742585450410843,0.5105838179588318,0.4068116843700409,0.25,0.5545900464057922,0.5151219367980957,3.4207332134246826,2.212806224822998,6.310330867767334,2.4770700931549072,3.5141913890838623,2.321773052215576,6.309650421142578,2.273864269256592,0.001928561832755804,0.08093354756313599,0.0020746805239468813,0.1212870267375273,0.001981519628316164,0.04245457916203189,0.0018798604141920805,0.0633007868825444,0.0020851856097579002,0.099987640588308,0.002001072745770216,0.06093189964157706,0.001941444119438529,0.01862151361595188,0.0018247890984639525,0.021896757714332797,0.0018357336521148682,0.023173896922506487,-1419.5572682203706,1.069146990776062,1.689653553187665,0.501362966324531,-0.2910276747812377,Salvador_Dali_046.jpg,Salvador_Dali,Surrealismo,0
116.12456,95.25756,70.50356,43.483337,34.58585,32.332233,11.0,22.0,0.0,252.0,238.0,226.0,0.43246967,0.1968756,0.47844854,0.15168679,0.13047361373901367,0.2228270322084427,0.17622946202754974,0.25,0.17448098957538605,0.1584637612104416,2.587711811065674,1.5825526714324951,4.905183792114258,1.9076123237609863,2.5026803016662598,1.3176391124725342,4.904759883880615,1.8742010593414307,0.0016414627898484468,0.24149776709034695,0.001612609252333641,0.3060149514976035,0.00137720862403512,0.04753725605666519,0.001456149504519999,0.02504457640149842,0.0016212250338867307,0.20375914020709623,0.0015668899286538363,0.033632690451653006,0.0015624492662027478,0.014673406291406978,0.0014558025868609548,0.023130653841749685,0.0013637301744893193,0.006003500678869967,-1419.5654257797273,1.0683434009552002,2.034665931097797,0.4903049908828366,-0.2953237889425803,Salvador_Dali_047.jpg,Salvador_Dali,Surrealismo,0
134.95891,122.0247,108.059814,46.274982,46.796463,47.6906,0.0,0.0,0.0,255.0,255.0,246.0,0.24692681,0.17995165,0.5417505,0.17878126,0.17740288376808167,0.3945530354976654,0.24963094294071198,0.25,0.5288658142089844,0.4287582337856293,3.19370436668396,1.615700125694275,6.18153715133667,2.269404411315918,3.1724133491516113,1.634045124053955,6.192652225494385,2.3026750087738037,0.0012214358430355787,0.0007439000198373338,0.0017972368514165282,0.027127554056734775,0.0018151446711272001,0.0444190967400648,0.0016819080337882042,0.025160351782053825,0.0023991663474589586,0.19447199629703102,0.002197455847635865,0.2090689677973947,0.0015745862619951367,0.0241354228658335,0.0021011263597756624,0.1489122528598823,0.002413390902802348,0.22583151491106263,-1419.5654257797273,1.255265235900879,1.9449984276822625,0.539768714703426,-0.3125400735297027,Salvador_Dali_048.jpg,Salvador_Dali,Surrealismo,0
107.040634,105.940254,83.14486,48.072277,46.853207,43.567554,11.0,9.0,0.0,255.0,255.0,236.0,0.3232277,0.15233874,0.4464903,0.1848165,0.1791604608297348,0.3003517687320709,0.2550753951072693,0.25,0.24460932612419128,0.24680614471435547,2.7037222385406494,1.7175616025924683,5.1660027503967285,2.458122730255127,3.060987710952759,2.2056031227111816,5.1597442626953125,2.517371416091919,0.0014066690346226096,0.05385915492957746,0.0020051361061632633,0.23744600938967136,0.0014217924326658249,0.014084507042253521,0.0019468092359602451,0.25096713615023475,0.0020141075365245342,0.24138967136150236,0.0017060191603377461,0.07027230046948357,0.0013734957901760936,0.01829107981220657,0.0010752484668046236,0.0004507042253521127,0.0014249144587665796,0.019230046948356807,-1419.5654257797273,1.261069416999817,2.397935256361315,0.49873534654739915,-0.12461386732345482,Salvador_Dali_049.jpg,Salvador_Dali,Surrealismo,0
113.72819,112.664696,68.458305,68.58835,53.001324,60.482033,0.0,12.0,0.0,255.0,237.0,244.0,0.51789933,0.2551849,0.48542967,0.24235676,0.22359085083007812,0.26970186829566956,0.25638073682785034,0.25,0.19025196135044098,0.19533772766590118,3.0024466514587402,2.2174150943756104,5.379800796508789,2.9656777381896973,2.916099786758423,2.0344491004943848,5.394888401031494,3.0233566761016846,0.0016850034007802606,0.16313173156586577,0.0017962887650355697,0.12247997790665562,0.0014292268315330148,0.04136978735156034,0.002137295436114073,0.1667771333885667,0.0021996907889842987,0.2916045291355979,0.0021111255045980215,0.10022093344380005,0.001072219922207296,0.01115713891190279,0.001111995312385261,0.0032587682960508145,0.0014028102159500122,0.0012703673018503176,-1419.5654257797273,1.3246054649353027,2.911934748285456,0.5022885079891781,-0.1668697014540657,Salvador_Dali_050.jpg,Salvador_Dali,Surrealismo,0
165.31087,166.86569,160.8442,57.026726,57.274433,55.82253,22.0,25.0,14.0,255.0,255.0,255.0,0.0961807,0.0703959,0.6696842,0.21833684,0.22275038063526154,0.4506734311580658,0.558451771736145,0.25,0.4275098443031311,0.5473023056983948,4.677312850952148,2.9104785919189453,8.258983612060547,3.0785160064697266,4.346714496612549,2.2983579635620117,8.31485652923584,3.3152313232421875,0.0029544527642428875,0.13855421686746988,0.00292613310739398,0.10913654618473896,0.00289142900146544,0.020582329317269075,0.0023852428421378136,0.035240963855421685,0.0030487696640193462,0.29136546184738954,0.002231214428320527,0.07991967871485944,0.0018336549401283264,0.01355421686746988,0.0022784422617405653,0.09036144578313253,0.0023639898281544447,0.12238955823293172,-1403.1919653855807,1.1975047588348389,2.91008327480795,0.504851251044303,-0.11849985320408604,Salvador_Dali_1.jpg,Salvador_Dali,Surrealismo,0
99.69752,82.42946,75.694595,64.12247,55.18781,47.894928,30.0,13.0,3.0,255.0,255.0,255.0,0.22785027,0.11031089,0.39159942,0.251959,0.22229741513729095,0.11463471502065659,0.21017633378505707,0.25,0.08961755037307739,0.1650865375995636,2.2508950233459473,1.7284022569656372,4.344336986541748,2.8431997299194336,2.2508702278137207,1.7253209352493286,4.325946807861328,2.8967907428741455,0.0007946642581373453,0.00787037037037037,0.0014511627377942204,0.21537698412698414,0.001224955660291016,0.1445436507936508,0.001307235681451857,0.11283068783068784,0.002239648951217532,0.18478835978835978,0.0018922651652246714,0.2216931216931217,0.0007871488342061639,0.0021164021164021165,0.0012154383584856987,0.00667989417989418,0.0011133665684610605,0.005687830687830688,-1419.5654257797273,1.6761085987091064,1.8446300975518897,0.5334898097314545,-0.1626491454309402,Salvador_Dali_10.jpg,Salvador_Dali,Surrealismo,0
175.69493,156.7627,124.13409,56.198032,61.496277,65.48795,12.0,1.0,0.0,255.0,255.0,255.0,0.32788733,0.20459202,0.6923334,0.21882914,0.23256094753742218,0.31204548478126526,0.4004212021827698,0.25,0.28054046630859375,0.38583555817604065,4.276331424713135,2.4214038848876953,7.9154253005981445,3.210810661315918,4.099082946777344,2.0884499549865723,7.905335903167725,3.075885057449341,0.002968225395306945,0.03853643216080402,0.0029200599528849125,0.0978643216080402,0.003174857934936881,0.40499371859296485,0.002007960109040141,0.00028266331658291456,0.0021890203934162855,0.017556532663316582,0.002289906842634082,0.033731155778894475,0.0021299980580806732,0.057537688442211056,0.0019687425810843706,0.125,0.0023171703796833754,0.12443467336683417,-1419.3427099068465,0.8968932032585144,0.17557756323253068,0.5159226672604231,-0.15567621204945029,Salvador_Dali_11.jpg,Salvador_Dali,Surrealismo,0
189.45297,180.76274,176.54216,56.964966,60.109734,64.40931,55.0,42.0,44.0,255.0,255.0,255.0,0.15464799,0.09605365,0.7737354,0.23648162,0.23085907101631165,0.11650747060775757,0.16420944035053253,0.25,0.09204011410474777,0.11770129948854446,4.572598457336426,1.5675030946731567,9.083279609680176,2.941509246826172,4.6657843589782715,1.8915259838104248,9.082510948181152,2.9317727088928223,0.0033642032649368048,0.10854779411764706,0.003357891459017992,0.01636029411764706,0.0028468568343669176,6.127450980392157e-05,0.003345843404531479,0.25618872549019606,0.003345547942444682,0.36011029411764706,0.0020568431355059147,0.003155637254901961,0.0022681751288473606,0.05153186274509804,0.002395224990323186,0.08719362745098039,0.0023309297394007444,0.015471813725490197,-1419.44051762313,1.1895703077316284,3.6066274387225548,0.4732418402724072,-0.15383263394705368,Salvador_Dali_12.jpg,Salvador_Dali,Surrealismo,0
118.29392,113.13876,109.84223,61.8113,68.378,61.83233,26.0,25.0,18.0,255.0,255.0,255.0,0.24874665,0.13632464,0.5136785,0.2656293,0.2513386309146881,0.2296271026134491,0.3573979437351227,0.25,0.20243793725967407,0.31329110264778137,3.4287891387939453,2.8572030067443848,5.706858158111572,3.073052167892456,3.0263402462005615,2.013040065765381,5.7172932624816895,3.1585021018981934,0.0013782666064798832,0.0,0.0016649223398417234,0.08141304347826087,0.0013777513522654772,0.0,0.0011831555748358369,0.0058152173913043476,0.0021468314807862043,0.3264673913043478,0.0018718516221269965,0.17869565217391303,0.0018374553183093667,0.04820652173913043,0.002827252494171262,0.2510326086956522,0.0015168372774496675,0.004076086956521739,-1419.545409475608,1.2225370407104492,3.2803224663422124,0.5082817433410676,-0.18477062408058664,Salvador_Dali_13.jpg,Salvador_Dali,Surrealismo,0
151.78561,140.76094,132.76036,71.1913,72.142494,70.175255,8.0,13.0,8.0,255.0,255.0,255.0,0.1546152,0.11937619,0.5987653,0.28061578,0.27967074513435364,0.25725671648979187,0.3832634687423706,0.25,0.18717266619205475,0.31566378474235535,3.81622314453125,2.2631423473358154,7.175097942352295,3.6699676513671875,4.054447650909424,2.7591686248779297,7.161930084228516,3.643409490585327,0.0026266376953572035,0.1642127403846154,0.002683245111256838,0.20618990384615385,0.0017307273810729384,0.004477163461538461,0.0017105498118326068,0.00021033653846153847,0.002614405006170273,0.220703125,0.002279214560985565,0.25078125,0.0017378050833940506,0.0,0.002231717575341463,0.027463942307692307,0.0022117902990430593,0.027584134615384615,-1412.2561834382584,1.1867965459823608,2.20305916821293,0.4993478672486792,-0.16271112915433458,Salvador_Dali_14.jpg,Salvador_Dali,Surrealismo,0
97.43264,71.10719,60.94374,52.028313,29.652138,17.783623,12.0,16.0,10.0,244.0,225.0,205.0,0.31291738,0.19427994,0.38650072,0.20043738,0.13191816210746765,0.20936311781406403,0.2654500901699066,0.25,0.161350280046463,0.1966872662305832,2.0863919258117676,1.374140977859497,3.9074819087982178,1.8931877613067627,2.1820192337036133,1.620970606803894,3.885859489440918,1.825813889503479,0.0006815950619056821,0.0,0.0009253168245777488,5.3648068669527894e-05,0.0011800145730376244,8.047210300429185e-05,0.0012574120191857219,0.08699034334763948,0.0012053519021719694,0.07910407725321889,0.0013621965190395713,0.08245708154506438,0.0013035909505560994,0.29146995708154505,0.0015148390084505081,0.20807403433476396,0.0013414451386779547,0.1533530042918455,-1419.5654257797273,1.007084608078003,0.7896521183707481,0.5194498399602899,-0.18434182069196997,Salvador_Dali_15.jpg,Salvador_Dali,Surrealismo,0
190.73671,165.0835,144.6689,58.733295,61.429108,59.64989,27.0,30.0,29.0,255.0,255.0,255.0,0.25745502,0.14942536,0.74885386,0.23027685,0.23407049477100372,0.1424238383769989,0.23522169888019562,0.25,0.11473751068115234,0.1817527562379837,4.328757286071777,1.8283228874206543,8.479463577270508,3.060652256011963,4.315067768096924,1.8030437231063843,8.474517822265625,3.041663646697998,0.0020850079599767923,0.017111650485436895,0.003435006132349372,0.44775485436893203,0.003139057895168662,0.12402912621359223,0.003366446355357766,0.1316747572815534,0.003161902539432049,0.10870752427184466,0.003131643170490861,0.06787014563106795,0.001899658003821969,0.0,0.001725386013276875,0.0,0.0016441087936982512,0.00012135922330097087,-1419.4590819021064,1.206408143043518,1.0903833355476729,0.5084381966612835,-0.14997913115883874,Salvador_Dali_16.jpg,Salvador_Dali,Surrealismo,0
132.58809,120.60445,121.858635,38.048203,36.744457,35.75269,33.0,21.0,23.0,255.0,255.0,255.0,0.12902924,0.08034359,0.52544934,0.15032282,0.14352650940418243,0.17983165383338928,0.2303195595741272,0.25,0.15044206380844116,0.21570472419261932,3.1913249492645264,1.4627618789672852,6.183105945587158,1.9646843671798706,3.179241180419922,1.4655632972717285,6.18662166595459,1.9960248470306396,0.002030876697972417,0.057173645320197045,0.0025300823617726564,0.3814963054187192,0.0019763114396482706,0.08192733990147784,0.0015900053549557924,0.02540024630541872,0.0020101938862353563,0.09873768472906404,0.0015730573795735836,0.021705665024630543,0.001829788787290454,0.05852832512315271,0.00210176152177155,0.16102216748768472,0.001571023021824658,0.014131773399014778,-1419.5036405706394,1.0510395765304565,0.9872416580276094,0.4960491922954517,-0.16177656945497162,Salvador_Dali_17.jpg,Salvador_Dali,Surrealismo,0
169.18185,142.33441,118.4059,28.973185,28.586775,22.845135,65.0,48.0,50.0,255.0,255.0,255.0,0.29777238,0.08412914,0.6635304,0.113750495,0.10705192387104034,0.15870040655136108,0.16756397485733032,0.25,0.12673237919807434,0.13976150751113892,3.7940196990966797,1.507356882095337,7.328009605407715,1.4394440650939941,3.711111545562744,1.1656365394592285,7.328248023986816,1.3954932689666748,0.0023686117492616177,0.06306352459016394,0.002458308357745409,0.13550204918032788,0.0025998021010309458,0.17515368852459015,0.0024970825761556625,0.28048155737704916,0.0023251797538250685,0.1554815573770492,0.0021361173130571842,0.048668032786885244,0.0020402257796376944,0.014293032786885245,0.001993081532418728,0.003278688524590164,0.0020153382793068886,0.024077868852459015,-1417.5178411063869,1.0241159200668335,1.55481541828895,0.49683307928494275,-0.1609450174781022,Salvador_Dali_18.jpg,Salvador_Dali,Surrealismo,0
163.36977,141.88551,127.105484,50.138725,47.70151,46.76327,30.0,22.0,21.0,255.0,242.0,240.0,0.2384659,0.16753866,0.6459358,0.19424886,0.18390494585037231,0.2027495950460434,0.23666724562644958,0.25,0.17405317723751068,0.20970766246318817,3.703610420227051,1.4775551557540894,7.291687488555908,2.4588816165924072,3.7895286083221436,1.6691057682037354,7.290600776672363,2.4429171085357666,0.0025578835047781467,0.079833984375,0.0023446197155863047,0.069970703125,0.0026734317652881145,0.051708984375,0.0027181089390069246,0.214453125,0.002381498459726572,0.148486328125,0.002702216850593686,0.138818359375,0.001780250808224082,0.11552734375,0.0015004051383584738,0.03671875,0.0016291082138195634,0.041943359375,-1419.5654257797273,1.0564813613891602,1.4890640508899424,0.49835055017361757,-0.15140526960033077,Salvador_Dali_19.jpg,Salvador_Dali,Surrealismo,0
140.6002,130.78052,133.17784,52.97394,54.21563,50.38205,29.0,19.0,15.0,255.0,255.0,255.0,0.23533341,0.11347452,0.6025511,0.20219277,0.20356100797653198,0.24485677480697632,0.40144866704940796,0.25,0.2225460559129715,0.38680970668792725,3.461216926574707,1.5853747129440308,6.715344429016113,2.6496453285217285,3.9962501525878906,2.8068184852600098,6.692068576812744,2.5235235691070557,0.0020957626402378082,0.13553719008264462,0.002029100898653269,0.08181818181818182,0.0019796965643763542,0.08538223140495868,0.002092734444886446,0.07339876033057852,0.002433172659948468,0.18884297520661156,0.002408419270068407,0.1727789256198347,0.00198773923330009,0.1040289256198347,0.0017688089283183217,0.015289256198347107,0.00174783356487751,0.04276859504132231,-1419.466268299911,1.1809378862380981,1.8887547620133003,0.49680350353601327,-0.16584305844113492,Salvador_Dali_2.jpg,Salvador_Dali,Surrealismo,0
145.1431,138.27933,145.56577,59.524757,56.54211,58.547688,19.0,0.0,2.0,255.0,255.0,255.0,0.18457119,0.14334181,0.6225551,0.23218383,0.21912837028503418,0.5405000448226929,0.5256755352020264,0.25,0.5293741226196289,0.5379362106323242,4.128649711608887,2.6991209983825684,7.127403736114502,3.158503770828247,3.9589357376098633,2.5480401515960693,7.132863521575928,3.1739449501037598,0.0022535661701112986,0.04791666666666667,0.002509042387828231,0.13922619047619048,0.0021111955866217613,0.029047619047619048,0.0024000888224691153,0.15583333333333332,0.0018134795827791095,0.038035714285714284,0.0020865669939666986,0.09345238095238095,0.002354445168748498,0.1413095238095238,0.0018570551183074713,0.04726190476190476,0.002156259026378393,0.21011904761904762,-1419.3380182365104,0.8352007269859314,0.3794286089796096,0.4890138945542482,-0.16554865838360847,Salvador_Dali_20.jpg,Salvador_Dali,Surrealismo,0
112.8186,82.62263,75.97181,57.58298,39.43138,22.091927,29.0,23.0,18.0,255.0,243.0,203.0,0.33419657,0.14081249,0.4510095,0.22049181,0.16531434655189514,0.13696056604385376,0.15095815062522888,0.25,0.1275235265493393,0.1498478800058365,2.3005990982055664,1.2818256616592407,4.514015197753906,2.1729865074157715,2.3361287117004395,1.2954107522964478,4.522247791290283,2.0833849906921387,0.0010579181835055351,0.013491379310344827,0.001330254366621375,0.13017241379310346,0.0014974045334383845,0.05306034482758621,0.0019193508196622133,0.3777155172413793,0.0013903641374781728,0.10706896551724138,0.001817152719013393,0.19004310344827585,0.001136863837018609,0.0007758620689655172,0.0009508071816526353,0.008577586206896552,0.0014659587759524584,0.01538793103448276,-1419.5654257797273,0.9957912564277649,1.0751177144923638,0.5230326137670132,-0.16542780764237322,Salvador_Dali_3.jpg,Salvador_Dali,Surrealismo,0
110.94592,86.98208,75.87389,45.23742,44.20872,38.030323,28.0,15.0,7.0,255.0,255.0,255.0,0.32725763,0.1097067,0.4352716,0.17767,0.17024686932563782,0.34805452823638916,0.4161519706249237,0.25,0.3382284641265869,0.4345640540122986,2.6371817588806152,2.204824209213257,4.666116714477539,2.470607042312622,2.556300401687622,2.0130298137664795,4.641767501831055,2.2671895027160645,0.0015818295069038868,0.05601478494623656,0.0011785749811679125,0.04526209677419355,0.0010796276619657874,0.04116263440860215,0.001700359396636486,0.13531586021505376,0.0014688512310385704,0.17631048387096773,0.0015053421957418323,0.1626008064516129,0.0015339100500568748,0.07533602150537634,0.001369845005683601,0.10709005376344086,0.0014371948782354593,0.10084005376344087,-1419.3198051687527,1.0283173322677612,1.7632363257914954,0.4745288563287563,-0.1730136610354489,Salvador_Dali_4.jpg,Salvador_Dali,Surrealismo,0
114.0664,101.45192,100.67119,50.60966,55.3504,52.69125,20.0,15.0,13.0,253.0,242.0,245.0,0.21841489,0.10243134,0.46594855,0.21498653,0.20738358795642853,0.16718071699142456,0.28847160935401917,0.25,0.14332816004753113,0.2476314753293991,2.743164300918579,1.7184534072875977,5.295846939086914,2.8593192100524902,2.841113328933716,1.9579287767410278,5.252786159515381,2.618665933609009,0.0025002900511026382,0.23759517766497462,0.0018650543643161654,0.12385786802030457,0.0017059962265193462,0.0025380710659898475,0.0020543220452964306,0.3294733502538071,0.001998595194891095,0.19888959390862945,0.0013204842107370496,0.006884517766497462,0.0008729173569008708,0.00019035532994923857,0.0012497836723923683,0.0010152284263959391,0.0009882997255772352,0.0002538071065989848,-1419.5654257797273,1.2357490062713623,1.9873545037785398,0.46274832517109304,-0.14434516647826925,Salvador_Dali_5.jpg,Salvador_Dali,Surrealismo,0
104.593636,90.79944,73.68433,49.67175,47.313484,26.262754,12.0,7.0,0.0,255.0,255.0,255.0,0.2704817,0.12020353,0.4112792,0.1951155,0.1766660213470459,0.20504844188690186,0.30718305706977844,0.25,0.18991176784038544,0.2865792512893677,2.460982322692871,1.5341664552688599,4.638657093048096,2.190432548522949,2.709293842315674,2.117379903793335,4.65627908706665,2.3392059803009033,0.001349755795672536,0.030266497461928932,0.0016051105922088027,0.025856598984771575,0.001140948268584907,9.517766497461929e-05,0.001288013532757759,0.07427030456852791,0.0017759748734533787,0.26040609137055837,0.0019967916887253523,0.27699873096446703,0.0014076755614951253,0.11389593908629442,0.0013314354000613093,0.08968908629441624,0.0009835718665271997,0.031218274111675128,-1419.5654257797273,1.2410372495651245,2.596281328326332,0.501290852181691,-0.16500637680792016,Salvador_Dali_6.jpg,Salvador_Dali,Surrealismo,0
117.39279,83.397125,65.35582,56.79125,41.18968,22.643335,31.0,17.0,2.0,255.0,238.0,204.0,0.39017037,0.15752493,0.4603861,0.22268559,0.16914254426956177,0.16934436559677124,0.24687403440475464,0.25,0.13892745971679688,0.21804998815059662,2.417372703552246,1.5199592113494873,4.555974960327148,2.264740228652954,2.4241302013397217,1.6479181051254272,4.550030708312988,2.246238946914673,0.0016387406503781676,0.12930074257425742,0.002230389043688774,0.5362314356435643,0.0014298196183517575,0.08886138613861386,0.0011045978171750903,0.0008353960396039604,0.0015481977025046945,0.07561881188118812,0.0018973688129335642,0.06912128712871288,0.0010004756040871143,0.0,0.0010172893526032567,0.0,0.0007982018869370222,0.0,-1419.5654257797273,1.1001651287078857,0.7562140406478701,0.5111249852494503,-0.14465781572498945,Salvador_Dali_7.jpg,Salvador_Dali,Surrealismo,0
171.36322,154.85008,113.62956,63.380817,60.091022,47.047386,32.0,22.0,16.0,255.0,255.0,255.0,0.32577375,0.14336057,0.675845,0.24837236,0.22595925629138947,0.18370361626148224,0.2627910077571869,0.25,0.26623913645744324,0.33383989334106445,3.983883857727051,1.7712923288345337,7.724217414855957,2.924058437347412,3.9890434741973877,1.8847010135650635,7.72231912612915,2.9486124515533447,0.0027594626881182194,0.09280598958333333,0.0029565270524472,0.18115234375,0.002490691840648651,0.027473958333333333,0.0023151575587689877,0.15856119791666667,0.001947157084941864,0.18893229166666667,0.0025068679824471474,0.19768880208333334,0.0025059047620743513,0.00029296875,0.0018222191138193011,0.017350260416666666,0.002152323490008712,0.03717447916666667,-1394.245424115372,0.8167452812194824,1.8863207707894096,0.49331737003053716,-0.16342839782657484,Salvador_Dali_8.jpg,Salvador_Dali,Surrealismo,0
123.84294,96.046524,85.1919,40.51213,33.429478,21.62271,44.0,35.0,23.0,255.0,253.0,211.0,0.29317775,0.089795485,0.48566672,0.15886533,0.13311490416526794,0.0962640568614006,0.13130183517932892,0.25,0.085232213139534,0.11651484668254852,2.5779576301574707,0.905626118183136,5.122338771820068,1.6774935722351074,2.6412060260772705,1.2785375118255615,5.1227240562438965,1.7017155885696411,0.0014445867855101824,0.0,0.00172545260284096,0.0,0.0015945351915434003,0.0,0.0014437524368986487,0.04986172566371681,0.001287458697333932,0.03962942477876106,0.0010378888109698892,0.0051991150442477875,0.002300655236467719,0.497787610619469,0.002049589529633522,0.30174225663716814,0.0013887831009924412,0.005752212389380531,-1419.5654257797273,0.8118332624435425,0.3963063857130719,0.4702733315641875,-0.17591943527641615,Salvador_Dali_9.jpg,Salvador_Dali,Surrealismo,0
205.13669,199.36577,206.61276,30.70194,30.690674,30.67806,0.0,0.0,3.0,255.0,255.0,255.0,0.03764556,0.02880468,0.81028193,0.120374165,0.12035468220710754,0.1054212898015976,0.16545569896697998,0.25,0.048506997525691986,0.08683052659034729,5.179404258728027,1.1973274946212769,10.04827880859375,1.5394561290740967,5.088983535766602,1.0670019388198853,10.042738914489746,1.6850780248641968,0.003004625206813216,0.03562254199913615,0.0032309091184288263,0.021050717224760734,0.003171146847307682,0.03856645979676737,0.002969399793073535,0.14462706585737342,0.003128534648567438,0.039362113255586625,0.003226296044886112,0.036384096024006,0.0032089734449982643,0.4134101707244993,0.0030394408386200666,0.09073859373934393,0.0029620411805808544,0.011321012071199617,-1418.376306618402,1.0077073574066162,0.4262619722478928,0.4999240079200264,-0.2717797585212504,Vincent_van_Gogh_001.jpg,Vincent_van_Gogh,Impresionismo,4
231.23369,224.999,215.29799,49.29212,50.272972,47.5086,0.0,0.0,0.0,255.0,255.0,255.0,0.069158964,0.052527476,0.9013394,0.1937485,0.19468511641025543,0.222885400056839,0.3187403678894043,0.25,0.12429089844226837,0.14109444618225098,5.8415207862854,1.7962446212768555,11.30858325958252,2.536024332046509,5.882811546325684,1.8756886720657349,11.325704574584961,2.5859978199005127,0.0034463834017515182,0.16919299072764418,0.0034917944576591253,0.10801508722300801,0.0032470813021063805,0.07966368065377967,0.003493271768093109,0.23525459688826025,0.0032979685347527266,0.06876866258054377,0.00339141977019608,0.04088480276599089,0.0036998463328927755,0.10412148357692912,0.003609227016568184,0.051206192047776204,0.003445192938670516,0.013440986955838442,-1376.5342868105172,0.9537129402160645,0.7109516713049135,0.49433335390358857,-0.4454877350087707,Vincent_van_Gogh_002.jpg,Vincent_van_Gogh,Impresionismo,4
204.39265,196.74812,188.61227,63.2091,62.201,58.231686,0.0,0.0,0.0,255.0,255.0,255.0,0.0852908,0.05155131,0.80156624,0.24803053,0.24343423545360565,0.2597089111804962,0.2836334705352783,0.25,0.14405009150505066,0.14819945394992828,5.52029275894165,2.359776735305786,9.89382266998291,3.129600763320923,5.128335952758789,1.8118841648101807,9.892688751220703,3.1258275508880615,0.003565944731235504,0.2707299015765177,0.003076140535995364,0.15042679209128124,0.003161595668643713,0.06094852364776587,0.0035513986367732286,0.08407368696106611,0.0022888202220201492,0.08929100252591238,0.002781228395178914,0.018164794007490638,0.0034870710223913193,0.06461109659437331,0.0027483333833515644,0.1307290305722498,0.002766116289421916,0.029431234213047643,-1413.5966050412064,0.7510693073272705,0.8944941224796084,0.4743873198594583,-0.5541787477942784,Vincent_van_Gogh_003.jpg,Vincent_van_Gogh,Impresionismo,4
203.54166,194.95982,186.4342,49.230312,48.871033,45.721687,0.0,0.0,0.0,255.0,255.0,251.0,0.079023436,0.038828555,0.7956285,0.1938287,0.19113986194133759,0.24462440609931946,0.24952229857444763,0.2500000944769886,0.13935361802577972,0.1258566975593567,5.231497287750244,1.9935578107833862,9.822160720825195,2.645465850830078,5.128398418426514,1.7387458086013794,9.838072776794434,2.6974081993103027,0.0034785273019224405,0.22526268137523528,0.0033511528745293617,0.10905489164286905,0.0031549439299851656,0.017396365517687383,0.00288902735337615,0.21920067257323936,0.0026836383622139692,0.085810951098888,0.003113923827186227,0.031109916030456403,0.0028840461745858192,0.1755038342801322,0.0027206421364098787,0.007928944134895864,0.00297733535990119,0.02770109973893539,-1419.5372710511444,0.886231005191803,0.8590932239013341,0.4964619608783254,-0.667019951721608,Vincent_van_Gogh_004.jpg,Vincent_van_Gogh,Impresionismo,4
224.3768,225.7848,222.96796,42.23079,39.981537,42.135273,11.0,20.0,15.0,255.0,255.0,255.0,0.01864927,0.028771719,0.88560873,0.15696302,0.16031686961650848,0.1333252191543579,0.18303003907203674,0.25,0.07137500494718552,0.10883381217718124,5.7482428550720215,1.5493748188018799,11.175690650939941,2.151402711868286,5.697492599487305,1.3632601499557495,11.175665855407715,2.0709877014160156,0.003529285080730915,0.060974442423662296,0.0035696025006473064,0.0015489440204669456,0.003631789702922106,0.10832165824029517,0.0030537727288901806,0.07479311155007527,0.0032706614583730698,0.007022459688296771,0.0034753954969346523,0.07635945943594072,0.003361859591677785,0.2141980733921004,0.003714770544320345,0.056301504564163704,0.003517177887260914,0.24066065073052725,-1411.3299584510467,0.9457514882087708,0.07522448469708766,0.5060746732689806,-0.361695625920142,Vincent_van_Gogh_005.jpg,Vincent_van_Gogh,Impresionismo,4
102.96249,74.600845,44.12381,40.757233,30.636967,19.513834,0.0,0.0,0.0,255.0,244.0,202.0,0.57178843,0.109374434,0.40384868,0.15988909,0.12607869505882263,0.2770121991634369,0.1717509627342224,0.24999986585643957,0.13414259254932404,0.10927887260913849,2.2856602668762207,1.5416783094406128,4.001348495483398,1.9443742036819458,2.174184560775757,1.391279935836792,3.976911783218384,1.7690154314041138,0.001290275831706822,0.14654593746227212,0.0014194166287779808,0.1568320656766872,0.0011476579820737243,0.09344681878546421,0.0011089296313002706,0.047622841965471445,0.0012713719625025988,0.08116865869853918,0.0011679340386763215,0.03035373656887601,0.000986675382591784,0.06336351563443197,0.001262511475943029,0.11431123988892913,0.0013654825743287802,0.16632621031027406,-1419.5654257797273,1.0382930040359497,0.8117126384597381,0.5059806009361671,-0.7785573996472674,Vincent_van_Gogh_006.jpg,Vincent_van_Gogh,Impresionismo,4
204.7239,190.57715,152.06725,42.164764,41.14565,37.944363,0.0,0.0,0.0,255.0,255.0,241.0,0.27104443,0.09563479,0.8028456,0.16530421,0.16068978607654572,0.4596138298511505,0.4726925790309906,0.25,0.3805709779262543,0.5263778567314148,5.02468204498291,1.9077478647232056,9.492613792419434,2.2901816368103027,5.186701774597168,2.1868622303009033,9.463114738464355,2.131904125213623,0.003231033217161894,0.21055718475073315,0.0031978534534573555,0.16077562990005387,0.0033107029739767313,0.18822191633251542,0.0028285000007599592,0.06312765575438387,0.0027497578412294388,0.05748997546232569,0.0030847289599478245,0.09305164881201748,0.002819121815264225,0.05777724579567897,0.0024587404914200306,0.02780537434915315,0.002667502500116825,0.03525046382189239,-1419.5654257797273,0.9392663240432739,0.5787211241674959,0.5021662789646741,-0.24729804242244569,Vincent_van_Gogh_007.jpg,Vincent_van_Gogh,Impresionismo,4
192.50085,153.60222,97.74484,54.181744,50.27204,34.172386,0.0,0.0,0.0,255.0,255.0,255.0,0.50446725,0.09733219,0.75368434,0.21274053,0.19356106221675873,0.37990802526474,0.317848801612854,0.249999918532835,0.17348088324069977,0.16314296424388885,4.638823986053467,2.4639055728912354,8.008151054382324,2.8479866981506348,4.235424041748047,1.9325934648513794,7.988852024078369,2.7718563079833984,0.00259132101200521,0.03570119277705598,0.002833778504282236,0.11809284715032745,0.0024861707352101803,0.08682020946185724,0.0025893545243889093,0.04163135065064566,0.002906964858993888,0.3726145192084911,0.0027160500176250935,0.15106945206162437,0.001833861693739891,0.024623939419712644,0.0023023108951747417,0.05848918816666618,0.0017156433314085007,0.010358712962175448,-1419.558345717124,1.1905362606048584,3.728624719823751,0.4990214412387149,-0.5194573760432273,Vincent_van_Gogh_008.jpg,Vincent_van_Gogh,Impresionismo,4
191.31125,176.09566,127.49076,41.120903,47.45363,41.697857,8.0,7.0,0.0,238.0,225.0,221.0,0.35601076,0.1212454,0.7572074,0.16202974,0.17404770851135254,0.23288388550281525,0.2529880702495575,0.25,0.10832628607749939,0.12435805797576904,4.660619735717773,1.893295407295227,8.763980865478516,2.461225986480713,4.501890659332275,1.6128802299499512,8.7705078125,2.4648704528808594,0.00320942560210824,0.3026298076923077,0.003049129154533148,0.08164903846153847,0.0026826802641153336,0.009697115384615384,0.0029140401165932417,0.21652884615384616,0.002907445188611746,0.12775721153846153,0.002362583763897419,0.0023509615384615383,0.0020744248759001493,0.006497596153846154,0.0023769093677401543,0.07236298076923077,0.002726218895986676,0.07676201923076922,-1419.5654257797273,1.0767009258270264,1.2829381225070589,0.49162660982750234,-0.6381768759094771,Vincent_van_Gogh_009.jpg,Vincent_van_Gogh,Impresionismo,4
210.10994,205.21399,197.9486,68.43408,67.5087,64.44287,0.0,0.0,0.0,255.0,255.0,255.0,0.069413364,0.09848593,0.82163644,0.2677316,0.2643111050128937,0.43271395564079285,0.6533570885658264,0.25000015249862906,0.2529109716415405,0.34810057282447815,6.359801769256592,3.4380667209625244,10.453532218933105,3.575885772705078,6.1670756340026855,3.103834390640259,10.421103477478027,3.3748743534088135,0.003326801583170891,0.00767495100219049,0.003156836610287428,0.008740001427387168,0.003691211109980941,0.08405114438021202,0.0025470491964370012,0.02290407409237391,0.0022073134314268827,0.017326284236704712,0.003724094247445464,0.17828065725689127,0.00305941398255527,0.13342776048443325,0.0031603623647242785,0.04736180421738009,0.0035752917174249887,0.39562231335540293,-1417.5901893871685,0.6983091235160828,0.1741550813323012,0.5242480136050987,-0.3481482238349971,Vincent_van_Gogh_010.jpg,Vincent_van_Gogh,Impresionismo,4
225.83197,205.49771,162.50204,32.99925,30.01163,24.336493,48.0,45.0,15.0,255.0,242.0,203.0,0.28090224,0.02001984,0.8855938,0.12936006,0.11848670989274979,0.08661481738090515,0.14124715328216553,0.25,0.05271228030323982,0.09716955572366714,5.18600606918335,1.0790375471115112,10.266351699829102,1.6026897430419922,5.212119102478027,1.23935067653656,10.265989303588867,1.5559799671173096,0.00337279518134892,0.21503179676430853,0.0033664938528090715,0.21310971256603733,0.0033747688867151737,0.19414148736366932,0.0033827864099293947,0.07252298263534218,0.0033834290225058794,0.07080958186431184,0.0033581817988306284,0.06759146374949201,0.003000630298629403,0.008632903884806748,0.002657094271853566,0.006084769404812899,0.00272045424208045,0.002932551319648094,-1419.5654257797273,1.0640931129455566,0.7489930534230735,0.49509598192245347,-0.34301693869865685,Vincent_van_Gogh_011.jpg,Vincent_van_Gogh,Impresionismo,4
199.33098,170.43535,104.72915,49.46049,50.21098,36.76155,0.0,0.0,0.0,255.0,245.0,184.0,0.49531633,0.10581303,0.7816766,0.19393565,0.18910084664821625,0.2828214466571808,0.3026887774467468,0.25,0.13983112573623657,0.14899519085884094,4.878007411956787,2.2874326705932617,8.5750732421875,2.49717116355896,4.551443576812744,1.8797863721847534,8.579096794128418,2.544623851776123,0.0030815727077424526,0.12914808997872124,0.0032065140549093485,0.2301461647583342,0.00300239073112607,0.19068547978518594,0.002665426582098007,0.06808567230722465,0.0026328577660024166,0.15819738575336914,0.00234178826212883,0.12009195460532981,0.0023227310739457607,0.0038504407741412503,0.0022444732021540403,0.001640237106089776,0.0022468995302915573,0.0,-1419.5654257797273,0.99793541431427,1.5787365441101553,0.4898670737362932,-0.27999343798968074,Vincent_van_Gogh_012.jpg,Vincent_van_Gogh,Impresionismo,4
178.12068,176.78073,175.2339,57.437763,55.58016,55.810253,0.0,0.0,0.0,255.0,255.0,255.0,0.026200218,0.03506342,0.7010678,0.222307,0.22021931409835815,0.3694581985473633,0.3202485740184784,0.25,0.17551939189434052,0.17341125011444092,4.901568412780762,2.4352338314056396,8.829192161560059,3.141883373260498,4.792649745941162,2.4180166721343994,8.812829971313477,2.9464731216430664,0.003130529774352908,0.12867231638418078,0.0032309233210980892,0.12504708097928438,0.0033590521197766066,0.4157878217200251,0.002565941074863076,0.013794726930320151,0.0024285479448735714,0.0051318267419962335,0.002688672859221697,0.0647834274952919,0.0022896521259099245,0.02879786566227244,0.0022549296263605356,0.007391713747645951,0.002550122793763876,0.11043628374136849,-1412.803218922786,0.8921756744384766,0.05132721241844331,0.507648279176354,-0.1743653870007802,Vincent_van_Gogh_013.jpg,Vincent_van_Gogh,Impresionismo,4
232.5277,201.5893,136.08424,41.177086,41.381786,34.498543,0.0,0.0,0.0,255.0,250.0,196.0,0.4263271,0.09186914,0.9099366,0.16146179,0.15799100697040558,0.10463012009859085,0.14751647412776947,0.25,0.04682191461324692,0.07156022638082504,5.223760604858398,1.4624485969543457,10.099976539611816,1.9839097261428833,5.199378490447998,1.3387054204940796,10.102337837219238,2.0504565238952637,0.00320077920332551,0.13666577801475163,0.0035217818804085255,0.3665067093219586,0.0033216834999620914,0.034897360703812316,0.003022694494575262,0.11356082822358482,0.003354261163622141,0.16186794632542434,0.003306408878415823,0.07020350128854527,0.003206057008355856,0.013152048342664178,0.0027514786925166845,0.00045321247667288723,0.0024444155860692263,0.0017506442726384075,-1419.5654257797273,1.0731861591339111,1.6203752418116424,0.4952928162612618,-0.3483503001292832,Vincent_van_Gogh_014.jpg,Vincent_van_Gogh,Impresionismo,4
190.04007,156.80243,101.07296,54.95693,50.15953,37.20343,0.0,0.0,0.0,250.0,241.0,174.0,0.49263212,0.11188315,0.7452805,0.21545644,0.19586102664470673,0.15800979733467102,0.17105509340763092,0.24999975006923084,0.0609855055809021,0.062060486525297165,4.20665979385376,1.6385082006454468,7.986272811889648,2.4704267978668213,4.2718353271484375,1.6745946407318115,7.9863786697387695,2.480804681777954,0.0023072336334735155,2.7069460234962914e-05,0.0027016103267669678,0.0276649883601321,0.002639996586367488,0.03804161478353455,0.0025925321970134974,0.14349520870553842,0.002932243747636676,0.2969700250843665,0.002953161718323827,0.30658870662119,0.002603048924356699,0.0717972316965333,0.0017608129419386387,0.004475484092180535,0.0017000249354168773,0.009898399292584773,-1419.5654257797273,1.1892428398132324,2.9731397834433384,0.49951371229552305,-0.26798775992430685,Vincent_van_Gogh_015.jpg,Vincent_van_Gogh,Impresionismo,4
210.1082,203.60829,174.59103,48.776905,49.130405,48.25492,0.0,0.0,0.0,255.0,255.0,244.0,0.18842293,0.10382266,0.8240281,0.19106247,0.19162358343601227,0.3755735158920288,0.4948684871196747,0.25,0.32087069749832153,0.5002666115760803,5.399997234344482,2.2233097553253174,10.061403274536133,2.5156965255737305,5.650275707244873,2.5105578899383545,10.07244873046875,2.7300641536712646,0.0033280171919614077,0.10306097023364576,0.00339069333858788,0.2047419163168689,0.0033583815675228834,0.1603511394782742,0.0032291333191096783,0.05485595997929964,0.0032521591056138277,0.11394782742031319,0.0033103032037615776,0.12123128821421042,0.00233254162594676,0.025319609759837464,0.0026641504373401403,0.04352826174458053,0.0031258813105523586,0.06440112701972285,-1419.5654257797273,1.0456598997116089,1.150422382724014,0.5097374994009402,-0.15342761263941035,Vincent_van_Gogh_016.jpg,Vincent_van_Gogh,Impresionismo,4
140.51883,127.543304,100.46237,62.664345,56.25475,41.432323,4.0,0.0,0.0,255.0,252.0,212.0,0.2681374,0.0734754,0.55115235,0.24571642,0.22105446457862854,0.22765840590000153,0.20776969194412231,0.24999726835664335,0.15427634119987488,0.19168923795223236,3.2953999042510986,1.8507161140441895,6.392098903656006,3.014544725418091,3.3114960193634033,2.0022549629211426,6.389174461364746,2.881289005279541,0.002745295176282525,0.27358978782128685,0.00235881470143795,0.11785652677493284,0.002630045870319009,0.19872347766085907,0.0019750623032450676,0.11767170211192982,0.001839290838688612,0.024803469775006776,0.0019457588205114007,0.07307967175139851,0.0010157235665246844,0.0,0.0012390153715386987,0.00032036274920525397,0.00200700294226408,0.08923334729786343,-1419.5654257797273,0.9322779178619385,0.24934279550703103,0.5226329672494054,-0.2168060565863972,Vincent_van_Gogh_017.jpg,Vincent_van_Gogh,Impresionismo,4
235.74065,189.63907,122.24878,23.372738,28.708038,23.433996,17.0,0.0,0.0,255.0,238.0,174.0,0.4868822,0.072873935,0.92358637,0.09170316,0.10286935418844223,0.10622833669185638,0.11276137083768845,0.25000041868402584,0.05091254413127899,0.046884600073099136,4.908886909484863,0.9450992941856384,9.718876838684082,1.3974779844284058,4.961369037628174,1.153609037399292,9.717585563659668,1.408735990524292,0.0031246424186974764,0.052719133748714536,0.0033052556682378054,0.4733228479825782,0.0030935360118746758,0.09892777206460589,0.0029682363383471966,0.002843143185530216,0.0027200502809137106,0.08690490593430525,0.0027875418309122324,0.04608765349948581,0.00308688054792583,0.020990865646361382,0.0030566586647182703,0.10120379892323514,0.0029354405123740435,0.012559736253100235,-1419.5654257797273,0.9040605425834656,0.8733576750736051,0.4942245096227208,-0.2549157125165567,Vincent_van_Gogh_018.jpg,Vincent_van_Gogh,Impresionismo,4
150.35898,128.08777,91.61647,66.45697,63.140312,49.70794,0.0,0.0,0.0,255.0,255.0,255.0,0.4372074,0.15595332,0.58892643,0.26080158,0.2449600249528885,0.34813162684440613,0.309687077999115,0.25,0.13107307255268097,0.11926095187664032,4.211920738220215,2.933896064758301,6.687064170837402,3.3305912017822266,4.01371955871582,2.6137590408325195,6.618349552154541,3.1525466442108154,0.0021743366960436106,0.02869806773152498,0.002009408315643668,0.0114588014216267,0.0020901435054838657,0.025450386045181583,0.0020336066372692585,0.1324298378201724,0.001561095006763935,0.03003935345942781,0.0018662892980501056,0.05537058975720686,0.002387009793892503,0.251327668613914,0.0019385272171348333,0.18434848918120295,0.001985705690458417,0.17453395427373122,-1419.439752985323,0.7785487174987793,0.30252558760441217,0.48663828317598995,-0.5743535755100114,Vincent_van_Gogh_019.jpg,Vincent_van_Gogh,Impresionismo,4
208.14555,199.93427,187.81082,62.59205,62.042343,57.952053,0.0,0.0,0.0,255.0,255.0,255.0,0.08154166,0.05349182,0.8041683,0.24554475,0.24231745302677155,0.2910207211971283,0.3335607647895813,0.25,0.1572015881538391,0.17121583223342896,5.337028980255127,2.133918523788452,9.956151008605957,3.140474557876587,5.408361911773682,2.17551589012146,10.003215789794922,3.2978484630584717,0.0036727183032780886,0.602772600599961,0.003066142788156867,0.14521362514865896,0.003648773767054081,0.03716917833750466,0.0032992889173328876,0.05581056854287591,0.002697743708267808,0.005314446988657543,0.0030557860154658556,0.003502138914035181,0.0023726546205580235,0.0035749152422031704,0.002705293009057641,0.028267390879883558,0.003096760017797351,0.015456982089923141,-1414.2800857553814,0.8792132139205933,0.05331734029952156,0.5090507748207973,-0.6327030952720321,Vincent_van_Gogh_020.jpg,Vincent_van_Gogh,Impresionismo,4
184.9385,167.99521,156.6933,40.20018,37.86629,33.964077,1.0,0.0,0.0,248.0,237.0,233.0,0.15468612,0.03280892,0.7254768,0.157556,0.14930345118045807,0.1848190575838089,0.22915466129779816,0.24999878234102244,0.11882032454013824,0.18623392283916473,4.499508380889893,1.5637191534042358,8.547828674316406,2.0489015579223633,4.426718711853027,1.4913512468338013,8.535870552062988,1.9073253870010376,0.002800683258101344,0.03453161553922699,0.0029557361267507076,0.13296429316726527,0.0026913017500191927,0.012059705426867443,0.0026535724755376577,0.06027656045778554,0.0023986506275832653,0.13187694267795755,0.00246322900056839,0.00729293661515481,0.002729959087446332,0.10674706470284578,0.002692333422601223,0.3298955484529968,0.0023908577859401703,0.035684866058189726,-1419.5654257797273,0.907952606678009,1.3941632616777695,0.4891825345115224,-0.27961446634899195,Vincent_van_Gogh_021.jpg,Vincent_van_Gogh,Impresionismo,4
147.58542,140.83034,136.07524,83.59095,83.3795,78.414566,1.0,0.0,0.0,255.0,255.0,255.0,0.10675749,0.08057634,0.57702523,0.32834923,0.3254985213279724,0.34812644124031067,0.32577645778656006,0.24999994213178628,0.1596541851758957,0.15153473615646362,4.108473777770996,2.674926280975342,7.270991802215576,4.447007656097412,4.2506256103515625,2.8229925632476807,7.290477275848389,4.514945030212402,0.0028417492285370827,0.17688854398745005,0.0014755773590877652,0.09444180205438873,0.0029535593930631876,0.21848741248821354,0.0016567150596529245,0.010753832160946587,0.001400791690684855,0.026441284702230457,0.0031634364277124405,0.31275398235996027,0.0020570161286741495,0.022446408157475322,0.0019083888037130237,0.019936832970352383,0.0021982036996632814,0.006765213908428668,-1418.5151962496216,0.6414035558700562,0.2677100223185598,0.5251428703496211,-0.9438915087515553,Vincent_van_Gogh_022.jpg,Vincent_van_Gogh,Impresionismo,4
204.90215,171.48334,85.34202,47.3773,46.483006,42.193924,0.0,0.0,0.0,255.0,235.0,170.0,0.61007065,0.14476721,0.80296767,0.18584768,0.17902371287345886,0.11081430315971375,0.1168711706995964,0.25,0.05517866834998131,0.050876643508672714,4.345826625823975,1.3120675086975098,8.532362937927246,2.295030117034912,4.379121780395508,1.4206620454788208,8.53106689453125,2.290354013442993,0.0031752237118780613,0.1643338517366511,0.003205222310498357,0.283712741936045,0.0031091426499187946,0.17578395454751045,0.0020642830058932304,0.04226552687521093,0.0022875897120684385,0.14641588471266886,0.0021526850759983063,0.06374969121950032,0.0025870390236377716,0.0007062810302657078,0.0027481650467962027,0.0224374697743032,0.0024270121939480305,1.0437650693581889e-05,-1419.5654257797273,0.8666406273841858,1.4651096552978584,0.49634718320580257,-0.44884530847860504,Vincent_van_Gogh_023.jpg,Vincent_van_Gogh,Impresionismo,4
120.651566,122.12339,123.81667,60.000107,57.604706,57.83431,0.0,0.0,0.0,255.0,255.0,255.0,0.057946175,0.07264355,0.4876892,0.22771563,0.22884118556976318,0.381978839635849,0.27645590901374817,0.25,0.2213287502527237,0.18793915212154388,3.3924896717071533,2.3363640308380127,6.1221818923950195,3.305614948272705,3.3376455307006836,2.2526960372924805,6.079277992248535,3.1124792098999023,0.00184603629168123,0.09706279126808928,0.001725630136206746,0.02441133186166299,0.0018302635289728642,0.03237674760853569,0.0015708283754065633,0.04850993377483444,0.0015860104467719793,0.030954132940887908,0.002180966781452298,0.17468727005150847,0.0023002324160188437,0.31694260485651216,0.0020454011391848326,0.1274466519499632,0.0017796261236071587,0.04751042433161638,-1405.3262609694198,0.8463694453239441,0.30957504603767577,0.501183101062139,-0.3988274538323487,Vincent_van_Gogh_024.jpg,Vincent_van_Gogh,Impresionismo,4
212.26648,195.0458,153.34619,29.385883,27.243256,22.523232,65.0,55.0,19.0,255.0,243.0,208.0,0.27796704,0.0243368,0.83199346,0.115248844,0.10704753547906876,0.18151158094406128,0.1916189044713974,0.25,0.14124824106693268,0.19352050125598907,4.912367820739746,1.2706143856048584,9.705516815185547,1.4755451679229736,4.921547889709473,1.4648597240447998,9.705536842346191,1.4126099348068237,0.0029568998143076897,0.021766047572499187,0.0027942464221268892,0.061739980449657866,0.002928696107119322,0.06301726946888238,0.002961802762001753,0.07073313782991203,0.0027820910327136517,0.07268817204301076,0.0030431479681283236,0.13401107852720756,0.003276403760537505,0.12853698273053113,0.0031709386967122555,0.14889540566959922,0.0031330164056271315,0.18334310850439883,-1419.5654257797273,0.9257408380508423,0.7394262738332777,0.4983335495493915,-0.24308179626936663,Vincent_van_Gogh_025.jpg,Vincent_van_Gogh,Impresionismo,4
135.89801,113.25233,94.743774,48.400837,47.888832,47.390026,44.0,29.0,16.0,255.0,236.0,212.0,0.33427304,0.09907987,0.5329427,0.18989031,0.18785984814167023,0.12000621110200882,0.10041099786758423,0.25,0.07810290157794952,0.08787624537944794,2.960629463195801,1.3422596454620361,5.85625696182251,2.4056007862091064,2.978287935256958,1.5666247606277466,5.856667518615723,2.4002315998077393,0.002672753296792507,0.38456359756723757,0.0026252521201968193,0.2631993336147974,0.0026256099808961153,0.14433401417209626,0.0016489190747961402,0.07707931581409679,0.0013932668371126056,0.01758389721236464,0.001661408692598343,0.016317308899209237,0.0012043871683999896,0.000125517760763148,0.001156152575276792,0.0,0.0013376304414123297,0.0,-1419.5654257797273,0.7680883407592773,0.17521538542611156,0.5005736699315292,-0.224232220873221,Vincent_van_Gogh_026.jpg,Vincent_van_Gogh,Impresionismo,4
106.11066,97.198906,70.24201,56.01378,50.120335,42.559593,0.0,0.0,0.0,255.0,255.0,255.0,0.34535652,0.11494831,0.41869196,0.21805042,0.1989503651857376,0.29185718297958374,0.21383722126483917,0.25,0.24910487234592438,0.2364669144153595,2.5485968589782715,1.6971771717071533,4.8235063552856445,2.628972053527832,2.6128203868865967,1.8869942426681519,4.818335056304932,2.5972604751586914,0.0017073954222723842,0.20508416351769151,0.0016837870934978127,0.20781088972861558,0.0017959052929654717,0.3347002748196496,0.0017644197214394808,0.03546891102713844,0.0011586409527808428,0.003972002748196496,0.0018194176955148578,0.08697612504294057,0.0013472948921844363,0.006498339631283637,0.0010434879222884774,0.004594641016832704,0.0010466177482157946,0.005052673766174282,-1418.9546948927773,0.7801095247268677,0.040159185519998065,0.4947951438914047,-0.39989987841110886,Vincent_van_Gogh_027.jpg,Vincent_van_Gogh,Impresionismo,4
109.95459,96.70588,86.784325,50.469223,48.40163,34.761387,3.0,0.0,11.0,255.0,254.0,238.0,0.24769482,0.09504073,0.43637604,0.1915028,0.18550455570220947,0.2523699998855591,0.2051434963941574,0.25,0.19547544419765472,0.1923089176416397,2.740494728088379,1.8059537410736084,4.978099822998047,2.450269937515259,2.635935068130493,1.6271404027938843,4.964526176452637,2.3926737308502197,0.002234475454315543,0.45039405602785887,0.0016271945787593722,0.1764581482891342,0.0016639020759612322,0.08014352380549564,0.0014876654604449868,0.04821018201299891,0.001112171565182507,0.04288090907809217,0.0014371606521308422,0.04629982094770827,0.0016077783657237887,0.031369397566580665,0.0011520370608195662,0.022254649015212395,0.0014549599727615714,0.0033061230244328835,-1419.5654257797273,0.7265172600746155,0.42818256464776827,0.4798751005190583,-0.41190465361237083,Vincent_van_Gogh_028.jpg,Vincent_van_Gogh,Impresionismo,4
137.44348,128.02563,118.65476,80.14443,73.884636,63.717964,1.0,4.0,7.0,255.0,255.0,255.0,0.16731262,0.079290815,0.546345,0.30580276,0.2920542359352112,0.2572607696056366,0.2526833415031433,0.25,0.19653533399105072,0.21705389022827148,3.5513360500335693,2.3928329944610596,6.488934516906738,3.7479612827301025,3.350234270095825,2.1291403770446777,6.4757399559021,3.772212266921997,0.002699152333661914,0.25087614891225285,0.0015596688026562333,0.1416165222949591,0.002922099083662033,0.2615111640106681,0.002006443217396736,0.06698406400846393,0.0007956429035402834,0.002369459322444841,0.0017152001382783055,0.01923119310542441,0.0020288180094212294,0.06363375873393727,0.001628546160645783,0.028863320769688554,0.002590679796412587,0.06670854548259825,-1419.5413801789957,0.39901095628738403,0.023647448970205428,0.5022357088674719,-0.4278947451485407,Vincent_van_Gogh_029.jpg,Vincent_van_Gogh,Impresionismo,4
161.08893,149.24919,135.9173,61.626835,62.324974,56.596012,0.0,0.0,0.0,255.0,255.0,255.0,0.181398,0.102803856,0.6324444,0.24093537,0.24045024812221527,0.5421783328056335,0.39988037943840027,0.25,0.5055490136146545,0.4906415641307831,4.0068135261535645,2.0650148391723633,7.554283142089844,3.166884422302246,4.6531572341918945,2.97279953956604,7.554811000823975,3.1499617099761963,0.0023410217836499214,0.011813793439722487,0.0028137958142906427,0.1649960643907468,0.002401493489742279,0.06866070868829278,0.0020211953669786453,0.021050285244599856,0.002710417378693819,0.25768140372385256,0.002394825918599963,0.16054499481056833,0.0015056994743645191,0.009257388845159897,0.0021936839912086725,0.051399753414924663,0.0025532215368002653,0.15451968152910608,-1419.5546052237787,1.1651893854141235,2.5770311833637347,0.5235162242637393,-0.3422654305656815,Vincent_van_Gogh_030.jpg,Vincent_van_Gogh,Impresionismo,4
120.9048,102.20801,68.35234,57.943115,38.4962,24.684233,0.0,6.0,0.0,255.0,255.0,243.0,0.40479177,0.122485496,0.47940627,0.2208756,0.1658361703157425,0.2693716287612915,0.21063272655010223,0.25,0.2021845281124115,0.1937529444694519,2.759324312210083,1.710653305053711,5.199329376220703,2.392936944961548,2.7499139308929443,1.647260308265686,5.188202857971191,2.2263214588165283,0.0017703715711832047,0.22431224689289206,0.0012022516457363963,0.03707582739840804,0.0014245071215555072,0.012917190336545176,0.0016689851181581616,0.21005446166736488,0.0012648808769881725,0.012959083926825862,0.0016577510396018624,0.059719312945119396,0.0015371298650279641,0.021240050272308336,0.0018484017346054316,0.12128892612763581,0.0020055044442415237,0.19875017455662616,-1419.5654257797273,0.791657030582428,0.12983357552617567,0.5108988617001576,-0.46317545994206805,Vincent_van_Gogh_031.jpg,Vincent_van_Gogh,Impresionismo,4
151.76299,146.73965,119.16344,76.842064,68.56138,60.11639,0.0,5.0,4.0,255.0,255.0,254.0,0.23730844,0.10397505,0.6063187,0.28798985,0.2737399637699127,0.2810775637626648,0.231361985206604,0.25,0.22963964939117432,0.24114808440208435,3.706956386566162,1.9764342308044434,7.2114338874816895,3.5206096172332764,3.8630127906799316,2.3091955184936523,7.207754611968994,3.5126900672912598,0.002797519788146019,0.05986972888381339,0.0030512299854308367,0.19289712247458726,0.00332542578689754,0.36183366465056604,0.002102276310324669,0.06171664622368848,0.002562133362516761,0.0767739570556472,0.0025513574946671724,0.14734452762621777,0.0010344167239964008,2.1147908471852134e-05,0.0012428659247234464,1.4098605647901423e-05,0.001416233368217945,0.0,-1419.5238848101817,1.1481636762619019,0.7673380111260212,0.52443649440274,-0.28423079069261953,Vincent_van_Gogh_032.jpg,Vincent_van_Gogh,Impresionismo,4
172.64124,160.95172,105.37795,58.003178,68.43914,78.495316,0.0,0.0,0.0,255.0,255.0,255.0,0.49369833,0.2764847,0.68962544,0.23345315,0.25374752283096313,0.34088075160980225,0.338369756937027,0.25,0.2687152326107025,0.30335336923599243,4.245731830596924,2.2128682136535645,7.948442459106445,3.3254141807556152,4.20944356918335,2.2007839679718018,7.945468902587891,3.267022132873535,0.0032865009270608425,0.33110832685273195,0.002976480405777693,0.3957847288228348,0.002961318241432309,0.17319047207580862,0.002299176761880517,2.160200466603301e-05,0.002063754014670849,0.00016561536910625305,0.002484377007931471,7.200668222011003e-06,0.0020870077423751354,7.200668222011003e-06,0.0016555818729102612,0.0,0.0020636136177927256,0.0,-1419.5276328559094,0.8489747643470764,0.0016556289735623888,0.4961707067923192,-0.3061571111905725,Vincent_van_Gogh_033.jpg,Vincent_van_Gogh,Impresionismo,4
176.22874,171.71402,134.1223,40.266,37.969097,34.11752,2.0,3.0,0.0,255.0,255.0,226.0,0.24834761,0.059883736,0.6927538,0.1549164,0.14959265291690826,0.30403581261634827,0.3158119022846222,0.25,0.21035543084144592,0.29329967498779297,4.384036540985107,1.7223901748657227,8.41393756866455,2.1653244495391846,4.335213661193848,1.6036579608917236,8.41034984588623,2.153392791748047,0.0029364433139562607,0.12208865514650638,0.002412906615063548,0.04730859649547999,0.0026167978066951036,0.08901868592617726,0.002897374564781785,0.09159981580669398,0.0027169138193130493,0.25375051501417806,0.0024165031500160694,0.12269455417949153,0.0026026892010122538,0.06450401105159836,0.0025846720673143864,0.08400184193306028,0.002172169741243124,0.023617944305760887,-1419.5654257797273,1.046910285949707,2.54150177503698,0.48152837699586126,-0.3536909302957393,Vincent_van_Gogh_034.jpg,Vincent_van_Gogh,Impresionismo,4
155.15366,152.58531,141.4484,72.44108,75.97811,74.95306,2.0,0.0,0.0,255.0,255.0,255.0,0.14924517,0.14887778,0.6109759,0.28645954,0.2933191657066345,0.24254418909549713,0.2520974278450012,0.25,0.13172176480293274,0.1778542399406433,4.093113422393799,2.214473247528076,7.606523513793945,3.751814126968384,4.129062652587891,2.3156299591064453,7.602835178375244,3.7686920166015625,0.0035519336815923452,0.35729935618700914,0.002779035596176982,0.20940214154897135,0.0033622942864894867,0.3064684666464422,0.0017236892599612474,0.00577521600880889,0.0014628885546699166,0.0,0.0019487851532176137,0.0010336962506039258,0.0019920519553124905,0.006910034718711025,0.0021123159676790237,0.0020561566723969393,0.0020888173021376133,0.0050336513072886824,-1419.4296266666577,0.6262990832328796,0.0,0.5029326361954143,-0.3241641220320839,Vincent_van_Gogh_035.jpg,Vincent_van_Gogh,Impresionismo,4
147.00664,129.79045,101.425644,66.17701,60.467316,47.132027,0.0,0.0,0.0,253.0,241.0,221.0,0.32642764,0.13225164,0.576707,0.25940442,0.23782600462436676,0.36139795184135437,0.31732141971588135,0.25,0.18603312969207764,0.18494011461734772,3.7196946144104004,2.140207290649414,6.757042407989502,3.366297483444214,3.6834969520568848,2.1293365955352783,6.648738861083984,3.017961263656616,0.002657335950061679,0.14256440281030444,0.0023335691075772047,0.08408411688629452,0.0024116607382893562,0.138149271208361,0.001902388408780098,0.12744896710825265,0.0011463324772194028,0.011014890419098885,0.002597151091322303,0.3671025726170086,0.0017573981313034892,0.0038383900171274775,0.0015091366367414594,0.005721538676640218,0.0019384535262361169,0.020137893669824183,-1419.5654257797273,0.5652057528495789,0.11014130035221835,0.5108697711612472,-0.8275625141886235,Vincent_van_Gogh_036.jpg,Vincent_van_Gogh,Impresionismo,4
189.26999,163.44221,137.597,46.29592,50.463444,50.57849,26.0,0.0,0.0,255.0,250.0,229.0,0.30623466,0.14172107,0.74224496,0.1815948,0.19293849170207977,0.22447608411312103,0.19790999591350555,0.25,0.18047809600830078,0.24897481501102448,4.249823093414307,1.517087697982788,8.357909202575684,2.5186562538146973,4.305459022521973,1.7109887599945068,8.357284545898438,2.452366828918457,0.0029929482843726873,0.3395374136789329,0.0032893242314457893,0.47411550468262226,0.002994500333443284,0.04903746097814776,0.0026318945456296206,0.006184372339419166,0.0020035170018672943,0.0013125532116166872,0.002773211570456624,0.006751962917415571,0.0024420609697699547,0.008785829155236024,0.001898242044262588,0.002743354460315959,0.002250142628327012,0.005179264024217198,-1419.5654257797273,0.7746909260749817,0.013218830542116266,0.4972517187508794,-0.3294722831505756,Vincent_van_Gogh_037.jpg,Vincent_van_Gogh,Impresionismo,4
114.80788,104.20544,95.106804,59.14822,61.4242,60.763355,8.0,0.0,0.0,251.0,247.0,236.0,0.2502371,0.17242411,0.45022985,0.23194145,0.23783838748931885,0.29807931184768677,0.25988370180130005,0.25,0.1802676022052765,0.20108838379383087,3.244652032852173,2.452714204788208,5.402996063232422,3.316603183746338,3.048950433731079,2.219644069671631,5.332067489624023,3.075669527053833,0.00284686335362494,0.5198203555974817,0.0021253025624901056,0.2503537518200275,0.0018140593310818076,0.08170128991243361,0.0016758254496380687,0.008428521625002563,0.001300673233345151,0.003568279228103275,0.001568283885717392,0.008428521625002563,0.001157316262833774,0.011750712630478026,0.0010993401519954205,0.0022558087074216106,0.0011255382560193539,0.010335705350368107,-1419.5654257797273,0.7956110835075378,0.035816385948212646,0.4730117746658778,-0.2979163276877976,Vincent_van_Gogh_038.jpg,Vincent_van_Gogh,Impresionismo,4
81.08235,87.65026,66.32802,44.89198,39.695747,33.309902,0.0,5.0,0.0,255.0,255.0,255.0,0.2821254,0.08499184,0.34757787,0.16010396,0.15812180936336517,0.22607427835464478,0.2609904408454895,0.25,0.14730200171470642,0.26760736107826233,2.3517723083496094,2.2030816078186035,4.149281024932861,2.0345919132232666,2.3974461555480957,2.0162317752838135,4.164768695831299,2.0906431674957275,0.0012200850760564208,0.12021319862148683,0.0012823061551898718,0.07921099385662607,0.0012139346217736602,0.08655307489778881,0.0013771378435194492,0.15970631675835348,0.0013339382130652666,0.11748399940064645,0.001329162623733282,0.1584755014234647,0.0011635147966444492,0.017038765331677978,0.0012576330918818712,0.0841770661643513,0.0013053972506895661,0.06291071772588137,-1418.3258427380613,1.0454788208007812,1.19371430942092,0.5053107693050555,-0.2952633687372208,Vincent_van_Gogh_039.jpg,Vincent_van_Gogh,Impresionismo,4
196.47156,180.17381,143.36125,66.289536,60.9006,48.000813,0.0,0.0,0.0,255.0,255.0,244.0,0.2693118,0.103162594,0.7700087,0.25939342,0.2390589416027069,0.38008835911750793,0.5673530697822571,0.25,0.315908282995224,0.5693329572677612,4.897703647613525,2.2355740070343018,9.115680694580078,3.3140060901641846,5.250096797943115,2.662407398223877,9.029895782470703,3.0297908782958984,0.002254731021821499,0.06301606821898185,0.0021467776969075203,0.07863832317526387,0.0023985342122614384,0.100233793261889,0.0028651468455791473,0.12072111031528306,0.0026501656975597143,0.12545103179858644,0.0029775488656014204,0.20235955511709935,0.0031145650427788496,0.052326445666716216,0.003288664622232318,0.06596213360001081,0.0033322439994663,0.05851588577915321,-1419.5654257797273,0.9529744982719421,1.3019228219401844,0.5054241640721137,-0.3902324916841419,Vincent_van_Gogh_040.jpg,Vincent_van_Gogh,Impresionismo,4
134.8972,131.16576,120.10097,55.81879,55.702652,55.131428,0.0,0.0,0.0,239.0,235.0,223.0,0.16502821,0.16879049,0.52902716,0.21893919,0.21837997436523438,0.20688869059085846,0.17677821218967438,0.25,0.10463358461856842,0.13396161794662476,3.358372688293457,1.563901424407959,6.5311689376831055,2.854806423187256,3.67277455329895,2.0853230953216553,6.529970169067383,2.805689573287964,0.002593941753730178,0.14685595782972932,0.0024618792813271284,0.10998437799764299,0.0020105920266360044,0.002612802733393629,0.0026036808267235756,0.32469098583056977,0.002044677035883069,0.07562510848612748,0.0024121792521327734,0.18435789916043158,0.0012391841737553477,0.011045029736618521,0.0014294098364189267,0.02855811658947022,0.0013431278057396412,0.009190487936342624,-1419.5654257797273,1.0145176649093628,0.7622467003349117,0.48611370091700623,-0.30387146346342797,Vincent_van_Gogh_041.jpg,Vincent_van_Gogh,Impresionismo,4
154.54967,104.1451,54.297512,51.807716,44.43969,23.289211,1.0,0.0,0.0,255.0,220.0,152.0,0.65895754,0.06837714,0.60586303,0.20353992,0.17285266518592834,0.22840580344200134,0.16604939103126526,0.25,0.10440637916326523,0.08746809512376785,3.0043327808380127,1.7624194622039795,5.674737930297852,2.4550888538360596,2.9509098529815674,1.5948206186294556,5.658153533935547,2.3006980419158936,0.0014725170331075788,0.05291367874886806,0.0017286273650825024,0.1576641621185051,0.0015037645353004336,0.008587799233678967,0.0018733053002506495,0.14636242253168757,0.0022771661169826984,0.3128210566963351,0.0016694982768967748,0.015242119919180053,0.0016723353182896972,0.043053210091072006,0.0019707733299583197,0.1435777783216536,0.001541218371130526,0.019941207023612368,-1419.5654257797273,1.3046095371246338,3.1276422928306236,0.495667508280833,-0.8915255115084377,Vincent_van_Gogh_042.jpg,Vincent_van_Gogh,Impresionismo,4
196.26216,195.78354,183.27963,54.712364,58.209743,57.016518,4.0,0.0,0.0,255.0,255.0,254.0,0.09633219,0.103242375,0.77418655,0.2169919,0.22366304695606232,0.16876068711280823,0.22320818901062012,0.25,0.10526330024003983,0.1683017909526825,5.056622505187988,1.6462000608444214,9.706169128417969,2.867232322692871,4.96852445602417,1.6843976974487305,9.726999282836914,2.914808511734009,0.003283379366621375,0.16599153325650126,0.003393579972907901,0.2885196891723815,0.00364675628952682,0.37367778449741545,0.0029350074473768473,4.5642822095690176e-05,0.0017158928094431758,0.0001026963497153029,0.002992410911247134,0.003936693405753278,0.003296478185802698,0.007120280246927667,0.002510545076802373,0.0014149274849663955,0.003142314264550805,0.05331081620776613,-1419.5147822539225,0.5737395882606506,0.0010337169382415756,0.5023471999811207,-0.26108315091269574,Vincent_van_Gogh_043.jpg,Vincent_van_Gogh,Impresionismo,4
185.65895,176.7099,165.08835,46.241802,48.667336,47.58656,1.0,0.0,0.0,248.0,243.0,230.0,0.13579243,0.12061981,0.7281468,0.18139745,0.18749797344207764,0.15672123432159424,0.20468373596668243,0.25,0.10072621703147888,0.15566480159759521,4.607464790344238,1.4992599487304688,8.892546653747559,2.416099786758423,4.5652079582214355,1.406948208808899,8.889542579650879,2.415188789367676,0.0029399050399661064,0.0017812533941566199,0.002606293885037303,0.000575648962745737,0.00343907019123435,0.4727381340284566,0.0025993245653808117,0.00015205821657434562,0.002276378683745861,0.0,0.0032138112001121044,0.38119908765070054,0.0027075207326561213,0.0010318236124687737,0.002171460073441267,0.0,0.0026759656611829996,0.02964049093081351,-1419.5654257797273,0.8318131566047668,0.0,0.5153378519709264,-0.27387409537350516,Vincent_van_Gogh_044.jpg,Vincent_van_Gogh,Impresionismo,4
139.22032,137.61766,140.75722,65.65236,65.659615,65.68555,0.0,0.0,0.0,255.0,255.0,255.0,0.03414005,0.039140087,0.5520336,0.25763893,0.2575250267982483,0.17383724451065063,0.15399350225925446,0.24999873338197146,0.07433454692363739,0.08800781518220901,3.5660057067871094,2.0115256309509277,6.902853488922119,3.3938586711883545,3.552168130874634,2.008948564529419,6.891744136810303,3.365044355392456,0.0026581655256450176,0.20865616121044764,0.0029270427767187357,0.319385647614592,0.002035045763477683,0.026701050925978752,0.002007239731028676,0.031915743350411356,0.00203618872910738,0.049545283384871686,0.0012300508096814156,0.00011410705523922544,0.0027719871141016483,0.18006093316749774,0.0018456708639860153,0.07957826032383582,0.0016481811180710793,0.0031151226080308545,-1419.5076869641941,0.9564730525016785,0.49596400761712117,0.4551178328823424,-0.25946129162228715,Vincent_van_Gogh_045.jpg,Vincent_van_Gogh,Impresionismo,4
157.67157,142.19986,136.56198,75.74283,75.79784,72.60315,12.0,0.0,0.0,255.0,249.0,245.0,0.17563628,0.09289154,0.6181969,0.29699984,0.29570630192756653,0.17605288326740265,0.18175435066223145,0.25,0.10149025171995163,0.13472136855125427,3.7536697387695312,2.1027259826660156,7.280830383300781,3.8041036128997803,3.7177839279174805,2.050276279449463,7.2838897705078125,3.798206329345703,0.0031222018878906965,0.16145274080757951,0.0023980631958693266,0.09357094518384841,0.0024547555949538946,0.09142341529438304,0.0020865933038294315,0.2564493570945184,0.0008847295539453626,0.0006045567335889917,0.002297919010743499,0.11063388224678547,0.0028514815494418144,0.1394360478231446,0.001940175425261259,0.012677644935709453,0.0021716442424803972,0.017333634107827657,-1419.5654257797273,0.3940370976924896,0.006157898946923364,0.4840570031760287,-0.3333007461191757,Vincent_van_Gogh_046.jpg,Vincent_van_Gogh,Impresionismo,4
145.73991,103.778786,61.654396,52.169388,50.441025,49.14865,0.0,0.0,0.0,255.0,255.0,255.0,0.6140455,0.20308614,0.5717316,0.20491429,0.1948956847190857,0.45755109190940857,0.3266409635543823,0.25,0.37682053446769714,0.425585001707077,3.091475248336792,1.930919885635376,5.549576759338379,2.492766857147217,3.0938265323638916,1.964102029800415,5.569199562072754,2.5364789962768555,0.0027091973461210728,0.5603751087622055,0.0016743481392040849,0.03933700707894256,0.0018405653536319733,0.05986486631647922,0.001614072360098362,0.0711653937460389,0.0013576054479926825,0.004608294930875576,0.0012285796692594886,0.017863856573533992,0.001794829498976469,0.026317768253252126,0.0015208261320367455,0.04103423458262168,0.001658530323766172,0.062002513615416845,-1419.5492617804773,0.7934756875038147,0.046993094123421945,0.4655919648297578,-0.27164776102338284,Vincent_van_Gogh_047.jpg,Vincent_van_Gogh,Impresionismo,4
132.90176,123.8895,119.3324,65.413666,65.58647,64.8321,6.0,0.0,0.0,248.0,239.0,234.0,0.15858369,0.14968704,0.5211775,0.2565808,0.25669384002685547,0.1970435231924057,0.17754259705543518,0.25,0.08367794752120972,0.10659915208816528,3.481844425201416,1.9870494604110718,6.29079532623291,3.2798819541931152,3.4587318897247314,1.9581657648086548,6.2839460372924805,3.270477533340454,0.0018153885612264276,0.031230927251886805,0.0029939021915197372,0.2859907408785745,0.0030382622499018908,0.44847194724384837,0.0013008426176384091,0.0017863256769430013,0.0015017690602689981,0.005180344463134704,0.0015857252292335033,0.048617830507465355,0.0014531597262248397,0.0011759977373208092,0.0018582061165943742,0.0001637465203864418,0.001889606355689466,0.0007889605073164922,-1419.5654257797273,0.7751309871673584,0.05662218710753553,0.5439794979014956,-0.18663279218688156,Vincent_van_Gogh_048.jpg,Vincent_van_Gogh,Impresionismo,4
202.58861,181.93593,151.44302,59.55359,56.222996,48.994865,6.0,0.0,0.0,255.0,255.0,236.0,0.26606706,0.07744347,0.7945007,0.23355451,0.22095619142055511,0.366458922624588,0.5044509768486023,0.25,0.3116376996040344,0.5393683314323425,5.067001819610596,2.2777292728424072,9.247262001037598,2.973449230194092,4.897774696350098,2.1310412883758545,9.219690322875977,2.818511962890625,0.003382483497262001,0.09188210332851332,0.0030642368365079165,0.057988837385299405,0.0028238710947334766,0.07093530818816979,0.0032201698049902916,0.14249226319985944,0.0022311934735625982,0.05328594402475776,0.002822987735271454,0.0779761341676014,0.002568725263699889,0.10485560225414543,0.0023595334496349096,0.11326134843304458,0.003062349511310458,0.17181777639634038,-1419.5654257797273,0.7863809466362,0.5422000976179335,0.4955223766029846,-0.22194105936789577,Vincent_van_Gogh_049.jpg,Vincent_van_Gogh,Impresionismo,4
215.57481,173.78445,98.45117,53.618347,48.98038,31.716187,0.0,0.0,0.0,255.0,237.0,165.0,0.5508791,0.09485221,0.831677,0.21088786,0.18947243690490723,0.12673711776733398,0.16817492246627808,0.25,0.058719705790281296,0.0651915892958641,4.610382556915283,1.456624150276184,8.78742504119873,2.3974552154541016,4.4794840812683105,1.3364635705947876,8.77889633178711,2.378969669342041,0.0031098981853574514,0.3093586387434555,0.002575211226940155,0.021594875456132,0.0028738812543451786,0.0033277804220212598,0.0031624548137187958,0.47503768046961764,0.0018844464793801308,0.0012097413929874662,0.0028296655509620905,0.012767729652546406,0.002841894282028079,0.07411351737267968,0.0022194422781467438,0.0004581151832460733,0.0028646558057516813,0.0010312549579565287,-1419.5654257797273,0.6961772441864014,0.012112225517588822,0.4890499742349292,-0.9130070732906719,Vincent_van_Gogh_050.jpg,Vincent_van_Gogh,Impresionismo,4
84.76883,81.941475,78.520645,65.3012,53.284763,37.846035,0.0,0.0,0.0,255.0,255.0,255.0,0.36106825,0.175433,0.38559955,0.22579592,0.21255317330360413,0.2696240544319153,0.2473253607749939,0.24999796924626544,0.2786198556423187,0.2959444224834442,2.2169058322906494,1.8104842901229858,4.1229963302612305,2.8465940952301025,2.1855180263519287,1.7149584293365479,4.122568607330322,2.8607101440429688,0.0007427558884955943,0.007986340603657193,0.0018494277028366923,0.29982742160534626,0.0009807562455534935,0.02375706837041933,0.0007828758680261672,0.024197694058896966,0.002313018776476383,0.3639935374899023,0.0009037508862093091,0.03475435117867372,0.0010517139453440905,0.008885951384299038,0.001609050901606679,0.13677755746493353,0.0011825340334326029,0.003818755966806198,-1419.5654257797273,1.823512315750122,3.6238344043447035,0.5139571170523644,-0.2880891720518294,Vincent_van_Gogh_1.jpg,Vincent_van_Gogh,Impresionismo,4
177.16318,165.36671,101.542336,41.23475,40.45367,46.699253,0.0,0.0,0.0,255.0,255.0,252.0,0.48310557,0.22278464,0.7303839,0.13835575,0.14610643684864044,0.36146965622901917,0.27868854999542236,0.25000169299843567,0.4014925956726074,0.374171644449234,4.047674655914307,1.4215319156646729,8.029719352722168,1.9779725074768066,4.10608434677124,1.6024607419967651,8.027820587158203,1.9572371244430542,0.0031336485408246517,0.4241421568627451,0.002795953070744872,0.24595588235294116,0.002046298934146762,0.002971813725490196,0.002337059238925576,0.01957720588235294,0.002597853308543563,0.06292892156862745,0.002683912171050906,0.10477941176470588,0.0022513982839882374,0.01173406862745098,0.002344246953725815,0.016544117647058824,0.002200750634074211,0.015625,-1419.5654257797273,1.0441900491714478,0.6263255348164022,0.4862532275952768,-0.16186174238992745,Vincent_van_Gogh_10.jpg,Vincent_van_Gogh,Impresionismo,4
185.86728,180.65524,178.76605,43.198105,41.718845,45.05258,0.0,0.0,0.0,255.0,255.0,255.0,0.052918915,0.055319518,0.7289545,0.16942407,0.16674873232841492,0.25016161799430847,0.31118836998939514,0.25000179764293057,0.1446726769208908,0.2015579640865326,4.728826522827148,1.7663666009902954,9.071860313415527,2.3276820182800293,4.798376083374023,1.7947840690612793,9.113850593566895,2.4421935081481934,0.0031724153086543083,0.11082976236852357,0.0031842743046581745,0.17293208674198157,0.0033307583071291447,0.42462017919750683,0.002388312481343746,0.024931827035449942,0.0028292383067309856,0.0064601999740293466,0.002884755376726389,0.11092715231788079,0.0019025718793272972,0.013667056226464096,0.002687858184799552,0.0001623165822620439,0.00278808013536036,0.009349435138293729,-1417.0126031945447,1.011712670326233,0.06653292527756526,0.5206066523763071,-0.14863722828877132,Vincent_van_Gogh_11.jpg,Vincent_van_Gogh,Impresionismo,4
129.46678,113.568,84.25739,49.001987,47.309746,41.908875,0.0,0.0,0.0,255.0,255.0,255.0,0.3923431,0.18684591,0.5267846,0.18310629,0.17564968764781952,0.4634666442871094,0.44168373942375183,0.25,0.41868874430656433,0.40369343757629395,3.7898759841918945,2.7705583572387695,5.795881271362305,2.383039712905884,3.118410110473633,1.8645262718200684,5.76294469833374,2.4462015628814697,0.001957808854058385,0.18202868852459017,0.001442525302991271,0.01971311475409836,0.001599966548383236,0.08530737704918033,0.0020323407370597124,0.16579918032786886,0.001729724113829434,0.1210860655737705,0.00184226396959275,0.08102459016393443,0.0020366322714835405,0.17991803278688526,0.0014895612839609385,0.05129098360655738,0.0017741398187354207,0.008545081967213115,-1419.3146837126976,0.978778064250946,1.2180155432750615,0.48084782036892465,-0.2616373855177165,Vincent_van_Gogh_12.jpg,Vincent_van_Gogh,Impresionismo,4
101.89284,55.5552,31.436716,54.167786,36.834328,21.17112,1.0,0.0,0.0,255.0,248.0,226.0,0.66427684,0.16120146,0.39975584,0.21252142,0.1484575867652893,0.24173828959465027,0.2748945951461792,0.2500007290861634,0.27706605195999146,0.3581199645996094,1.7915546894073486,1.3529889583587646,3.3325748443603516,1.9608187675476074,1.8259598016738892,1.428748369216919,3.3344156742095947,1.9880108833312988,0.00036118688876740634,0.0015012642225031606,0.0008048847666941583,0.02188685208596713,0.0009577299351803958,0.08565107458912768,0.000819222186692059,0.07490518331226295,0.001473664422519505,0.33025179098187946,0.0011840953957289457,0.24784028655710072,0.0010676635429263115,0.02446797302991993,0.0013216919032856822,0.07993573535608933,0.001228312961757183,0.03521386430678466,-1419.5654257797273,1.4387285709381104,3.2964593309459276,0.5411230156158052,-0.2686456464168963,Vincent_van_Gogh_13.jpg,Vincent_van_Gogh,Impresionismo,4
126.20801,106.69191,78.632515,56.189957,43.005287,50.611584,0.0,0.0,0.0,255.0,255.0,255.0,0.53878146,0.2585837,0.5546158,0.18711421,0.16505661606788635,0.32217973470687866,0.32996267080307007,0.25,0.2627162039279938,0.3131655156612396,2.883554697036743,1.5764871835708618,5.468274116516113,2.310478448867798,2.9750730991363525,1.8312779664993286,5.479000568389893,2.381051540374756,0.0017589034978300333,0.0646132949824225,0.0017505669966340065,0.11797698945349952,0.0017689926316961646,0.14525407478427613,0.0012558653252199292,0.04258549057206775,0.0017135243397206068,0.08127197187599872,0.0021352656185626984,0.31146532438478747,0.0011693150736391544,0.03247043783956536,0.0016942727379500866,0.06194471077021413,0.0018829547334462404,0.04067593480345158,-1419.5654257797273,1.0192975997924805,0.814295543979589,0.537818557418646,-0.3071831549002579,Vincent_van_Gogh_14.jpg,Vincent_van_Gogh,Impresionismo,4
148.64061,163.15274,133.38667,61.86064,59.70459,84.09753,0.0,0.0,0.0,255.0,255.0,255.0,0.41301286,0.275235,0.6841265,0.23131269,0.23456747829914093,0.4932890832424164,0.45752254128456116,0.25,0.5632262229919434,0.5886191725730896,3.953564167022705,1.6803758144378662,7.736787796020508,2.9077701568603516,4.288675308227539,2.275860548019409,7.78229284286499,3.100653648376465,0.0033840166870504618,0.31584680655888087,0.0033526194747537374,0.29876160990712075,0.003379921894520521,0.254443297786951,0.0020549497567117214,0.009488590757940603,0.0020101445261389017,0.0062206169017314525,0.0020384264644235373,0.010893246187363835,0.0018042282899841666,0.0027806444215112947,0.001799441990442574,0.0008886595573902075,0.0016970237484201789,0.001977984176126591,-1418.525200748265,0.840640127658844,0.06211633869730694,0.49732141802609536,-0.18272466643695676,Vincent_van_Gogh_15.jpg,Vincent_van_Gogh,Impresionismo,4
134.47983,129.96378,112.31017,56.661667,62.804134,62.167057,0.0,0.0,0.0,255.0,255.0,251.0,0.23935272,0.17608325,0.5405307,0.22752452,0.2372673600912094,0.2723199725151062,0.27324244379997253,0.24999577524292352,0.2763442397117615,0.3069051206111908,3.272507667541504,1.5875805616378784,6.430894374847412,2.9805424213409424,3.523183584213257,1.9976880550384521,6.431381702423096,2.9778711795806885,0.002872570650652051,0.24309885931558936,0.0030836439691483974,0.4538593155893536,0.0029010851867496967,0.17942965779467682,0.0020259551238268614,0.0005038022813688213,0.0013713252265006304,0.007062737642585551,0.0018958395812660456,0.006197718631178707,0.0011774487793445587,0.0017300380228136882,0.0012713788310065866,0.005009505703422053,0.001297132228501141,0.0025380228136882127,-1419.5476461057601,0.6896291375160217,0.07067215526184775,0.5010188065774138,-0.21942056946988828,Vincent_van_Gogh_2.jpg,Vincent_van_Gogh,Impresionismo,4
157.95963,147.16772,92.000374,58.364834,55.63063,82.02336,0.0,0.0,0.0,255.0,255.0,255.0,0.63532984,0.22355562,0.72051364,0.2210642,0.18995971977710724,0.33174780011177063,0.33796146512031555,0.25,0.3930874168872833,0.4565204977989197,3.7392842769622803,1.689052700996399,7.191974639892578,2.4475393295288086,3.737931966781616,1.64056396484375,7.21673583984375,2.555882453918457,0.002350341295823455,0.043366251610133105,0.0018912366358563304,0.028946615142407327,0.0019554959144443274,0.01708530127379419,0.001662257593125105,0.06739301560040074,0.001714037382043898,0.024706597967654214,0.0022598248906433582,0.08637469586374696,0.002702741650864482,0.2771039072563332,0.002753277774900198,0.24860455130957493,0.0026357844471931458,0.10880921711750394,-1419.3975856349787,0.7742166519165039,0.24641155353672048,0.5005820803604947,-0.30655383370819167,Vincent_van_Gogh_3.jpg,Vincent_van_Gogh,Impresionismo,4
124.667145,122.77794,92.14859,67.600655,57.54817,47.52071,0.0,4.0,0.0,255.0,255.0,234.0,0.30010986,0.09393929,0.50540894,0.24822405,0.23252537846565247,0.4314388036727905,0.4089803993701935,0.25000236038332624,0.48151326179504395,0.5311621427536011,3.189091682434082,1.9499865770339966,5.995970726013184,2.969125509262085,3.1506476402282715,1.9100090265274048,6.001753807067871,2.9663448333740234,0.0023991281632333994,0.3551150895140665,0.0013761324808001518,0.09880647911338448,0.0022177777718752623,0.08171355498721228,0.002118094591423869,0.20758738277919864,0.0014015623601153493,0.02208013640238704,0.0020783052314072847,0.02041773231031543,0.0021691727451980114,0.09658994032395567,0.0015800789697095752,0.01730605285592498,0.0012610780540853739,0.0007672634271099745,-1419.5654257797273,0.7598181366920471,0.22070726383556707,0.4756057084933293,-0.20231137408297425,Vincent_van_Gogh_4.jpg,Vincent_van_Gogh,Impresionismo,4
141.90726,139.07547,136.50787,57.72483,52.73556,56.85881,0.0,0.0,0.0,255.0,255.0,255.0,0.23248439,0.20545276,0.6039942,0.19358748,0.20907334983348846,0.3085767924785614,0.2593797743320465,0.25,0.27835848927497864,0.2580857574939728,3.5963127613067627,1.6398760080337524,6.94415283203125,2.64668607711792,3.867652654647827,2.305821657180786,6.9567413330078125,2.7111241817474365,0.0025327582843601704,0.10203227124183006,0.0028852943796664476,0.2841196895424837,0.0030219850596040487,0.31237745098039216,0.0014008039142936468,0.0002144607843137255,0.0019624256528913975,0.044638480392156864,0.002087511820718646,0.06496119281045752,0.0014959466643631458,0.0004391339869281046,0.0016955891624093056,0.004585375816993464,0.002251158468425274,0.08716299019607843,-1419.542997412168,0.9135320782661438,0.44612152493105267,0.5327994091828088,-0.25694324010167474,Vincent_van_Gogh_5.jpg,Vincent_van_Gogh,Impresionismo,4
139.25719,140.64557,108.62606,43.68042,42.150257,40.98382,0.0,0.0,0.0,255.0,255.0,241.0,0.26547775,0.14168604,0.56709576,0.16693611,0.16387084126472473,0.4673614799976349,0.372341513633728,0.25,0.5688958764076233,0.5418864488601685,3.4781041145324707,1.385006070137024,6.7864990234375,2.0890121459960938,3.7459473609924316,2.3761942386627197,6.789218902587891,1.943000078201294,0.0018235460156574845,0.014994232987312572,0.002136991824954748,0.043360726643598614,0.0021502086892724037,0.04119809688581315,0.0022871620021760464,0.1314878892733564,0.0024000052362680435,0.20674740484429066,0.0026026328559964895,0.3223760092272203,0.0016934756422415376,0.009479527104959631,0.0018064663745462894,0.024978373702422146,0.002000064356252551,0.1034818339100346,-1419.5654257797273,1.1428208351135254,2.0718382962115283,0.5195874633286434,-0.14205402939400807,Vincent_van_Gogh_6.jpg,Vincent_van_Gogh,Impresionismo,4
136.87126,128.77405,60.047466,62.122417,51.383636,42.849792,0.0,0.0,0.0,255.0,255.0,250.0,0.5825953,0.21802667,0.5642945,0.2258353,0.20018313825130463,0.22885774075984955,0.26197487115859985,0.25,0.24602292478084564,0.28383156657218933,3.2984964847564697,1.6185497045516968,6.196857929229736,2.513512134552002,3.2386186122894287,1.6002109050750732,6.214199066162109,2.572629928588867,0.0023826078977435827,0.0464110357727379,0.0022325050085783005,0.0009352349777881693,0.0019115842878818512,0.0017769464577975216,0.0025917142629623413,0.38038344634089316,0.0018147623632103205,0.12839607201309328,0.0015678589697927237,0.0011456628477905073,0.00198541022837162,0.2650572831423895,0.0016068732365965843,0.07692307692307693,0.0009926971979439259,0.0007949497311199439,-1419.5654257797273,0.9559148550033569,1.2813641095031274,0.4497054023417423,-0.31782481509081734,Vincent_van_Gogh_7.jpg,Vincent_van_Gogh,Impresionismo,4
208.94484,169.5666,110.53974,42.02428,44.249218,37.17431,0.0,0.0,0.0,255.0,234.0,214.0,0.49428874,0.13266855,0.8193874,0.16478409,0.1667586714029312,0.3796789348125458,0.4819124639034271,0.25,0.38604941964149475,0.521686315536499,4.505736827850342,1.5507111549377441,8.69417953491211,2.127826452255249,4.735729694366455,2.0098040103912354,8.694432258605957,2.2163615226745605,0.0028537351172417402,0.021246189024390245,0.003022634657099843,0.06092797256097561,0.0031230992171913385,0.4346655868902439,0.0026563704013824463,0.09541730182926829,0.002464818535372615,0.02055544969512195,0.0028292955830693245,0.21877381859756098,0.0024608473759144545,0.028058307926829267,0.002268017502501607,0.008622332317073171,0.0024889218620955944,0.0107421875,-1419.5654257797273,0.9178882241249084,0.20578103069213724,0.5068605392441669,-0.16497996835553655,Vincent_van_Gogh_8.jpg,Vincent_van_Gogh,Impresionismo,4
137.7568,154.65569,129.32146,48.950527,58.61452,75.14462,0.0,0.0,0.0,255.0,255.0,255.0,0.35320365,0.21742193,0.6344076,0.21856868,0.2181016504764557,0.49571433663368225,0.44744962453842163,0.2499989127740353,0.5242088437080383,0.5357025265693665,3.9372665882110596,2.0286333560943604,7.368719577789307,3.036973476409912,3.9200592041015625,2.0064923763275146,7.313072681427002,2.8930394649505615,0.0029853431042283773,0.06906055594928734,0.003195548662915826,0.4270021261516655,0.00305396830663085,0.2352744310575636,0.0020616063848137856,0.03057327348610127,0.0022004572674632072,0.059453500275612255,0.0020831713918596506,0.030199228285691788,0.0014812448062002659,0.014469643278998346,0.0015655969036743045,0.013485313804236555,0.0016964641399681568,0.02202929364516891,-1419.5654257797273,0.9744446277618408,0.5935145165774712,0.5054298253539347,-0.18161902956175832,Vincent_van_Gogh_9.jpg,Vincent_van_Gogh,Impresionismo,4
