Unnamed: 0,mean_R,mean_G,mean_B,std_R,std_G,std_B,min_R,min_G,min_B,max_R,max_G,max_B,mean_S,std_S,mean_V,std_V,rms,sobel_mean,sobel_std,sobel_pct_strong,laplacian_mean_abs,laplacian_std_abs,gabor_mean_abs_0,gabor_std_abs_0,gabor_mean_abs_45,gabor_std_abs_45,gabor_mean_abs_90,gabor_std_abs_90,gabor_mean_abs_135,gabor_std_abs_135,mean_block_0_0,pct_bright_block_0_0,mean_block_0_1,pct_bright_block_0_1,mean_block_0_2,pct_bright_block_0_2,mean_block_1_0,pct_bright_block_1_0,mean_block_1_1,pct_bright_block_1_1,mean_block_1_2,pct_bright_block_1_2,mean_block_2_0,pct_bright_block_2_0,mean_block_2_1,pct_bright_block_2_1,mean_block_2_2,pct_bright_block_2_2,H_shannon,center_mean_ratio,center_bright_ratio,lum_centroid_x,lum_centroid_y,lbp_hist_0,lbp_hist_1,lbp_hist_2,lbp_hist_3,lbp_hist_4,lbp_hist_5,lbp_hist_6,lbp_hist_7,lbp_hist_8,lbp_hist_9,lbp_hist_10,lbp_hist_11,lbp_hist_12,lbp_hist_13,lbp_hist_14,lbp_hist_15,lbp_entropy,brightness_skew,ratio_dark,ratio_bright,ratio_warm,filename,painter_pred,genre_pred,label_pred
0,87.60537,100.523544,79.2471,57.309223,54.407196,51.809223,0.0,0.0,0.0,251.0,255.0,247.0,0.3901978,0.23083971,0.40690064,0.22021218,0.2117667645215988,0.4497316777706146,0.3444464206695556,0.25,0.4355239868164062,0.3944749236106872,2.8847124576568604,1.967392921447754,4.8066020011901855,2.764987707138061,2.8394668102264404,1.9588476419448853,4.819105625152588,2.863375186920166,0.0008109153131954,0.0030403325123152,0.0017733607674017,0.0977717056650246,0.0020099037792533,0.2289293411330049,0.0008982873405329,0.0129117918719211,0.0012387977913022,0.0793372844827586,0.0013673614012077,0.1064308805418719,0.0016303741140291,0.0837053571428571,0.0016043349169194,0.1307920258620689,0.0017098559765145,0.1570774322660098,-1419.565425779727,0.8547833561897278,0.7933761580741165,0.550409908402092,-0.2785658066662089,0.0119384760037064,0.0052035166881978,0.0018102285685017,0.003852465422824,0.0017871083691716,0.0008105501183308,0.0019234098726883,0.0040592025034129,0.0039388970471918,0.0019004241330549,0.0008089370676316,0.0018477316480129,0.0037771903444081,0.0018974668346345,0.0050373738631606,0.0119070215150713,0.3280070424079895,-0.0509056001901626,0.3495035406403941,0.0888901717296113,0.0865874726327312,Alfred_Sisley_76.jpg,Claude_Monet,Impresionismo,4
1,140.80495,149.116,120.58856,37.96033,35.248108,45.34549,0.0,7.0,0.0,255.0,255.0,255.0,0.2648654,0.14268132,0.601939,0.13808058,0.1403716206550598,0.2596473395824432,0.2223577350378036,0.25,0.2313392162322998,0.2458305209875106,3.619645118713379,1.4890254735946655,7.118135929107666,1.9551475048065183,3.62237811088562,1.515918493270874,7.116249561309815,1.991399168968201,0.002055995631963,0.0069145758661887,0.0026450308505445,0.2608124253285543,0.0026576472446322,0.3453405017921147,0.002053600968793,0.0184289127837514,0.0023988969624042,0.1713410991636798,0.0019546302501112,0.0487156511350059,0.0020684713963419,0.0253584229390681,0.0021959706209599,0.0141129032258064,0.0018086300697177,0.0058990442054958,-1419.565425779727,1.0882660150527954,1.7192878490606367,0.5047598409932122,-0.2167511852856309,0.0110737765207886,0.004953060299158,0.001243159873411,0.0046619796194136,0.0022069029510021,0.0005887227016501,0.0016773337265476,0.0045938696712255,0.0045052436180412,0.0017516921507194,0.0005707058589905,0.0021984672639518,0.0048548532649874,0.0013643827987834,0.0049150483682751,0.0113408006727695,0.3277915716171264,0.0130823263898491,0.0092526289268143,0.2660851865112517,0.2285425866252934,Alfred_Sisley_77.jpg,Alfred_Sisley,Impresionismo,4
2,103.524536,109.42821,101.0041,40.88075,35.31133,36.137894,0.0,7.0,0.0,245.0,243.0,230.0,0.23031317,0.11660874,0.45896938,0.15043275,0.1407800018787384,0.379354178905487,0.2976857721805572,0.25,0.3229860961437225,0.3189007043838501,2.9125406742095947,1.921773195266724,5.306895732879639,2.059168577194214,2.957024335861206,1.9536010026931765,5.306393146514893,2.1000173091888428,0.0015790520701557,0.0073851909184726,0.001508726272732,0.0439241486068111,0.0014496998628601,0.0179631062951496,0.0020345253869891,0.1534120227038183,0.0017048850422725,0.1807920536635706,0.0016786961350589,0.0699819401444788,0.0014361008070409,0.0912022703818369,0.001650373567827,0.194078947368421,0.0017210425576195,0.1460268317853457,-1419.565425779727,1.0393394231796265,1.7983958289495916,0.493550698074757,-0.1644074375619244,0.0104097239673137,0.0043015331029891,0.0012933490797877,0.005219979211688,0.0026294738054275,0.0006606717943213,0.0015580656472593,0.0052791037596762,0.0047577326186001,0.0016039767069742,0.0006409636116586,0.0025723648723214,0.0052125887013971,0.0013497860636562,0.0040892222896218,0.0109214643016457,0.3291658163070678,0.2755116522312164,0.1524259277697964,0.0504352588083012,0.2721718845568467,Alfred_Sisley_78.jpg,Salvador_Dali,Surrealismo,0
3,176.28232,160.99257,133.72836,30.512379,35.392464,38.867725,4.0,0.0,0.0,255.0,239.0,216.0,0.2566825,0.16076337,0.69139075,0.11956306,0.1320911198854446,0.2154560983180999,0.2500152289867401,0.25,0.1974512934684753,0.2498974949121475,4.170188903808594,1.1943602561950684,8.075346946716309,1.8038809299468996,4.198046684265137,1.4776886701583862,8.078222274780273,1.7502168416976929,0.002681229263544,0.0622172745264348,0.0028039701282978,0.2094112242013005,0.0026994722429662,0.1119946282160022,0.0026648503262549,0.0438401187446989,0.0026163002476096,0.1090436810856658,0.0024539111182093,0.0527989821882951,0.0025569938588887,0.220349165959853,0.0020592655055224,0.069780180944303,0.001950315432623,0.020762651964942,-1419.565425779727,1.0471529960632324,1.0901969701499996,0.4859687897995829,-0.2173925514019955,0.010335405357182,0.0042750835418701,0.0010826053330674,0.0051174792461097,0.0029114738572388,0.0006164836231619,0.0016140482621267,0.0048757912591099,0.0043443483300507,0.0016824505291879,0.0005235550343059,0.0027742993552237,0.0053554703481495,0.0012407317990437,0.0042031067423522,0.0115476669743657,0.3283436298370361,-2.068636894226074,0.019391108601189,0.639367342776915,0.9907525060002824,Alfred_Sisley_79.jpg,Vincent_van_Gogh,Impresionismo,4
4,112.13005,114.63091,87.18911,37.54197,36.9928,35.5063,16.0,20.0,0.0,255.0,255.0,244.0,0.26100966,0.13211595,0.45830616,0.14533877,0.1428499221801757,0.2575908303260803,0.225935161113739,0.25,0.2181755304336547,0.2409206479787826,2.883219718933105,1.49624502658844,5.501826286315918,1.963544964790344,2.830702066421509,1.48930823802948,5.502631187438965,2.0619709491729736,0.0016807650681585,0.0342832785288028,0.0018071485683321,0.1304652295700889,0.0024628504179418,0.5064852027767629,0.0014737242599949,0.0137620265497503,0.0014015607303008,0.0350140056022409,0.0018633002182468,0.1745828766289124,0.0014013827312737,0.0039276580197296,0.0015792183112353,0.0003349165753257,0.0016595510533079,9.134088417975886e-05,-1419.565425779727,0.8228560090065002,0.3505503459369077,0.5349310587182575,-0.1591352578976727,0.0107185896486043,0.0051297275349497,0.0011540880659595,0.0045521538704633,0.0021145215723663,0.0005996088148094,0.0015827129827812,0.0048930621705949,0.0047222902067005,0.001641402603127,0.0005529961199499,0.002068544505164,0.0052168085239827,0.0013358775759115,0.0048364913091063,0.0113811260089278,0.3274599909782409,0.0562736690044403,0.1615339058335801,0.0469755296524618,0.3489077179853016,Alfred_Sisley_80.jpg,Salvador_Dali,Surrealismo,0
5,164.0862,155.07312,133.30312,51.58057,50.099583,50.2535,2.0,0.0,0.0,255.0,255.0,255.0,0.21468808,0.12685737,0.64892894,0.19779247,0.1964084953069687,0.3647288084030151,0.390276163816452,0.2500010785857584,0.2795335054397583,0.3346619606018066,4.276021480560303,2.1955699920654297,7.757041931152344,2.787706136703491,4.264760494232178,2.217284917831421,7.73555326461792,2.7084648609161377,0.0030686988029628,0.195082415436294,0.0028944567311555,0.1051480353097414,0.0027825939469039,0.1855128505585501,0.0021262490190565,0.0672603702835716,0.0020606422331184,0.0359151628779001,0.0023714685812592,0.0977853292711506,0.0022569538559764,0.0785680806187016,0.0019761121366173,0.0746816654948832,0.0019607527647167,0.0539606280759315,-1419.565425779727,0.8626738786697388,0.3615965728749631,0.4935899076991276,-0.1967020915198838,0.0102087566629052,0.0053693177178502,0.0010175800416618,0.0052837398834526,0.0020488579757511,0.0004843100323341,0.0015132824191823,0.0047059855423867,0.0042927418835461,0.0016316813416779,0.0004258564731571,0.0019905399531126,0.0055484762415289,0.0012127415975555,0.0053398879244923,0.0114262448623776,0.3265656530857086,-0.8341029286384583,0.0731755721897448,0.5040382250792761,0.855413421921177,Camille_Pissarro_48.jpg,Vincent_van_Gogh,Impresionismo,4
6,104.895256,92.661316,80.44163,40.955208,45.099937,39.998264,0.0,0.0,0.0,251.0,238.0,232.0,0.27964684,0.14877903,0.41184056,0.16078404,0.1690683364868164,0.3651132583618164,0.3279809653759002,0.25,0.3836446702480316,0.3652983009815216,2.8976526260375977,1.8603074550628664,4.777068614959717,2.216975688934326,2.660675287246704,1.749208927154541,4.82857084274292,2.4165658950805664,0.0019676440861076,0.1975413602941176,0.0017002620734274,0.1270450367647058,0.0017553733196109,0.1289981617647058,0.0011653888504952,0.0225413602941176,0.0011151649523526,0.0139016544117647,0.0011484158458188,0.0126838235294117,0.0015456788241863,0.1436351102941176,0.0014021752867847,0.1238511029411764,0.001334223547019,0.130078125,-1419.565425779727,0.7641361951828003,0.1389739524162027,0.4868858378521194,-0.1681528095486016,0.0120824370533227,0.0047651729546487,0.0019119887147098,0.0033849766477942,0.002356108976528,0.0008888803422451,0.0019969411659985,0.0036825500428676,0.0036300746724009,0.0020433368626981,0.0008813610184006,0.0023461896926164,0.0034878475125879,0.0020766139496117,0.0046013477258384,0.0123641723766922,0.3287040591239929,-0.1650396138429641,0.2749786376953125,0.0123494466145833,0.949976603190104,Camille_Pissarro_49.jpg,Camille_Pissarro,Impresionismo,4
7,132.05441,147.37646,119.418106,40.88659,36.880054,38.28667,0.0,0.0,0.0,235.0,242.0,239.0,0.25587565,0.15124941,0.58851546,0.13824506,0.1446420848369598,0.4211763441562652,0.2999888658523559,0.25,0.3659127354621887,0.3167420029640198,3.665705680847168,1.8698338270187376,6.951294422149658,2.2471067905426025,3.637653112411499,1.7541656494140625,6.945140361785889,2.307402372360229,0.0022131858859211,0.0968624665775401,0.0018645226955413,0.0407336229946524,0.0020991351921111,0.0388327205882352,0.0021220850758254,0.0919953208556149,0.0023243858013302,0.1925969251336898,0.0023044245317578,0.1185035093582887,0.0018645809032022,0.0431358622994652,0.0020322317723184,0.0463109959893048,0.0024876922834664,0.2269385026737967,-1419.565425779727,1.0832182168960571,1.9347616326824644,0.5148091632526299,-0.201077639538476,0.0116581553593277,0.0057107610628008,0.0015898211859166,0.0043223765678703,0.001708501484245,0.000589910778217,0.0018593242857605,0.0039363745599985,0.003932156600058,0.0019102288642898,0.0005619860021397,0.0017348263645544,0.0043148132972419,0.0015937481075525,0.0056058978661894,0.0114711178466677,0.3269824981689453,-0.6934194564819336,0.0384056764357608,0.2226516244819419,0.1478454336885731,Camille_Pissarro_50.jpg,Claude_Monet,Impresionismo,4
8,139.45705,142.18669,137.35402,41.591595,39.719383,42.169743,0.0,0.0,0.0,255.0,247.0,248.0,0.12896769,0.10302108,0.58098716,0.15264203,0.1561310440301895,0.2360426038503646,0.2272757291793823,0.2500010960057167,0.2128548920154571,0.2375961542129516,3.6124379634857178,1.4773507118225098,6.997267723083496,2.1531078815460205,3.638306617736816,1.641603946685791,7.0020928382873535,2.162844181060791,0.0027681223582476,0.3128721124077161,0.0026589818298816,0.240354846391998,0.0023005830589681,0.0918671112169564,0.0022507512476295,0.1548781455902199,0.0020163792651146,0.0275462411685321,0.0019943455699831,0.0442367230292926,0.0019122760277241,0.0181590854965467,0.0018709121504798,0.0132372787171548,0.0017250328091904,0.0007144558228149,-1419.565425779727,0.9307570457458496,0.2742841813662213,0.4824518010998508,-0.1991249389374457,0.0103806955739855,0.0047691026702523,0.0013106625992804,0.0046996418386697,0.0023480292875319,0.0006769689498469,0.0016246151644736,0.0048690219409763,0.0042967959307134,0.0016971082659438,0.0006070944946259,0.0022317096590995,0.0049245632253587,0.0015355838695541,0.0047353371046483,0.0117930695414543,0.3285083174705505,-0.6183664798736572,0.0504644872227653,0.2828659234286566,0.2984840048925695,Camille_Pissarro_51.jpg,Alfred_Sisley,Impresionismo,4
9,116.38214,120.062805,109.80948,60.62428,67.01829,71.51248,0.0,3.0,0.0,255.0,255.0,255.0,0.20597637,0.14701809,0.48405123,0.25990054,0.2565636038780212,0.4498153626918793,0.4453496932983398,0.2499989425464328,0.4315861761569977,0.4486933946609497,3.562648057937622,2.6273748874664307,5.984971523284912,3.492106914520264,3.5332484245300293,2.6801233291625977,5.992567539215088,3.619662523269653,0.0020351286511868,0.1447509578544061,0.0026896065101027,0.3497701149425287,0.0025273344945162,0.2849808429118774,0.0017016843194141,0.038199233716475,0.0014888298464938,0.0302298850574712,0.001541509409435,0.0168965517241379,0.0011272943811491,0.0006130268199233,0.0017259217565879,0.0226436781609195,0.0014394496101886,0.0083524904214559,-1419.550944681977,0.8232224583625793,0.3035004183048048,0.5201273940163892,-0.1658448589318425,0.0115339709445834,0.0045969015918672,0.0018430255586281,0.0038017402403056,0.0025137013290077,0.0009495020494796,0.001825965475291,0.0040725693106651,0.0039070332422852,0.0018987375078722,0.0009140489855781,0.0024913100060075,0.0039214272983372,0.0019869704265147,0.0044540232047438,0.0117890732362866,0.3300328254699707,0.238799050450325,0.3473988757153673,0.2898226438877069,0.4156680780146943,Camille_Pissarro_52.jpg,Claude_Monet,Impresionismo,4
10,129.41777,124.82596,113.19303,43.914856,45.23183,35.33045,0.0,0.0,0.0,224.0,227.0,235.0,0.18139537,0.10398613,0.5215989,0.1634039,0.1700020432472229,0.3282021582126617,0.3236154019832611,0.25,0.3206604421138763,0.3604274392127991,3.52011775970459,1.8207091093063357,6.220935344696045,2.2464725971221924,3.286454677581787,1.561855673789978,6.226690769195557,2.2813563346862797,0.0025181302335113,0.2383827514745735,0.0024831744376569,0.4152717997768212,0.0019448772072792,0.1245217599234815,0.001905035926029,0.0783516658695998,0.0017893653130158,0.0163199426111908,0.0016880304319784,0.0018731069663637,0.0016102499794214,0.008409054678782,0.0020673163235187,0.020783516658696,0.0012920389417558,0.0013151602104256,-1419.565425779727,0.930974781513214,0.1622567418146889,0.4762932614871943,-0.1969929891304969,0.0111821824684739,0.0047577694058418,0.0013934831367805,0.004085520748049,0.002735627349466,0.000746834964957,0.0017273932462558,0.0040229731239378,0.0037406787741929,0.0018033636733889,0.0006899609579704,0.0026340566109865,0.0043287924490869,0.0015779432142153,0.0047868289984762,0.0122865913435816,0.3283517956733703,-0.5686531066894531,0.1321221058191742,0.1385861431464037,0.6013337441676204,Camille_Pissarro_53.jpg,Alfred_Sisley,Impresionismo,4
11,105.75322,73.55622,61.089737,53.367348,34.767838,15.90319,37.0,28.0,0.0,255.0,234.0,193.0,0.33931315,0.22608992,0.41552782,0.20896634,0.1419151276350021,0.1021232232451438,0.1317023038864135,0.2500002608369946,0.0652048587799072,0.083783246576786,2.0852479934692383,1.1898595094680786,4.070433616638184,1.8966065645217896,2.0726375579833984,1.106570601463318,4.067811012268066,1.8380721807479856,0.0010145280975848,0.0065363475511049,0.001438137027435,0.2258357489741369,0.0009449592325836,0.0067810488273161,0.0014535940717905,0.14754545796785,0.0013984270626679,0.1863306102473365,0.0012388742761686,0.1000498814139969,0.0014913007616996,0.1689756428114294,0.0010976198827847,0.0015199713887738,0.0012430418282747,0.0584741934269472,-1419.565425779727,1.1117674112319946,1.8590736267837364,0.4813040469822328,-0.5712535116982106,0.0078452490270137,0.0060713151469826,0.0006274446495808,0.0049086394719779,0.0014034119667485,0.0003453757672104,0.0011649647494778,0.0054390961304306,0.0036793865729123,0.0015634776791557,0.0002217049477621,0.0013593652984127,0.0058191008865833,0.0012819974217563,0.0055228075943887,0.0152466632425785,0.3204914927482605,0.8053617477416992,0.5129281248011118,0.145615382287916,0.9461548975275784,Caravaggio_45.jpg,Caravaggio,Barroco,3
12,86.52983,66.02066,58.006542,85.88347,71.62495,58.267097,0.0,0.0,0.0,255.0,255.0,255.0,0.39746094,0.19650726,0.3461489,0.33135164,0.2890579104423523,0.222855731844902,0.3420507609844208,0.25,0.1687817424535751,0.2736689150333404,2.270484447479248,2.6302945613861084,3.6378445625305176,3.8007774353027344,2.0342609882354736,2.331467866897583,3.623986005783081,3.6824216842651367,0.0004557922948151,0.0025480318650421,0.0007709601195529,0.0104264292408622,0.0010378159349784,0.002840909090909,0.0018432325450703,0.3443357544517338,0.0018032406223937,0.2192478912839737,0.0007752511301077,0.0160789597000937,0.0016558358911424,0.1388530927835051,0.0014215882401913,0.1690487347703842,9.54465285758488e-05,0.0,-1419.534202020194,1.6460846662521362,2.1842760021983216,0.438686882206464,-0.2180781705767941,0.0090809091925621,0.0050995540805161,0.0010610551107674,0.0039815586060285,0.0020568019244819,0.0005443035042844,0.0014294344000518,0.0047811763361096,0.0038440029602497,0.0015959704760462,0.0004785870551131,0.0019419001182541,0.0052848663181066,0.0015343357808887,0.0057124313898384,0.0140731129795312,0.3252032995223999,0.7387579083442688,0.5913440964792842,0.2179472216819036,0.6510406535693445,Caravaggio_46.jpg,Caravaggio,Barroco,3
13,96.23825,69.22901,58.2629,48.807583,43.44052,35.539707,28.0,21.0,7.0,255.0,241.0,231.0,0.39630303,0.11352982,0.37736005,0.19152482,0.172097623348236,0.1379730403423309,0.2085600644350052,0.2500003622626636,0.0708635374903678,0.0992651283740997,2.0684375762939453,1.767387628555298,3.81303596496582,2.3573336601257324,1.9964431524276731,1.5068291425704956,3.826176643371582,2.422654151916504,0.0011952579952776,0.134071461231955,0.0012199592310935,0.1741459272323469,0.000943363760598,0.0114181200600953,0.0009125162614509,0.0398197138937879,0.0010608084267005,0.0569338297733359,0.0015082183526828,0.2032399242275785,0.0012186454841867,0.150395192370501,0.0011188084026798,0.0793912077862695,0.0013509456766769,0.0520935397478607,-1419.565425779727,0.906793177127838,0.5683853010515789,0.5184086113345413,-0.5290990347250608,0.0082999011501669,0.0069957422092556,0.0005165285547263,0.0048632840625941,0.0011103977449238,0.0003392629732843,0.0009254980832338,0.0057141226716339,0.0041115526109933,0.0013627774314954,0.0001953511236933,0.0010361016029492,0.0054489742033183,0.0010881316848099,0.0060262572951614,0.0144661162048578,0.3188155591487884,1.3789684772491455,0.4038895417667115,0.0984499505149201,0.9980017591474946,Caravaggio_47.jpg,Salvador_Dali,Surrealismo,0
14,77.11082,50.05467,40.506622,41.744896,24.768692,16.632921,21.0,21.0,0.0,247.0,223.0,201.0,0.38863695,0.2309834,0.30242163,0.16330673,0.1097719669342041,0.0829043090343475,0.1228363364934921,0.2500003672975859,0.0432956889271736,0.0594052784144878,1.510500431060791,1.1295980215072632,2.839508533477783,1.4771381616592407,1.4788904190063477,1.0219799280166626,2.841059684753418,1.4763381481170654,0.0008183848112821,0.116254100805249,0.0007371212122961,0.0463863207078238,0.0006256998749449,0.0114126652748782,0.0007944201352074,0.0612121814627033,0.0008714416180737,0.1400006627564038,0.0007638959214091,0.0934751632037644,0.0009596723830327,0.0405010438413361,0.0011025459971278,0.1446730954037843,0.0012219410855323,0.2481956456904265,-1419.565425779727,0.9933836460113524,1.3967305663070768,0.5001311135684635,-0.5534866452553907,0.0071885725483298,0.0062330542132258,0.0004787958750966,0.0041290614753961,0.0010537471389397,0.0003134841390419,0.0007983617251738,0.0054919156245887,0.0037374827079474,0.0011564450105652,0.0001801934849936,0.0008597776759415,0.005100751761347,0.0009979981696233,0.0048619527369737,0.0199184063822031,0.311537355184555,1.0633671283721924,0.5588058127046766,0.0288365334747673,0.9668602080079688,Caravaggio_48.jpg,Caravaggio,Barroco,3
15,76.4767,59.236507,45.97334,75.453354,65.602394,57.105278,0.0,0.0,0.0,255.0,255.0,251.0,0.42835486,0.28446004,0.3007686,0.2953798,0.2633031606674194,0.3002929389476776,0.4564590156078338,0.2500021822054241,0.2167734205722808,0.3465234935283661,2.2755205631256104,2.7717645168304443,3.3325681686401367,3.574605226516724,2.062476873397827,2.4659595489501958,3.371842384338379,3.5001022815704346,0.0001128672956838,0.0,0.0006578130996786,0.0305325443786982,0.0008757670875638,0.0975936883629191,0.0008950151968747,0.1427218934911242,0.0019070083508267,0.2473767258382643,0.0011851601302623,0.0953057199211045,0.0014528323663398,0.192465483234714,0.0007965984987094,0.0570808678500986,0.0008399145444855,0.0407100591715976,-1419.565425779727,1.9675507545471191,2.4634016140608974,0.5204773662450695,-0.2321323660149092,0.0085660461336374,0.0054607992060482,0.0009315464412793,0.0039856215007603,0.0015910021029412,0.0004267065960448,0.0011304561048746,0.0047732815146446,0.0035831250716,0.0013499995693564,0.0003716831852216,0.0015153449494391,0.0048673716373741,0.0012790194014087,0.0049545834772288,0.017713414505124,0.3185459971427917,0.8153276443481445,0.6108298490786729,0.1456534832362979,0.9497612667266044,Caravaggio_49.jpg,Caravaggio,Barroco,3
16,53.03765,44.477352,20.7842,56.714466,45.17144,44.66637,0.0,0.0,0.0,255.0,254.0,255.0,0.7461535,0.2328078,0.21734262,0.21768093,0.1856518238782882,0.2217302769422531,0.3188759684562683,0.2500010243005052,0.2161760181188583,0.2678757607936859,1.405369758605957,1.7940765619277954,2.319166421890259,2.5484657287597656,1.4540234804153442,2.0345256328582764,2.3066213130950928,2.521745443344116,0.0005022323457524,0.060112931593076,0.0005459421663545,0.0224011848560585,0.0003228143905289,0.0,0.0006168809486553,0.0444876423215773,0.0009393052896484,0.187725631768953,0.0008971978677436,0.1854114597796908,0.0006117729935795,0.0371008053318522,0.0008947678143158,0.203221327409053,0.0008102638530544,0.1616773118578172,-1419.565425779727,1.3765476942062378,1.8728065606852555,0.5154039448193611,-0.2244345559253144,0.011168772354722,0.0061891619116067,0.0015746572753414,0.0036540240980684,0.0016645494615659,0.0005875183269381,0.001815743278712,0.0037549918051809,0.0033652875572443,0.0018771738978102,0.0005604734178632,0.0017107833409681,0.0038123012054711,0.0018009330378845,0.0059397048316895,0.0130239240825176,0.3254310488700866,1.8208144903182983,0.7891108661894792,0.0671039746956803,0.5116934145671921,Caravaggio_50.jpg,Caravaggio,Barroco,3
17,71.33232,58.98635,51.143673,52.498466,39.697285,28.272064,24.0,21.0,9.0,251.0,231.0,193.0,0.20294671,0.1601014,0.28004843,0.20576629,0.1650891005992889,0.1048260331153869,0.1617318391799926,0.2500004206962354,0.0528229288756847,0.0748201683163642,1.6225441694259644,1.4160727262496948,3.087552070617676,2.1819376945495605,1.6911786794662476,1.5548014640808103,3.0832414627075195,2.201049327850342,0.0006011844961903,0.0,0.0008136730175465,0.0768541578084188,0.0009386935271322,0.0769680495656927,0.0006550785619765,0.0162257790196197,0.0009357386734336,0.092799003826763,0.0015439968556165,0.3212962400534532,0.0010410046670585,0.1534197898317439,0.0010053152218461,0.0729818380611067,0.0010089649586007,0.0914171171718398,-1419.565425779727,0.9857097864151,0.9259713534928968,0.5460502350773468,-0.3637684938209073,0.0062095480971038,0.0051947156898677,0.0004065241373609,0.004038006067276,0.0010530464351177,0.0002677084412425,0.0007624307181686,0.0052647567354142,0.0035193210933357,0.0011070948094129,0.0001628313475521,0.0009432606166228,0.005140614695847,0.0010039594490081,0.0043812450021505,0.0230449363589286,0.3069415092468261,1.5350295305252075,0.7181840058022425,0.0818658046320338,0.9686513993198184,Caravaggio_51.jpg,Caravaggio,Barroco,3
18,77.54281,53.741096,51.051395,64.69379,53.212193,42.73292,0.0,0.0,0.0,255.0,255.0,255.0,0.3274356,0.1896431,0.30580765,0.25249568,0.2143698781728744,0.197218969464302,0.3349584937095642,0.2499993914269091,0.1989614814519882,0.324645072221756,1.821514368057251,2.076114654541016,3.1412692070007324,2.8996076583862305,1.7167181968688965,1.790351629257202,3.1420347690582275,2.848496437072754,0.0007564762490801,0.0454285714285714,0.0009817172540351,0.0596483516483516,0.001486143330112,0.2022637362637362,0.0007633525528945,0.1134505494505494,0.0008749074186198,0.0722197802197802,0.0015760837122797,0.3218021978021978,0.0004465572710614,0.0016263736263736,0.0008340063504874,0.079076923076923,0.0006589891854673,0.003054945054945,-1419.3627389075286,0.9398260116577148,0.7233458979552048,0.5797980576179103,-0.1702137350856503,0.0099508827552199,0.0048224851489067,0.0015793228521943,0.0038399824406951,0.0024136158172041,0.0007503888919018,0.0017296762671321,0.0044622188434004,0.0034495536237955,0.0018040874274447,0.0006504085031338,0.0023310896940529,0.0041925930418074,0.00197847886011,0.0046620266512036,0.0138831902295351,0.3277751207351684,1.1584694385528564,0.6001893879458711,0.1140612029786001,0.8328176690676904,Caravaggio_52.jpg,Caravaggio,Barroco,3
19,52.485985,38.09184,18.064585,64.11,47.88467,35.584538,0.0,0.0,0.0,255.0,237.0,220.0,0.750724,0.21845616,0.21096724,0.24797885,0.1981032192707061,0.1677854061126709,0.2591048777103424,0.25,0.1298000663518905,0.2061541676521301,1.2855840921401978,1.7575526237487793,2.13079047203064,2.794952154159546,1.3075990676879885,1.82956337928772,2.078089475631714,2.46397066116333,0.0001532311143819,0.0,0.0003146880771964,0.0009061114324272,0.0003514657437335,0.0383651436283015,0.0006750465254299,0.1345286292654713,0.0006727399886585,0.1407364565259302,0.0014380532084032,0.372450356660883,0.001038228161633,0.149778291883555,0.0005623797187581,0.0639097744360902,0.0003434441750869,0.0027954501638712,-1419.565425779727,1.0910542011260986,1.401958761821393,0.5077660647914923,-0.2323905065190905,0.0088361930102109,0.0054163187742233,0.000959931872785,0.0042903735302388,0.0016905243974179,0.000453189597465,0.0013021335471421,0.0048233564011752,0.0038584710564464,0.0015433883527293,0.0003736638464033,0.001550082466565,0.0054235481657087,0.0013954490423202,0.0055255661718547,0.0150578105822205,0.3225535154342651,1.5181307792663574,0.7495634582623509,0.0788862862010221,0.6076980408858603,Caravaggio_53.jpg,Caravaggio,Barroco,3
20,107.53514,92.8077,80.51294,59.518032,56.417034,49.889507,21.0,18.0,0.0,255.0,247.0,247.0,0.2514568,0.13481164,0.4231614,0.23346496,0.220214769244194,0.1400165557861328,0.2194245010614395,0.2500003318788191,0.0790921077132225,0.1177259981632232,2.5333871841430664,1.7697902917861938,4.832286834716797,2.973048210144043,2.545773506164551,1.7695846557617188,4.808031558990479,2.8457350730896,0.0017176133114844,0.0,0.0015039311256259,0.0366732193800493,0.0016142114764079,0.0,0.001103617134504,0.093280272337161,0.0017842553788796,0.1371754608874931,0.0010703218868002,0.0142761249490566,0.0018072371603921,0.37356459616906,0.0016210810281336,0.1963416680651116,0.0010912342695519,0.0499664373216982,-1419.565425779727,1.2061582803726196,1.3698096783482272,0.4838640562566037,-0.4291898036745549,0.0076556117273867,0.0061773806810379,0.0005456432700157,0.0046321824193,0.0012340859975665,0.0003274275804869,0.0009408288169652,0.0050848457030951,0.0038395221345126,0.0013899960322305,0.0002036485384451,0.0011574629461392,0.0057750362902879,0.0011272465344518,0.0055305166170001,0.0168785639107227,0.317138671875,0.551262617111206,0.3787228506532039,0.1459065402695121,0.9607314343669808,Caravaggio_54.jpg,Caravaggio,Barroco,3
21,142.92575,155.96349,148.2263,42.7536,37.926777,65.0525,0.0,0.0,0.0,255.0,255.0,255.0,0.35616386,0.18499856,0.69893223,0.17380384,0.1489703506231308,0.3158190548419952,0.2869908213615417,0.2500016451156516,0.2878044545650482,0.3218259513378143,3.887760639190674,1.5760926008224487,7.52085018157959,2.091054677963257,3.8702242374420166,1.7455676794052124,7.516284942626953,2.0572566986083984,0.0026236420962959,0.1852346999405822,0.0027042427100241,0.3395127748068924,0.002470307983458,0.1057635175282234,0.0025173556059598,0.0832442067736185,0.0022439365275204,0.0926322043969102,0.0019175062188878,0.0215389185977421,0.0023683039471507,0.0477124183006535,0.0021254250314086,0.0204396910279263,0.0019651222974061,0.0067142008318478,-1419.565425779727,0.9646300077438354,0.923456535556166,0.4784125556436039,-0.1676219826883101,0.0104991113767027,0.0048439591191709,0.0014171025250107,0.0052033616229891,0.0022713826037943,0.0006618392653763,0.0017373539740219,0.0048199300654232,0.0041176965460181,0.0016886740922927,0.0006050806259736,0.0022525321692228,0.0049023749306797,0.001456667901948,0.0047820219770073,0.0112409107387065,0.3289390206336975,-1.108556628227234,0.0331721119994735,0.5419372881913599,0.2945415062678906,Claude_Monet_69.jpg,Claude_Monet,Impresionismo,4
22,142.93233,126.90277,102.177795,62.12407,50.07107,49.340435,0.0,0.0,0.0,255.0,255.0,255.0,0.3562986,0.21275406,0.57851046,0.22656728,0.2044136673212051,0.6027251482009888,0.4860929548740387,0.2500007878209188,0.6748201251029968,0.6154423356056213,3.968284368515015,2.53300142288208,6.558958530426025,2.901376962661743,3.595743179321289,2.070605516433716,6.523515701293945,2.869368076324463,0.0017590553034096,0.0698493890309747,0.001750853145495,0.0416595623756749,0.001823900733143,0.1288718385905086,0.0019944244995713,0.0517760727479397,0.0021039608400315,0.0690821256038647,0.001765320659615,0.0273088945723216,0.0017458477523177,0.0518613242398408,0.0027330196462571,0.3755328218243819,0.0021573691628873,0.0807331628303495,-1419.5543996557055,1.0617817640304563,0.6933827027948165,0.5071267045495246,-0.2299658822434054,0.0123892705887556,0.0054584918543696,0.002279644832015,0.0027626708615571,0.0019469817634671,0.0011380371870473,0.0019094902090728,0.0032784277573227,0.0031504803337156,0.0019233759958297,0.0012072675162926,0.0019241694826632,0.0028160319197922,0.0023447095882147,0.0054539293050765,0.0125170201063156,0.3278738260269165,-0.3838212788105011,0.137266765616974,0.355924886002313,0.742562182705125,Claude_Monet_70.jpg,Pablo_Picasso,Cubismo,1
23,140.12036,155.2461,154.4882,44.600403,41.23699,34.661575,0.0,7.0,0.0,255.0,255.0,255.0,0.17258248,0.12012007,0.632997,0.14623357,0.1603455245494842,0.1875054240226745,0.2018605321645736,0.25,0.1687915921211242,0.2019155472517013,3.9134795665740967,1.6654502153396606,7.482931613922119,2.106290817260742,3.784539461135864,1.3389338254928589,7.483158588409424,2.171125888824463,0.002537797903642,0.0372900586477459,0.0029052319005131,0.4767406555124087,0.0028935384470969,0.142752129376608,0.0019177290378138,0.00013583265417,0.0018080451991409,0.0001677932786806,0.0018283856334164,0.0001677932786806,0.0024597039446234,0.1052623168256707,0.0022312744986265,0.1146267798072774,0.0022626551799476,0.0246815922783131,-1419.565425779727,0.7806589007377625,0.0016745371201347,0.5000388579711982,-0.4126903113921411,0.0110088260844349,0.0056070364080369,0.0011308289831504,0.0042272363789379,0.0022251475602388,0.0006159633630886,0.0015875441022217,0.0043591293506324,0.0037744608707726,0.0017159970011562,0.0005115919630043,0.0020484763663262,0.0044360901229083,0.0013345225015655,0.0053332629613578,0.0125838853418827,0.325940191745758,-0.2250235080718994,0.0122855272933102,0.4014982134644638,0.0905065977995542,Claude_Monet_71.jpg,Alfred_Sisley,Impresionismo,4
24,176.59552,182.15376,178.66945,54.29186,48.81121,53.498245,0.0,0.0,0.0,255.0,255.0,255.0,0.21782294,0.13553277,0.7795019,0.18988866,0.1913729459047317,0.2714748084545135,0.2520560622215271,0.25,0.2829944789409637,0.2917941510677337,4.576630592346191,1.692206621170044,8.944580078125,2.450028896331787,4.6909685134887695,2.011008977890014,8.948020935058594,2.5608482360839844,0.0032917982898652,0.1110072984793706,0.0031898566521704,0.0765053960000541,0.0029528872109949,0.0008395282392926,0.0030016461387276,0.293279711852243,0.002984742866829,0.2228676659760869,0.0020543916616588,0.0073797240389432,0.0026596235111355,0.066864362026242,0.0025473602581769,0.1050493561360035,0.0022430683020502,0.0145292548509837,-1419.386029683147,1.0777205228805542,2.23283870186664,0.4780272402469794,-0.2400500985802685,0.0110876588150858,0.0040727388113737,0.0016990377334877,0.0042164828628301,0.0029135639779269,0.0009408766054548,0.0017932666232809,0.0043935501016676,0.0040881773456931,0.0018252723384648,0.0008832661551423,0.0028610369190573,0.004197655711323,0.0017812172882258,0.003892000298947,0.0118541978299617,0.3303601145744324,-1.214343547821045,0.0241355330679583,0.7392031557239461,0.3939454342717375,Claude_Monet_72.jpg,Claude_Monet,Impresionismo,4
25,134.03365,144.71655,137.98552,26.166487,19.721989,17.594538,0.0,2.0,5.0,255.0,248.0,247.0,0.14555128,0.07105358,0.582563,0.080406085,0.0795719102025032,0.1717928498983383,0.1417542397975921,0.25,0.2097820490598678,0.2068582773208618,3.5182008743286133,0.7272986173629761,6.990241527557373,1.0259463787078855,3.546311378479004,1.0482608079910278,6.991065502166748,1.011781096458435,0.002416216302663,0.3854041164658635,0.0022931694984436,0.1204693775100401,0.0023027088027447,0.1271962851405622,0.0020578452385962,0.0460843373493975,0.002054869197309,0.0150100401606425,0.0020443450193852,0.0458835341365461,0.0020545017905533,0.0291039156626506,0.0019794718828052,0.0231927710843373,0.0022786438930779,0.1076179718875502,-1419.565425779727,0.9492841362953186,0.150106666158433,0.5002631720156611,-0.2555314166094797,0.0108071733266115,0.0031667274888604,0.0014077846426516,0.0041934046894311,0.0043249358423054,0.0008449685410596,0.0016707591712474,0.0042233541607856,0.0037765689194202,0.0016896743327379,0.0007658047252334,0.0039870012551546,0.0046269670128822,0.0015818750252947,0.0032117387745529,0.0122212627902626,0.329367846250534,-0.3650964498519897,0.0057479919678714,0.0670083110218652,0.1578564257028112,Claude_Monet_73.jpg,Claude_Monet,Impresionismo,4
26,126.49094,116.33364,109.377975,58.444458,57.446392,60.44938,0.0,0.0,0.0,255.0,255.0,255.0,0.29447183,0.2405369,0.5337437,0.22408012,0.2195463180541992,0.8842393755912781,0.5807037353515625,0.25,1.011770725250244,0.8278958201408386,3.430625915527344,2.4078574180603027,5.981441020965576,3.1029090881347656,3.688408613204956,2.7501556873321533,6.012296676635742,3.1314847469329834,0.0016404255293309,0.0581188118811881,0.0018032916123047,0.1007920792079208,0.0016219223616644,0.0774257425742574,0.0018960495945066,0.0973267326732673,0.0019922363571822,0.1386633663366336,0.0019730429630726,0.1169801980198019,0.0019492665305733,0.1203465346534653,0.0017539943801239,0.0979702970297029,0.0017817737534642,0.0923762376237623,-1418.517173708604,1.0924949645996094,1.3866335247029844,0.4968293252242523,-0.1089641285893845,0.0116622820496559,0.0038573346100747,0.0025854452978819,0.0032340637408196,0.0026458627544343,0.0014316131127998,0.0019948137924075,0.0038760846946388,0.0039337244816124,0.0018830070039257,0.0013666818849742,0.0026344042271375,0.003184410277754,0.0026271124370396,0.0037653197068721,0.0118178399279713,0.3319501876831054,-0.1097580716013908,0.1612926292629262,0.2361166116611661,0.449031903190319,Jackson_Pollock_16.jpg,Jackson_Pollock,Expresionismo abstracto,2
27,104.26233,94.743225,71.70652,46.95337,47.66365,44.941597,0.0,0.0,0.0,255.0,255.0,255.0,0.38062605,0.25800723,0.41895482,0.18292676,0.1797657757997512,0.6370211243629456,0.4857844710350036,0.25,0.5937544703483582,0.5246817469596863,3.411630153656006,2.675412178039551,4.990381240844727,2.759859800338745,2.986752510070801,2.210765600204468,4.971846580505371,2.8327808380126958,0.0015459470450878,0.1133225458468177,0.0014497007941827,0.086084142394822,0.0014946026494726,0.0872168284789644,0.00153050548397,0.1359762675296656,0.0015945978229865,0.1601402373247033,0.0015589150134474,0.1001618122977346,0.0013415575958788,0.0928802588996763,0.0013368756044656,0.0800970873786407,0.001291653024964,0.0462243797195253,-1419.565425779727,1.0918209552764893,1.597668002040728,0.4984975450466182,-0.1064215837281445,0.0116261234506964,0.0050261816941201,0.0020572417415678,0.0035058078356087,0.0021429602056741,0.0009729791781865,0.0017670022789388,0.0039020674303174,0.0037971751298755,0.0017030894523486,0.0010083192028105,0.0021320574451237,0.0035930301528424,0.0021222825162112,0.0051769409328699,0.011966741643846,0.3292869925498962,0.2259609699249267,0.2600035727045373,0.0745861617244253,0.7294807669405741,Jackson_Pollock_17.jpg,Jackson_Pollock,Expresionismo abstracto,2
28,162.04451,140.9082,121.44005,83.84993,84.55794,75.659035,0.0,0.0,0.0,255.0,255.0,253.0,0.33938286,0.24416085,0.6356046,0.32862633,0.3240637183189392,0.8655499219894409,0.8690044283866882,0.25,0.8694913387298584,0.9464374780654908,4.786128997802734,3.3068315982818604,7.694669246673584,4.342134475708008,4.871005058288574,3.3903744220733643,7.611350059509277,4.39091682434082,0.0020546475425362,0.0422574626865671,0.0023752429988235,0.046455223880597,0.0017733516870066,0.0022388059701492,0.0021767299622297,0.0666977611940298,0.0022097155451774,0.1396455223880597,0.0016016942681744,0.0140858208955223,0.0025206345599144,0.1166977611940298,0.0028029223904013,0.3164179104477612,0.0025332586374133,0.154570895522388,-1419.565425779727,0.9919769167900084,1.3979039895520058,0.48895628382271,-0.0750791356153012,0.0110264122486114,0.0042298641055822,0.0022803347092121,0.0033943515736609,0.0026098326779901,0.0012127353111281,0.0017187499906867,0.0043769613839685,0.0037637290079146,0.0017919717356562,0.0011754707666113,0.0026523272972553,0.0038238754495978,0.0024137028958648,0.0041435668244957,0.0118861142545938,0.3316300511360168,-0.4594334065914154,0.2527640264026403,0.5316728547854785,0.9912128712871288,Jackson_Pollock_18.jpg,Jackson_Pollock,Expresionismo abstracto,2
29,111.006996,97.1775,92.52091,69.17126,70.73046,67.669975,0.0,0.0,0.0,255.0,255.0,255.0,0.38531289,0.30193168,0.4538379,0.2705793,0.2703397274017334,1.052850365638733,0.722946286201477,0.25,1.048669695854187,0.8731998205184937,4.067809104919434,3.089097023010254,5.667341232299805,3.773583650588989,3.780850887298584,2.8050148487091064,5.704172134399414,3.823244094848633,0.0016094605671241,0.127183908045977,0.0015624966472387,0.1217816091954023,0.0016650381730869,0.1376436781609195,0.0015199028421193,0.0564367816091954,0.0009788138559088,0.0245402298850574,0.0015435253735631,0.0740804597701149,0.0017821594374254,0.130287356321839,0.0016052806749939,0.1278735632183908,0.0016823585610836,0.1001149425287356,-1419.153005802185,0.6315323710441589,0.2454179459528384,0.4994949195865363,-0.1542012638168843,0.0116707198321819,0.0042806616984307,0.0023518037050962,0.0034291257616132,0.00235301326029,0.0012345658615231,0.0018812817288562,0.0040677776560187,0.0039923815056681,0.0017804843373596,0.0012131968978792,0.0024590520188212,0.0035992716439068,0.0023316442966461,0.0041786548681557,0.0116763645783066,0.3311716318130493,0.1022522673010826,0.3505491698595147,0.2396871008939974,0.7157151979565772,Jackson_Pollock_19.jpg,Jackson_Pollock,Expresionismo abstracto,2
30,214.36635,200.10434,156.10266,48.636692,51.46119,54.63467,0.0,0.0,0.0,255.0,255.0,255.0,0.28792208,0.18851621,0.8441091,0.18595712,0.1930783689022064,0.631106436252594,0.5788306593894958,0.25,0.6272135376930237,0.6250300407409668,5.434804439544678,2.8267109394073486,9.972087860107422,3.3585126399993896,5.367788314819336,2.7072954177856445,9.961852073669434,3.195696353912353,0.0030862435232847,0.0954502814258911,0.0032380614429712,0.1134146341463414,0.0031193501781672,0.1109287054409005,0.0030413388740271,0.0705909943714821,0.0030836982186883,0.1095215759849906,0.0030938303098082,0.1118667917448405,0.0029093406628817,0.0775797373358349,0.0030359264928847,0.1036116322701688,0.0029817216563969,0.1057692307692307,-1419.4471100930627,1.0059326887130735,1.096758931973225,0.5021359725234722,-0.1705192517314711,0.0117452135309576,0.0044557387009263,0.0024247842375189,0.0035175152588635,0.0024915186222642,0.0012393487850204,0.0017298285383731,0.0038156821392476,0.0038636783137917,0.0020102434791624,0.0011279060272499,0.0023498316295444,0.0033662950154393,0.0023432569578289,0.0044586970470845,0.0115604614838957,0.3311622738838196,-1.823208451271057,0.0259120283510527,0.8323170731707317,0.8841776110068793,Jackson_Pollock_20.jpg,Jackson_Pollock,Expresionismo abstracto,2
31,120.44585,119.77731,115.03704,84.54353,82.66409,79.646736,0.0,0.0,0.0,255.0,255.0,255.0,0.28472218,0.2897869,0.50120527,0.32218736,0.3233813941478729,1.1507633924484253,0.841771125793457,0.25,0.9629991054534912,0.8214147686958313,4.892727375030518,3.6690666675567623,6.927811622619629,4.662055969238281,5.035869598388672,3.903273820877075,6.797129154205322,4.564746856689453,0.0018628041725605,0.1261494252873563,0.0019329797942191,0.1414750957854406,0.0023507412988692,0.2078065134099616,0.0018111006356775,0.0987068965517241,0.0017403122037649,0.0727011494252873,0.001772730029188,0.1185823754789272,0.0017049884190782,0.0401819923371647,0.0015847788890823,0.0338122605363984,0.0017636476550251,0.0629789272030651,-1410.5367983366764,0.9478724598884584,0.7250821907135946,0.509632720932884,-0.1176929849285212,0.0110315587371587,0.0046923710033297,0.0017770481063053,0.0045082382857799,0.0021500005386769,0.0007937793852761,0.0017392172012478,0.0046786447055637,0.004382693208754,0.0016953601734712,0.0008235754212364,0.0022159535437822,0.0046053268015384,0.0019015887519344,0.00458724796772,0.0109173962846398,0.3302275538444519,0.0130211012437939,0.3482065159715589,0.3425554494322402,0.4147086914995224,Jackson_Pollock_21.jpg,Jackson_Pollock,Expresionismo abstracto,2
32,197.98569,202.44936,181.3292,58.736652,58.537724,54.691326,0.0,0.0,0.0,255.0,255.0,246.0,0.14033207,0.14948039,0.79646933,0.22892532,0.2275561094284057,0.2140565067529678,0.4377624690532684,0.2500025089066185,0.1880528181791305,0.4111058115959167,5.326901912689209,1.8102283477783203,9.975165367126465,2.8208107948303223,5.217431545257568,1.6942081451416016,10.03733730316162,2.850907325744629,0.0033833063207566,0.0485423667241849,0.002974065253511,0.0363273090545817,0.0031631793826818,0.0715647988375261,0.0034642210230231,0.1479429661247843,0.0020553884096443,0.1075742439378803,0.0033574411645531,0.4174915993097811,0.0032622711732983,0.0027245481790936,0.0024461408611387,0.0152574698029243,0.003389993449673,0.0480428662246844,-1419.565425779727,0.6727680563926697,1.0811865039102422,0.4962414279889655,-0.1903576899544797,0.00848348159343,0.0053776609711349,0.0010612263577058,0.0043303607963025,0.0018796968506649,0.0006738296942785,0.0012387832393869,0.0056055416353046,0.0036815346684306,0.0017116350354626,0.0004576598294079,0.0016211159527301,0.0051181307062506,0.001651500002481,0.0047338991425931,0.014873944222927,0.3244485557079315,-2.4938385486602783,0.0783180290029605,0.8639821365848763,0.3092177229163531,Jackson_Pollock_22.jpg,Vincent_van_Gogh,Impresionismo,4
33,92.476204,62.363884,42.958286,74.658775,59.62769,45.396965,0.0,0.0,0.0,255.0,255.0,235.0,0.4947901,0.25611869,0.36619356,0.28972924,0.2329933196306228,0.354328453540802,0.4496055841445923,0.25,0.3008967041969299,0.3907965123653412,2.468547344207764,2.7809715270996094,3.843543767929077,3.5702476501464844,2.2977919578552246,2.4902091026306152,3.686070203781128,3.241163730621338,0.0008359819767065,0.0713885429638854,0.0010873141000047,0.1096201743462017,0.0006610362324863,0.0048567870485678,0.0012281564995646,0.1613947696139477,0.001618054928258,0.2481008717310087,0.0009841758292168,0.0816313823163138,0.0009000296122394,0.0507783312577833,0.001101755304262,0.0953922789539227,0.0011600170983001,0.0788605230386052,-1419.565425779727,1.520631194114685,2.475442406516105,0.5004763855343447,-0.1602282854971739,0.01088890992105,0.0055358535610139,0.0017679779557511,0.0042808367870748,0.0019596864003688,0.0007431419799104,0.0017332009738311,0.004066958092153,0.0037728745955973,0.0017088570166379,0.0007709636120125,0.0019349077483639,0.0042651873081922,0.0019442541524767,0.0051889522001147,0.0119374375790357,0.3286464810371399,0.8264428973197937,0.5808034789811555,0.1992510526679091,0.8285186719127494,Jackson_Pollock_23.jpg,Jackson_Pollock,Expresionismo abstracto,2
34,107.12637,97.033226,68.72055,70.361595,67.9546,54.362255,0.0,0.0,0.0,255.0,255.0,246.0,0.40878046,0.2407379,0.43032807,0.27462453,0.2589001655578613,0.6784412264823914,0.6532766819000244,0.25,0.5905331969261169,0.5960791707038879,3.905606031417847,3.653336524963379,5.409012317657471,3.921170949935913,3.9715192317962646,3.603294134140015,5.433409690856934,3.8734824657440186,0.0012614323059096,0.0433933933933934,0.001338452566415,0.0729229229229229,0.0015316212084144,0.1417917917917918,0.001722726272419,0.1902402402402402,0.0015891919611021,0.103053053053053,0.001326065394096,0.0807807807807807,0.0015737946378067,0.1273773773773773,0.0015092624817043,0.0797297297297297,0.0015369434840977,0.0613113113113113,-1419.565425779727,1.068198323249817,1.0298431781780593,0.4963258745744099,-0.1217431741968955,0.0113767106086015,0.0046835811808705,0.0020959768444299,0.0039022259879857,0.0022180962841957,0.0010497380280867,0.0017674088012427,0.0041604614816606,0.0042206463403999,0.0017471138853579,0.001060935202986,0.0023118730168789,0.003894877852872,0.0021579114254564,0.0044022509828209,0.0114501919597387,0.330771267414093,0.4669607281684875,0.3787924151696606,0.2089376801951652,0.7038644932357507,Jackson_Pollock_24.jpg,Jackson_Pollock,Expresionismo abstracto,2
35,144.4056,125.92781,36.272667,50.548973,51.096397,37.710907,9.0,0.0,0.0,255.0,255.0,252.0,0.7271802,0.2362632,0.57121515,0.1986041,0.1785440593957901,0.143085777759552,0.2265967279672622,0.25,0.0854746401309967,0.1365050375461578,3.264887809753418,1.655614733695984,6.073742866516113,2.3834407329559326,3.1485466957092285,1.466100811958313,6.069696426391602,2.197133302688598,0.0016488329274579,0.0191997851772287,0.0021367049776017,0.1600429645542427,0.0020931439939886,0.2613453276047261,0.0021477055270224,0.1222475832438238,0.0020053558982908,0.2340225563909774,0.0020299013704061,0.0714957035445757,0.0019408032530918,0.0135606874328678,0.0012668970739468,0.0169172932330827,0.0015121832257136,0.0051020408163265,-1419.565425779727,1.075474500656128,2.330040614649413,0.4974281091704263,-0.1537297547995179,0.0102838296443223,0.0082926843315362,0.0007533683092333,0.0049816188402473,0.0012405934976413,0.000377388234483,0.0010800625896081,0.0045108222402632,0.0042681484483182,0.001433981466107,0.0002830411831382,0.0012269811704754,0.0050125983543694,0.0010209196479991,0.0065268450416624,0.011207116767764,0.3216290175914764,-0.5811336636543274,0.1122671776134034,0.2179321510263494,0.8670573032706532,Joan_Miro_25.jpg,Joan_Miro,Surrealismo,0
36,125.4173,106.677574,60.612743,66.05554,70.39416,42.00404,0.0,0.0,0.0,255.0,255.0,255.0,0.5343927,0.22779873,0.5023928,0.265448,0.2497372478246688,0.5546651482582092,0.5574675798416138,0.2500031098008483,0.4361108839511871,0.478812575340271,3.7238309383392334,2.871896743774414,5.712608337402344,3.544604778289795,3.6210684776306152,2.670943260192871,5.981995105743408,3.948232650756836,0.0023056881036609,0.3488188976377953,0.0023645174223929,0.289763779527559,0.0018211997812613,0.0562429696287964,0.001410293392837,0.0157480314960629,0.0014727034140378,0.0581552305961754,0.0012663691304624,0.0453318335208099,0.0015491351950913,0.0404386951631046,0.0013223882997408,0.033689538807649,0.0013003235217183,0.0133295838020247,-1419.544746367848,0.8947945237159729,0.5805726540001024,0.4679466004795923,-0.1180247753622145,0.0115623818710446,0.0051199900917708,0.0016066717216745,0.0037119926419109,0.0018296896014362,0.0006733729387633,0.0016463280189782,0.0044238441623747,0.0047045797109603,0.0016435795696452,0.0007216673111543,0.0018002418801188,0.0041882619261741,0.0017260333988815,0.0054839649237692,0.0116574000567197,0.3273741006851196,0.1317545622587204,0.3055254941473548,0.2865557089723974,0.7591583634984016,Joan_Miro_36.jpg,Joan_Miro,Surrealismo,0
37,199.21887,188.26634,62.310177,82.12243,87.54713,78.538605,8.0,0.0,0.0,255.0,255.0,255.0,0.8180305,0.20641518,0.8721825,0.2338682,0.2780302166938782,0.187480166554451,0.4430733919143677,0.25,0.1516322940587997,0.3193705379962921,4.817031383514404,2.4875564575195312,8.982796669006348,3.627397537231445,4.792646884918213,2.524617910385132,8.884178161621094,3.443913459777832,0.0031555467285215,0.007440201684806,0.0031094050500541,0.1681731537846645,0.003119432600215,0.0732337207157351,0.0030382184777408,0.0173399741745065,0.0018079014262184,0.052757793764988,0.0019775775726884,0.1493574371272213,0.0024684038944542,0.0049806308799114,0.0030334657058119,0.1852671708786816,0.0027758607175201,0.2323064625222898,-1419.432024734604,0.6645094752311707,0.5329927677991769,0.4884423517526279,-0.1415813413229353,0.0088581731542944,0.0066680973395705,0.0011851820163428,0.0038165349978953,0.0021050823852419,0.0006855254177935,0.0011911916080862,0.0049124313518404,0.0029970810282975,0.0016243131831288,0.0005022321711294,0.0017509444151073,0.0042466516606509,0.0016783997416496,0.0038461538497358,0.0164320059120655,0.3222104907035827,-2.447845458984375,0.0763987059591126,0.9068005110917792,0.6875611678990866,Joan_Miro_82.jpg,Joan_Miro,Surrealismo,0
38,136.45316,117.71551,118.62136,74.87226,79.67708,72.588394,0.0,0.0,0.0,255.0,255.0,255.0,0.36958665,0.31301317,0.59097815,0.2718824,0.2867571711540222,0.5401512384414673,0.6714856624603271,0.25,0.4799195826053619,0.6328360438346863,4.923295021057129,4.131083488464356,6.268056392669678,3.645663976669312,3.891804456710816,2.890861988067627,6.282138347625732,3.523127794265747,0.0023220246657729,0.1812369907820398,0.0019154034089297,0.055902468034493,0.0022981804795563,0.2209336901575974,0.0022296919487416,0.1339577757954207,0.0012694667093455,0.0165031222123104,0.0017499808454886,0.0663098424026167,0.0021580553147941,0.0637823371989295,0.0009046062477864,0.0190306274159976,0.0021966181229799,0.1379720487659827,-1419.0514114355349,0.6703310012817383,0.1658366367218543,0.4903167563175145,-0.0584940424353231,0.0110002160072326,0.0060701589100062,0.0015024837339296,0.0034981807693839,0.0019043228821828,0.0006821919814683,0.0014567965408787,0.0034088832326233,0.0037100031040608,0.0016364300390705,0.0006904987385496,0.0017132675275206,0.0041450690478086,0.0015834745718166,0.0062342169694602,0.0132638057693839,0.3250688314437866,-0.7182283401489258,0.1776685393258427,0.4268683041546903,0.5091128821531226,Joan_Miro_96.jpg,Jackson_Pollock,Expresionismo abstracto,2
39,204.55452,195.37627,179.06732,70.98868,69.62282,75.63546,0.0,0.0,0.0,255.0,255.0,255.0,0.1578288,0.22046961,0.80253744,0.2774449,0.272909015417099,0.7980008125305176,1.0563137531280518,0.2500017664473916,0.8365153670310974,1.135682225227356,5.70803165435791,2.9921693801879883,9.912543296813965,3.438971281051636,5.814100742340088,3.07825231552124,10.12484359741211,3.829667091369629,0.0030903727747499,0.0731129052928361,0.0030392217449843,0.1442073561450724,0.003390634432435,0.0961168781237985,0.0027745841071009,0.1101819812892477,0.0022860299795866,0.1122324746892221,0.0031150267459452,0.1964949378444188,0.0031982187647372,0.0358515955401768,0.003086638636887,0.0974625144175317,0.0031443650368601,0.0396001537870049,-1400.9302483020472,0.7584934234619141,1.1158024018977806,0.5069365503271238,-0.1640477888759727,0.0098793469369411,0.0043904497288167,0.0021566224750131,0.0027953991666436,0.0028069687541574,0.0012982452753931,0.001419281354174,0.0046334122307598,0.0033153647091239,0.0018188784597441,0.0011387179838493,0.0023833424784243,0.0031224635895341,0.0024060369469225,0.003581466153264,0.0153540037572383,0.327788770198822,-1.5846457481384275,0.1213054752803352,0.7831473853045708,0.9513626375179296,Joan_Miro_99.jpg,Jackson_Pollock,Expresionismo abstracto,2
40,146.3297,126.99321,104.32277,78.793144,84.54714,81.146385,0.0,0.0,0.0,255.0,255.0,255.0,0.43056104,0.33403796,0.5868809,0.30365604,0.3151208460330963,0.547330915927887,0.6615607738494873,0.25,0.3960720002651214,0.4854889214038849,4.561794281005859,3.775383472442627,6.949524879455566,4.095066547393799,4.335453033447266,3.3561220169067383,6.936532497406006,4.042655944824219,0.001613694243133,0.0354166666666666,0.0021067187190055,0.1459302325581395,0.0029780126642435,0.2964631782945736,0.0018118685111403,0.0272286821705426,0.0026095537468791,0.1651162790697674,0.0022002963814884,0.0791182170542635,0.0016690553165972,0.0403585271317829,0.0014541303971782,0.0746608527131783,0.001612945459783,0.039922480620155,-1418.9443114252088,1.300703763961792,1.643465517178292,0.5340235625269651,-0.1232512169536386,0.0102946981787681,0.0052314768545329,0.001442338922061,0.0047371829859912,0.002097793854773,0.0006345074507407,0.0014528126921504,0.0046077813021838,0.0044047250412404,0.0014852475142106,0.000638561847154,0.0019707572646439,0.0047456296160817,0.0015244396636262,0.0052801291458308,0.0119519177824258,0.3276914358139038,-0.4971635639667511,0.2433108397600685,0.4545951156812339,0.8241216795201372,Pablo_Picasso_123.jpg,Pablo_Picasso,Cubismo,1
41,60.44516,69.57084,43.852722,73.89263,68.704254,66.50942,0.0,0.0,0.0,255.0,255.0,255.0,0.66534483,0.31567416,0.29951304,0.2857979,0.265692800283432,0.2711601257324219,0.4675512611865997,0.250001391819442,0.1956386268138885,0.3089980483055115,2.70076847076416,3.605857133865357,3.445817470550537,3.29864501953125,2.5201244354248047,3.6820573806762695,3.440084934234619,3.2211363315582275,0.0002905928413383,0.004615617433414,0.0019484622171148,0.4434523809523809,0.0012585828080773,0.1294138418079096,0.0003266182611696,0.0214638821630347,0.0011228084331378,0.058388821630347,0.0010643595596775,0.0844683212267958,0.0010795257985591,0.0422719935431799,0.0009733690530993,0.0276937046004842,0.0006058875587768,0.0338983050847457,-1406.082093635034,1.1655051708221436,0.6214023019665884,0.5584612706913399,-0.2241999189716247,0.0097878696396946,0.0066417809575796,0.0010630001779645,0.0042294063605368,0.0015292561147361,0.0004625776200555,0.0013845801586285,0.0047503095120191,0.0036932646762579,0.0016061479691416,0.000377803837182,0.0014341482892632,0.0045884689316153,0.0014576186658814,0.0056915790773928,0.0138021884486079,0.3231206238269806,1.0053324699401855,0.6113455553637938,0.1293612662216555,0.1550124985385896,Pablo_Picasso_131.jpg,Pablo_Picasso,Cubismo,1
42,136.5518,85.44354,40.592304,47.475136,40.47177,39.818108,0.0,0.0,0.0,255.0,227.0,210.0,0.6928735,0.2780574,0.5452008,0.17862414,0.1436005979776382,0.2203784584999084,0.2465986013412475,0.2500008496609853,0.1851827353239059,0.2476272583007812,2.585655689239502,1.6392251253128052,4.780071258544922,2.11334228515625,2.5161495208740234,1.4053475856781006,4.767856597900391,2.0440523624420166,0.0017995472298935,0.1103537214443625,0.0015963249607011,0.1435765168263326,0.0013408777303993,0.1047654139032178,0.0014736216980963,0.0201731761238025,0.0015586920781061,0.1956828788995332,0.0015358715318143,0.1533714075165806,0.001116031431593,0.004267993122083,0.001214787364006,0.0109309751903709,0.0015841333661228,0.1513141734217637,-1419.565425779727,1.06113862991333,1.9690008317412389,0.4976473681861945,-0.2392947265056971,0.0109678041189908,0.0055607450194656,0.0012162190396338,0.0044772354885935,0.0020533595234155,0.0005537414108403,0.0016265484737232,0.0042447797022759,0.0040129660628736,0.0016901205526664,0.0005387580604292,0.0020319547038525,0.0047565679997205,0.0013493566075339,0.0056022703647613,0.011817573569715,0.3266679942607879,-0.3326798677444458,0.1069417302496304,0.2175438000237905,0.8582629530817204,Pablo_Picasso_133.jpg,Pablo_Picasso,Cubismo,1
43,150.48541,121.69381,63.186092,58.035778,62.58609,65.74016,0.0,0.0,0.0,255.0,250.0,244.0,0.6532975,0.2934202,0.5908775,0.22667637,0.2350793480873108,0.2896261513233185,0.4216151237487793,0.25,0.2380520403385162,0.3084324300289154,3.687132835388184,2.5261175632476807,6.266584396362305,2.9592621326446533,3.609366416931152,2.444907665252685,6.354100227355957,3.029512882232666,0.0017826902912929,0.0307364341085271,0.0018301153322681,0.0755813953488372,0.0018794862553477,0.0052325581395348,0.0023205822799354,0.210891472868217,0.0020878298673778,0.363953488372093,0.001606942852959,0.0241085271317829,0.0021238175686448,0.1366279069767441,0.0020292494446039,0.0483333333333333,0.0014459803933277,0.0061240310077519,-1419.565425779727,1.098421931266785,3.633119451609847,0.4757464583263386,-0.2148605243791932,0.0109391519799828,0.005664390977472,0.0013153733452782,0.0042886370792984,0.0020085300784558,0.0006406285101547,0.0015617689350619,0.0044492003507912,0.0038857394829392,0.0017087940359488,0.0006008261698298,0.0019844321068376,0.0043084030039608,0.0014688967494294,0.0052972342818975,0.0123779932036995,0.3266087174415588,-0.9636223912239076,0.1334793814432989,0.3543642611683849,0.9639905498281788,Pablo_Picasso_138.jpg,Joan_Miro,Surrealismo,0
44,108.4717,85.58753,34.114708,48.236748,42.578842,26.244173,0.0,0.0,0.0,255.0,255.0,249.0,0.68809646,0.17924997,0.43158674,0.18530177,0.1591397672891616,0.3957288861274719,0.3271114528179168,0.25,0.3899411559104919,0.3597618341445923,2.621101856231689,2.153795003890991,4.328422546386719,1.9468315839767456,2.3574557304382324,2.0348546504974365,4.346787452697754,2.044414520263672,0.0017646880587562,0.2255483870967742,0.0014972888166084,0.1583870967741935,0.0013384638587012,0.0708387096774193,0.001538140932098,0.1413548387096774,0.0012623443035408,0.1368064516129032,0.0011498784879222,0.056516129032258,0.0012234861496835,0.0348387096774193,0.0011165860341861,0.0298709677419354,0.0010500912321731,0.0304516129032258,-1419.5109101499854,0.9514314532279968,1.391860705127398,0.471841141827521,-0.1965168024878335,0.0128967072814702,0.0063835093751549,0.0014398352941498,0.0032152426429092,0.0016142517561092,0.0006416999385692,0.0017850721487775,0.0033053727820515,0.0032714335247874,0.001803277991712,0.0006626029498875,0.001708427676931,0.0032264806795865,0.001529965433292,0.0061074998229742,0.0129086198285222,0.3230870366096496,0.0454332642257213,0.2432512491077801,0.0738222698072805,0.8274553890078515,Pablo_Picasso_139.jpg,Joan_Miro,Surrealismo,0
45,153.31752,131.06927,77.74876,80.18166,72.708786,80.711494,0.0,0.0,0.0,255.0,255.0,255.0,0.56455857,0.3601954,0.6260672,0.28599337,0.2782096266746521,0.8205623030662537,0.9877361059188844,0.25,0.8745421171188354,1.052291750907898,5.53607702255249,4.387388706207275,6.739420413970947,3.31017541885376,4.378990173339844,3.403537511825561,6.727829933166504,3.4072656631469727,0.0023908321745693,0.0695970695970696,0.0023046387359499,0.1767399267399267,0.001931712264195,0.0,0.0023303027264773,0.1130952380952381,0.002034034114331,0.1927655677655677,0.0015661129727959,0.0119047619047619,0.0018393265781924,0.0956959706959706,0.0018983817426487,0.1781135531135531,0.001901883399114,0.0714285714285714,-1417.9985749708349,1.0059894323349,1.9078547960685104,0.4801197669333862,-0.0529297091915534,0.0117511516436934,0.0072228624485433,0.0018337173387408,0.0028161802329123,0.0021057347767055,0.0007872504065744,0.0014816948678344,0.0032194061204791,0.0028097797185182,0.0015520993620157,0.0008448540465906,0.0020769329275935,0.0027809778694063,0.0018465181346982,0.0064996159635484,0.012871223501861,0.3247558176517486,-0.5962415933609009,0.1980991242038216,0.5208499203821656,0.738405652866242,Pablo_Picasso_140.jpg,Pablo_Picasso,Cubismo,1
46,136.5682,111.003456,50.65213,73.747856,61.831078,36.461002,1.0,0.0,0.0,255.0,255.0,255.0,0.6115096,0.19296846,0.5470972,0.28507003,0.2352546453475952,0.2405391335487365,0.3244706392288208,0.249999169184039,0.2026253193616867,0.2649943828582763,3.212904930114746,2.2484946250915527,5.636355876922607,3.01666522026062,3.0532548427581787,2.2629270553588867,5.61252498626709,2.9296529293060303,0.0014322432689368,0.0288054730398775,0.0009612157009541,0.0041407867494824,0.0018558651208877,0.0342365049359378,0.0015641837380826,0.0300657124853722,0.0022387427743524,0.3098388693851832,0.0020690851379185,0.0681129414588771,0.0010611346224322,0.0155729588621838,0.0022717304527759,0.3161400666126564,0.0019515433814376,0.0670027305187985,-1415.9824009583187,1.3078607320785522,3.1908666241791903,0.5430723347410041,-0.2307891041164012,0.0112388730049133,0.0063765686936676,0.0014341264031827,0.0039738733321428,0.0017571919597685,0.0005806391709484,0.0016557108610868,0.0041540288366377,0.0035794572904706,0.0017517517553642,0.0005170304211787,0.001720575033687,0.0037861857563257,0.0015956591814756,0.0059348647482693,0.0124434633180499,0.3254376053810119,0.051307987421751,0.2514580820115051,0.338225177711534,0.8225609735833757,Pablo_Picasso_141.jpg,Pablo_Picasso,Cubismo,1
47,135.10976,124.46386,105.92646,52.584347,51.561573,52.575523,0.0,0.0,0.0,255.0,255.0,239.0,0.37724513,0.21559125,0.568609,0.19657603,0.1952273398637771,0.393125981092453,0.4046904742717743,0.25,0.4249067902565002,0.4731376767158508,3.5371434688568115,2.1670053005218506,6.3951497077941895,2.6909329891204834,3.6279685497283936,2.1424968242645264,6.317663192749023,2.385692596435547,0.0020408306736499,0.0326092873863574,0.0019335018005222,0.0656540911317981,0.0018398960819467,0.01682181936959,0.0022551065776497,0.1318525777124503,0.0018663889495655,0.1744243018128368,0.0021735541522502,0.0890630954325221,0.0019033607095479,0.1340301595078665,0.0016802470199763,0.1501442647939463,0.0016624483978375,0.0962491153573956,-1419.565425779727,0.96785306930542,1.7621606628439486,0.4860879909772066,-0.1617363944025208,0.0107183139771223,0.0041032889857888,0.0016868102829903,0.0040930011309683,0.0029807810205966,0.0008592178346589,0.0018693227320909,0.0040270835161209,0.0038079924415796,0.0017169115599244,0.000910275557544,0.0029156252276152,0.004282752983272,0.0017893068725243,0.0044195423834025,0.0123197734355926,0.3301338255405426,-0.5492196679115295,0.1208351441402288,0.271011396011396,0.6634917185764644,Pablo_Picasso_184.jpg,Jackson_Pollock,Expresionismo abstracto,2
48,190.6572,168.70694,104.28167,67.3018,64.97753,67.70431,3.0,0.0,0.0,255.0,255.0,255.0,0.45811456,0.27511123,0.7507676,0.26017752,0.2459457963705063,0.3062688708305359,0.4780433773994446,0.25,0.2534584105014801,0.37278613448143,4.781718254089356,2.5138630867004395,8.743429183959961,3.4935741424560547,4.623953819274902,2.299851655960083,8.599676132202148,3.074918270111084,0.0024836719967424,0.0087170647623738,0.0014973271172493,0.0459985225313962,0.0030363847035914,0.1418369859640482,0.0025823316536843,0.1303127308544693,0.0019815927371382,0.0253139620783058,0.0025974959135055,0.2101452844127062,0.0030205675866454,0.1472051218911598,0.0028326949104666,0.113568086678158,0.0031731755007058,0.0583600098497906,-1419.5307706493322,0.7685446739196777,0.2584646065297158,0.5066770242773059,-0.1738540081647955,0.0104319006204605,0.0058480356819927,0.0016349346842616,0.003912434913218,0.0020627391058951,0.0007435894804075,0.0016342474846169,0.0041728974319994,0.0036842727568,0.0017452361062169,0.0006693679606541,0.0019795836415141,0.0041873296722769,0.0018294225446879,0.0054346630349755,0.012529345229268,0.327930748462677,-1.113051176071167,0.1074105139321583,0.6857203546763687,0.8967941874904686,Pablo_Picasso_186.jpg,Joan_Miro,Surrealismo,0
49,87.71273,67.593506,62.549034,71.70216,65.51584,75.90633,0.0,0.0,0.0,255.0,255.0,255.0,0.6574679,0.30388963,0.41141582,0.29670838,0.2475779205560684,0.3611798584461212,0.593867838382721,0.25,0.3410730361938476,0.5482633113861084,3.3810763359069824,3.859397411346436,3.820037841796875,3.036557912826538,2.303776264190674,2.120602369308472,3.7833445072174072,2.8954572677612305,0.0008873144397512,0.0231477206267122,0.0011096699163317,0.0478652999661403,0.0010539222275838,0.0911441499676793,0.0011389149585738,0.046326222796811,0.0014434260083362,0.160741219564749,0.0009800929110497,0.134823160033244,0.0011673616245388,0.1170929910425708,0.0011942583369091,0.0967156093206513,0.0011045299470424,0.1817957952411734,-1419.522935897045,1.2888269424438477,1.6080335066337086,0.5030641194082097,-0.2492044831167,0.0115065667778253,0.005816223565489,0.0016687818570062,0.003469011047855,0.0021217828616499,0.0007829038077034,0.0016835535643622,0.0037072859704494,0.0030196495354175,0.0018006573664024,0.0006889210781082,0.0020907407160848,0.0035103291738778,0.0018550346139818,0.0055094417184591,0.0132691171020269,0.3261322975158691,0.1353004872798919,0.4468914030841198,0.2651758274633523,0.7199135141015529,Pablo_Picasso_196.jpg,Pablo_Picasso,Cubismo,1
50,105.626755,86.566536,50.66607,46.492996,29.658112,17.118523,16.0,7.0,0.0,234.0,184.0,125.0,0.5011667,0.16174504,0.42793345,0.16903895,0.1243455857038497,0.1504629403352737,0.1731607019901275,0.2500051392743345,0.1403142362833023,0.1670677959918975,2.470508813858032,1.3815009593963623,4.379801273345947,1.5137460231781006,2.279037475585937,1.14692223072052,4.389245986938477,1.6234172582626345,0.0011124587617814,0.0009250693802035,0.0012663429370149,0.0006475485661424,0.000987222767435,0.0,0.0013199723325669,0.0011100832562442,0.0017906536813825,0.1583718778908418,0.0010969049762934,0.0003700277520814,0.0012602305505424,0.0269195189639222,0.0017536913510411,0.4245143385753931,0.0016163828549906,0.28686401480111,-1419.565425779727,1.320546269416809,1.584207120987548,0.4998411789906148,-0.1317165268544904,0.0111672217026352,0.0068461056798696,0.0012950333766639,0.0034816223196685,0.0016601155512034,0.0005648687947541,0.0014915660722181,0.0042033265344798,0.003322183387354,0.0016972095472738,0.0004809194069821,0.0017037171637639,0.0033807528670877,0.00159829237964,0.0057066064327955,0.013900457881391,0.322956383228302,0.6394459009170532,0.2721965258505499,0.0953438174529756,0.7415356151711379,Pablo_Picasso_34.jpg,Salvador_Dali,Surrealismo,0
51,121.87259,100.18943,70.84378,43.752613,58.45413,54.80367,0.0,0.0,0.0,255.0,240.0,215.0,0.5392763,0.23523284,0.513552,0.18541801,0.1929013729095459,0.1854038089513778,0.2183305919170379,0.25,0.1640055626630783,0.2164768576622009,2.850195407867432,1.7722539901733398,5.143350124359131,2.5181362628936768,2.661466598510742,1.5284994840621948,5.1471099853515625,2.5469775199890137,0.0022800040896981,0.2709827833572453,0.0020081447437405,0.0923003347680535,0.0024952061939984,0.3660329985652797,0.0013868834357708,0.031324725011956,0.0012928815558552,0.0509923481587757,0.0017950984183698,0.0807926829268292,0.0010877937311306,0.0024509803921568,0.001001848722808,0.001793400286944,0.0009362532873637,0.0007173601147776,-1419.565425779727,0.814601480960846,0.5114078693045483,0.5124717827930404,-0.2112669599496804,0.0112548200413584,0.0058662435039877,0.0011524353176355,0.0041799456812441,0.0020216009579598,0.0005217907601036,0.0016523720696568,0.0039278957992792,0.0037170567084103,0.0017895320197567,0.0004853673744946,0.0019687351305037,0.0044303303584456,0.0013420450268313,0.0058468868955969,0.0123429428786039,0.3254435658454895,-0.010952103883028,0.1229988763302267,0.1984698261616762,0.7744563421243968,Pablo_Picasso_39.jpg,Camille_Pissarro,Impresionismo,4
52,92.19479,109.14883,100.506226,74.53062,66.88505,72.53397,0.0,0.0,0.0,255.0,255.0,255.0,0.35785237,0.26075754,0.44172287,0.27664545,0.2721833884716034,0.5288193225860596,0.6687095165252686,0.25,0.5091859102249146,0.6671265959739685,4.134927272796631,3.942059278488159,5.339134216308594,3.475440263748169,3.4939680099487305,3.007983684539795,5.290921688079834,3.368190288543701,0.0016472249990329,0.0586106874794414,0.0012669076677411,0.0355551568433958,0.0015277137281373,0.0825334170628868,0.0013196858344599,0.0618701593851858,0.0016263988800346,0.1360306210938668,0.0017114608781412,0.1989773033103077,0.0011085462756454,0.0091205406536885,0.0019277175888419,0.2440118417511438,0.0021401122212409,0.078167518913908,-1418.3837345336167,1.025338649749756,1.352974088829062,0.5414823955402218,-0.1732494358431277,0.0112367635592818,0.0056015346199274,0.0016853273846209,0.0035324695054441,0.0021924022585153,0.0007597804069519,0.001638114103116,0.0038660822901874,0.0035992336925119,0.001673471997492,0.0007339899311773,0.0021533004473894,0.0038729459047317,0.0018438142724335,0.0055530737154185,0.0125576956197619,0.3274497389793396,0.3356003165245056,0.3723440803382664,0.2279598308668076,0.1461185253699788,Pablo_Picasso_41.jpg,Jackson_Pollock,Expresionismo abstracto,2
53,116.29163,55.00182,29.142992,28.67338,30.002468,28.652637,7.0,0.0,0.0,240.0,198.0,177.0,0.76678735,0.18673655,0.4561165,0.11240503,0.1077557206153869,0.180494949221611,0.1705230325460434,0.249999204057397,0.2090052962303161,0.2029687464237213,1.8573075532913208,1.1394991874694824,3.5059938430786133,1.407563090324402,1.816893458366394,0.9432982802391052,3.501832962036133,1.3447190523147583,0.000948921078816,5.76036866359447e-05,0.0010152788599953,0.1966301843317972,0.0009283354738727,2.880184331797235e-05,0.0009495903505012,0.0162442396313364,0.0015249444404616,0.4198444700460829,0.0008406296838074,0.0156682027649769,0.0010982726234942,0.0848790322580645,0.0012480306904762,0.133294930875576,0.0011849178699776,0.0377592165898617,-1419.565425779727,1.409229397773743,4.177987546403762,0.4976581392558292,-0.2406351797531649,0.0112166842445731,0.0036682765930891,0.0023049490991979,0.0034642384853214,0.002904035616666,0.0011127893812954,0.0020107175223529,0.0040134177543222,0.0036989424843341,0.0020678399596363,0.0010821234900504,0.0029036346822977,0.0035273740068078,0.0024789227172732,0.0036620632745325,0.0123839909210801,0.3312913477420807,0.4297212660312652,0.0729815691530852,0.0332958709681527,0.9993123055910192,Pablo_Picasso_43.jpg,Rene_Magritte,Surrealismo,0
54,124.024635,172.9873,213.94426,53.80522,47.017933,35.008472,0.0,6.0,0.0,255.0,255.0,255.0,0.4370096,0.21099503,0.84188414,0.13675477,0.1798336505889892,0.3568021953105926,0.4135282337665558,0.25,0.3493386209011078,0.4276651740074157,4.434573650360107,2.200094699859619,8.14586067199707,2.5093934535980225,4.183722496032715,1.6828120946884155,8.151191711425781,2.5406317710876465,0.0026173421647399,0.0163732394366197,0.0023800702765583,0.1453521126760563,0.0027995822019875,0.0614436619718309,0.0023082254920154,0.0803169014084507,0.0024124060291796,0.169612676056338,0.0023051830939948,0.0042957746478873,0.0021753585897386,0.0672535211267605,0.0027271769940853,0.1833802816901408,0.0028285067528486,0.171338028169014,-1419.3946616896776,0.9626545310020448,1.6973218879353713,0.5177834372614885,-0.2109494875562313,0.0118702044710516,0.0048534329980611,0.001650845981203,0.0038299232255667,0.0025157388299703,0.0008508754544891,0.0018070037476718,0.0038977966178208,0.0036882746499031,0.0018928290810436,0.0007940684445202,0.0025194275658577,0.0038852547295391,0.0017767559038475,0.0046129254624247,0.0120546426624059,0.3286519944667816,-1.867796778678894,0.0061475409836065,0.8651522248243559,0.0176268540202966,Pablo_Picasso_50.jpg,Pablo_Picasso,Cubismo,1
55,161.68939,161.68939,161.68939,70.17164,70.17164,70.17164,1.0,1.0,1.0,255.0,255.0,255.0,0.0,0.0,0.6340388,0.27519205,0.2751920521259308,0.3673400282859802,0.4773385226726532,0.2499968917457199,0.3032779991626739,0.3536277711391449,4.606638908386231,2.97348952293396,8.092710494995117,3.729909420013428,4.59399938583374,2.906911849975586,8.134986877441406,3.815622568130493,0.0017893875483423,0.0012421658856078,0.002488566795364,0.0118570379989836,0.0022588421124964,0.0638586189373835,0.0021891142241656,0.023036530969454,0.0031316031236201,0.2851899949184123,0.002424294129014,0.0755462706792388,0.0026137565728276,0.1106656879905143,0.002988657914102,0.169725029642595,0.002568807452917,0.0950256902489978,-1391.6410141585125,1.2552565336227417,3.0696870218751835,0.5068267666916839,-0.1015294569583684,0.0095561388880014,0.0050139194354414,0.0013640405377373,0.0041482858359813,0.0024849653709679,0.000737595197279,0.0015403878642246,0.004853282123804,0.0038010897114872,0.0016283651348203,0.0006543310009874,0.0025470207910984,0.0041808844543993,0.0016707828035578,0.0046953945420682,0.0136235170066356,0.3277311325073242,-0.1120651215314865,0.1434335020079322,0.4571247404607676,1.0,Pablo_Picasso_58.jpg,Pablo_Picasso,Cubismo,1
56,120.88503,141.92947,90.851,77.56786,58.75669,73.106834,0.0,0.0,0.0,255.0,255.0,253.0,0.48000482,0.29740128,0.58127004,0.24339928,0.2510423064231872,0.3466987013816833,0.4872294068336487,0.25,0.3527196645736694,0.4562179744243622,3.6911604404449454,2.483820676803589,6.614004135131836,3.373175382614136,3.710214138031006,2.5363736152648926,6.615404605865479,3.373389959335327,0.0019354387186467,0.0673607305936073,0.0020731473341584,0.0843835616438356,0.0016387528739869,0.0098264840182648,0.0018446404719725,0.1050228310502283,0.0024562240578234,0.3497716894977169,0.0020600487478077,0.0287488584474885,0.001379225635901,0.00924200913242,0.0024595456197857,0.2383196347031963,0.0021358099766075,0.0110319634703196,-1419.4823266776857,1.229278326034546,3.4833659977305884,0.5079561965066781,-0.1332457219887176,0.0115865375846624,0.0046039950102567,0.0024860501289367,0.0029820373747497,0.0020494183991104,0.000995286158286,0.0020700525492429,0.0036183889023959,0.0036321450024843,0.0021874897647649,0.0010016547748818,0.0020178300328552,0.0033269613049924,0.0026592763606458,0.0047216867096722,0.0125611899420619,0.3296402096748352,-0.3102332949638366,0.1468990493435943,0.3468602470413244,0.3446412403802625,Pablo_Picasso_69.jpg,Pablo_Picasso,Cubismo,1
57,103.470314,110.430176,68.02782,54.25218,53.355873,49.71842,0.0,2.0,0.0,255.0,255.0,250.0,0.46084163,0.20642345,0.4443056,0.20695424,0.2058092355728149,0.4997899830341339,0.4663361012935638,0.2500030422878004,0.4244311451911926,0.4559905230998993,3.3220252990722656,2.61801552772522,5.266628742218018,2.812979459762573,3.3460142612457275,2.883202075958252,5.267777442932129,2.8204591274261475,0.0022152923047542,0.3714364336818932,0.0017007740680128,0.092294991744634,0.001612814492546,0.0765547605943863,0.0015082139289006,0.0695652173913043,0.0020064099226146,0.1899284534947716,0.0012830252526327,0.0302696752889378,0.001387276337482,0.0225096312603192,0.001468425267376,0.0283984589983489,0.0011034528724849,0.006549257017061,-1419.565425779727,1.264032959938049,1.9260198964640745,0.4639035759378449,-0.1116196768947,0.0109134539961814,0.0046208947896957,0.001472694100812,0.0043727569282054,0.0022378496360033,0.0007098431815393,0.0015084167243912,0.004865575581789,0.0048352302983403,0.001506112050265,0.0006944785709492,0.0022574395406991,0.0046938764862716,0.0015756366774439,0.0048613501712679,0.0113743916153907,0.3285410404205322,0.4047462940216064,0.2954426528749619,0.1292972315181016,0.2785031944021904,Pablo_Picasso_76.jpg,Jackson_Pollock,Expresionismo abstracto,2
58,143.99016,135.82451,100.95224,54.359245,60.47168,61.436268,0.0,0.0,0.0,255.0,255.0,244.0,0.50182444,0.30307412,0.6628615,0.16135916,0.1830136477947235,0.2483819872140884,0.3056471347808838,0.2500007861363286,0.2797622680664062,0.3169956505298614,3.5674068927764893,1.6665774583816528,6.721652507781982,2.325522184371948,3.466439723968506,1.501572608947754,6.722672462463379,2.3502705097198486,0.0024578578304499,0.0508619218296637,0.0021358577068895,0.0294134380155885,0.00200952636078,0.0318598168060533,0.0025872259866446,0.233942083404449,0.0022647166624665,0.2002048131080389,0.0019553112797439,0.0741309666040848,0.0018096267012879,0.0807873926153496,0.0019320166902616,0.167747624736872,0.0014358931221067,0.0336234852363884,-1419.565425779727,1.096530795097351,1.9963438395110964,0.4728039519246279,-0.1615643688513425,0.0116690024733543,0.0040560122579336,0.002097486751154,0.0034785897005349,0.0028400002047419,0.0010418151505291,0.0020022725220769,0.0038234200328588,0.0036102270241826,0.0019989074207842,0.0010154877090826,0.0028847372159361,0.0035674695391207,0.002204182324931,0.004058189690113,0.012152200564742,0.3305652737617492,-1.1649543046951294,0.0373477646999632,0.4577640396086928,0.3931058988525554,Pablo_Picasso_77.jpg,Joan_Miro,Surrealismo,0
59,105.264404,83.23992,59.047836,54.939125,56.725067,56.166836,0.0,0.0,0.0,255.0,252.0,239.0,0.5126425,0.2862671,0.41564214,0.21597084,0.2159667462110519,0.2780604660511017,0.3601954579353332,0.25,0.2712045013904571,0.3746401667594909,2.6228461265563965,2.244991540908813,4.51641845703125,3.051135778427124,2.497915267944336,1.959132552146912,4.424962997436523,2.724445343017578,0.0012160667683929,0.0108724832214765,0.0011821369407698,0.0192953020134228,0.0011648362269625,0.0123825503355704,0.0012415220262482,0.1143288590604026,0.0015427952166646,0.1621476510067114,0.0015020602149888,0.2162751677852349,0.0013318144483491,0.1518456375838926,0.001428079442121,0.1201677852348993,0.0014356054598465,0.0946644295302013,-1419.565425779727,1.1527729034423828,1.617917171797543,0.5048835223687592,-0.2162716153877645,0.0115927346050739,0.005866200197488,0.0014732872368767,0.0040139872580766,0.002282224362716,0.0006713803159072,0.0016143592074513,0.0037063006311655,0.0036751334555447,0.0018093289108946,0.000634120486211,0.0022836304269731,0.0040339059196412,0.0016970806755125,0.0052386410534381,0.011907685548067,0.3274057507514953,0.6090700030326843,0.3411160714285714,0.1431919642857143,0.8725744047619047,Pablo_Picasso_88.jpg,Jackson_Pollock,Expresionismo abstracto,2
60,107.297104,109.50038,105.00952,45.734097,50.785976,46.613674,0.0,0.0,0.0,255.0,250.0,246.0,0.20546415,0.14378107,0.4611928,0.18742988,0.1886409223079681,0.3037305772304535,0.2523919939994812,0.25,0.3204259872436523,0.3194878995418548,2.8068172931671143,1.727147936820984,5.388343811035156,2.478515386581421,2.77341628074646,1.5701754093170166,5.388182640075684,2.5247278213500977,0.0023682452738285,0.2083601458601458,0.0022048791870474,0.2561668811668812,0.0019257061649113,0.1454847704847705,0.0017735572764649,0.1026115401115401,0.0019286015303805,0.0784802659802659,0.0018394149374216,0.108563921063921,0.000573988596443,0.0001608751608751,0.0011737354798242,8.043758043758043e-05,0.0012056472478434,0.0001072501072501,-1419.565425779727,1.1576343774795532,0.7847885532143877,0.5043262697000434,-0.1933066441799142,0.0120234424248337,0.0053880861960351,0.0018257166957482,0.0033746790140867,0.0018877801485359,0.0007852625567466,0.0019144056132063,0.0035758696030825,0.0036167453508824,0.0019669064786285,0.0007974502514116,0.0018592796986922,0.0036947466433048,0.0019715940579771,0.0054831500165164,0.0123348850756883,0.3273056149482727,-0.3097986280918121,0.2316661899995233,0.0805627055627055,0.2802236760570094,Pierre-Auguste_Renoir_13.jpg,Camille_Pissarro,Impresionismo,4
61,102.99748,92.88213,43.93056,52.957764,47.971638,34.105984,0.0,0.0,0.0,255.0,249.0,255.0,0.5725281,0.18594456,0.4090085,0.20294422,0.183513805270195,0.2468531876802444,0.1678921431303024,0.25,0.1893946081399917,0.1627066135406494,2.429410219192505,1.6339901685714722,4.499112606048584,2.450569629669189,2.3902812004089355,1.6079473495483398,4.491351127624512,2.3930413722991943,0.0016960555221885,0.2015467541598312,0.0020042599644511,0.2988243106007343,0.0016474254662171,0.2624404343410671,0.0010640557156875,0.0043355987813452,0.0012256347108632,0.0225568314975392,0.0011160196736454,0.0152527146316694,0.0010757294949144,0.0183188813373955,0.0015444961609318,0.0699554722287321,0.0011105075245723,0.004062182641981,-1419.565425779727,0.8835685849189758,0.2262487530169615,0.4984504286239287,-0.1950005114784423,0.0106044830754399,0.0059141037054359,0.0010202912380918,0.0053316429257392,0.0018170499242842,0.0003782125713769,0.0015838755061849,0.0042787590064108,0.004261783324182,0.0016372462268918,0.0003833730879705,0.0018091733800247,0.0056737316772341,0.0011539218248799,0.0059142396785318,0.010738112963736,0.3258673548698425,0.6243630647659302,0.3420713847536267,0.1114123156412272,0.7908980551067488,Pierre-Auguste_Renoir_14.jpg,Camille_Pissarro,Impresionismo,4
62,163.63571,163.39815,132.08385,49.13345,46.710968,56.40178,0.0,0.0,0.0,255.0,255.0,255.0,0.28423426,0.17855166,0.6776287,0.18576184,0.1830984950065612,0.3873676359653473,0.2934500873088836,0.2500019342808731,0.4534115195274353,0.4014126360416412,4.0949296951293945,1.7566243410110474,7.942973136901855,2.4286410808563232,4.074808120727539,1.8994195461273196,7.951014041900635,2.5028676986694336,0.0029859466012567,0.2242997198879552,0.0029449572321027,0.241141456582633,0.0023862882517278,0.1257002801120448,0.0019415412098169,0.0102941176470588,0.0023522682022303,0.0726540616246498,0.0022660009562969,0.0268557422969187,0.0021481702569872,0.0121848739495798,0.0023861790541559,0.0603991596638655,0.0027027854230254,0.117296918767507,-1419.565425779727,0.9573209881782532,0.7340224083511047,0.5036052446204817,-0.1417528386699539,0.0120345670729875,0.0042894594371318,0.0018014316447079,0.0035904326941818,0.0028504589572548,0.0010170983150601,0.0018986811628565,0.0036206557415425,0.0036043254658579,0.0019052618881687,0.001020998111926,0.002863376867026,0.0036881698761135,0.0018713830504566,0.0043167574331164,0.0121269421651959,0.3295760154724121,-0.6659026741981506,0.0383142355335133,0.5302328100458812,0.4603549792258234,Pierre-Auguste_Renoir_15.jpg,Claude_Monet,Impresionismo,4
63,114.00871,86.153656,61.996838,75.14788,70.11442,44.545868,0.0,0.0,0.0,255.0,255.0,218.0,0.43541104,0.15659347,0.4479478,0.29361144,0.2668335139751434,0.184921309351921,0.1505825817584991,0.25,0.1473933607339859,0.1627420336008072,2.377021312713623,1.926939845085144,4.560736656188965,3.4129955768585205,2.355013847351074,1.8661444187164309,4.562297821044922,3.4264912605285645,0.0010672633070498,0.0010190217391304,0.0016652017366141,0.2039572010869565,0.000434646179201,0.0,0.0011996191460639,0.0010020380434782,0.0028382511809468,0.4149286684782609,0.0005986072355881,0.0008491847826086,0.0007255589589476,0.0007133152173913,0.0024138090666383,0.2300611413043478,0.001773448428139,0.0506114130434782,-1419.565425779727,2.008749961853028,4.134851121511122,0.4918828280691097,-0.373232774323244,0.01037825550884,0.0060870652087032,0.0009534271084703,0.0050529153086245,0.0017150341300293,0.0004319791623856,0.0015200229827314,0.0046864128671586,0.0041656740941107,0.0016190650640055,0.0003831672947853,0.0017127885948866,0.0050628432072699,0.0011425288394093,0.0057639377191662,0.0118248835206031,0.3249321579933166,0.3972064256668091,0.426767448856799,0.2708239320096269,0.9382897111913358,Pierre-Auguste_Renoir_16.jpg,Rembrandt,Barroco,3
64,135.41386,116.34873,117.75824,47.485725,49.38304,53.910137,0.0,0.0,0.0,235.0,231.0,246.0,0.24243142,0.18783985,0.5444061,0.18864952,0.1897307336330413,0.3135697841644287,0.2384168207645416,0.2500016405168284,0.4123403131961822,0.4147480428218841,3.1340737342834477,1.516022562980652,6.08583927154541,2.436873435974121,3.076079130172729,1.341269612312317,6.06935453414917,2.265467643737793,0.0026282644830644,0.4676150479119839,0.0016160376835614,0.0573169289009819,0.0011364674428477,0.046226191884538,0.0017797554610297,0.0261149887613864,0.0023648724891245,0.1440317047202176,0.0016050033736974,0.0317047202176742,0.0020097272936254,0.0022477227019992,0.0019409958040341,0.1198982609724358,0.0018265882972627,0.0062699633266295,-1419.565425779727,1.2588183879852295,1.4380391621749988,0.4576663012254193,-0.2290164433892373,0.0116426264867186,0.0051199877634644,0.0025619561783969,0.0031290075276046,0.0022729563061147,0.0011237737489864,0.0022105704993009,0.002970770234242,0.0027584100607782,0.0022223452106118,0.0010820453753694,0.0023078676313161,0.0030893450602889,0.0026590470224618,0.0050169061869382,0.0123323844745755,0.3300818502902984,-0.7349261045455933,0.1359004140664474,0.2546475841749184,0.7441023420018242,Pierre-Auguste_Renoir_17.jpg,Claude_Monet,Impresionismo,4
65,76.47379,60.09457,40.941933,43.951736,38.221134,27.98269,7.0,0.0,0.0,255.0,244.0,216.0,0.4623464,0.11482262,0.2999217,0.17233336,0.1512322276830673,0.1576924473047256,0.197669431567192,0.25,0.1303444057703018,0.1929931789636612,1.653041124343872,1.4204139709472656,3.15575647354126,2.1044344902038574,1.641825556755066,1.3120540380477903,3.129274368286133,2.020057439804077,0.0005626037018373,0.0003704970360237,0.000903604843188,0.0946477428180574,0.0007616324000991,0.0,0.001045920071192,0.1618217054263566,0.0017485665157437,0.4722127222982216,0.0009878736454993,0.0941632466940264,0.0009067401988431,0.0137938896488828,0.0010747023625299,0.0625569995440036,0.0006950008682906,0.0013964888280893,-1419.565425779727,1.8116240501403809,4.717077945903433,0.4991879744684229,-0.2275399383228781,0.0095291398465633,0.0061508957296609,0.000964417879004,0.0045743291266262,0.001588289393112,0.0004861826309934,0.0013798685977235,0.0050205760635435,0.003679649438709,0.0016717370599508,0.0003727333969436,0.0015793484635651,0.0047243363223969,0.0014196055708453,0.0055081490427255,0.0138507410883903,0.3235868513584137,1.6212801933288574,0.6800368658939979,0.0563783046738883,0.9966763881524128,Rembrandt_56.jpg,Rembrandt,Barroco,3
66,39.248955,26.994488,15.939888,32.25623,21.484756,11.832177,0.0,0.0,0.0,255.0,223.0,189.0,0.53895783,0.17281672,0.15396196,0.1264839,0.0910505279898643,0.0764842703938484,0.1221883222460746,0.25,0.0629701390862464,0.1212699338793754,0.7711316347122192,0.8048329949378967,1.470455288887024,1.2967205047607422,0.7851590514183044,0.7993612289428711,1.466326355934143,1.1585862636566162,0.0002428696898277,0.001942850310856,0.0004006585513707,0.1099055475848876,0.0002242971968371,0.0002092300334768,0.0003885515034198,0.0021520803443328,0.0008435755153186,0.3815459110473457,0.0004501530202105,0.0910150645624103,0.0005118888802826,0.1462816834050693,0.0005517039098776,0.1301111908177905,0.0004598226514644,0.0419057867049258,-1419.565425779727,1.863746762275696,3.794088129981799,0.5044347102951652,-0.2390893883365633,0.0071756769903004,0.0072850659489631,0.0006227084086276,0.004169032908976,0.0013332187663763,0.0003920987364836,0.0009531590621918,0.0055883931927382,0.0028295870870351,0.0016317036934196,0.0002198160800617,0.0012333778431639,0.0045463941060006,0.0015235599130392,0.0047896658070385,0.0182065423578023,0.316354900598526,2.6760826110839844,0.9144093948225612,0.012336968705904,0.9912962059370426,Rembrandt_57.jpg,Rembrandt,Barroco,3
67,68.36209,50.972683,44.86428,58.925068,46.837547,35.39985,0.0,0.0,0.0,255.0,255.0,249.0,0.32812026,0.1590002,0.2736377,0.2264295,0.1901865005493164,0.1314216256141662,0.1859856098890304,0.25,0.1178728491067886,0.1874130219221115,1.4367188215255735,1.4456967115402222,2.770765781402588,2.4870433807373047,1.4805489778518677,1.5932971239089966,2.769214630126953,2.482501745223999,0.0002105967141687,0.0,0.0010745344916358,0.1922487745098039,0.0003851354995276,0.0002757352941176,0.0006173792644403,0.0198835784313725,0.0018132856348529,0.3991421568627451,0.0007958360947668,0.0639093137254901,0.0005062413983978,0.0018688725490196,0.0012469476787373,0.1755821078431372,0.0010494575835764,0.0537071078431372,-1419.5536633351223,2.119561195373535,3.96228671128638,0.5349844914090821,-0.234873716439832,0.0084341811016201,0.0050828056409955,0.0010342200985178,0.0042245369404554,0.0020031232852488,0.0005812568124383,0.0013612302718684,0.0054536443203687,0.0032903135288506,0.0016648368909955,0.0004376446886453,0.0019035522127524,0.0050136591307818,0.001665475196205,0.0043672979809343,0.0159822218120098,0.3233218789100647,1.1521319150924685,0.6601801667860571,0.0809128630705394,0.6612141322124157,Rembrandt_58.jpg,Caravaggio,Barroco,3
68,56.22129,29.150993,18.524519,37.512,23.042187,13.363253,6.0,0.0,0.0,255.0,238.0,172.0,0.6538059,0.10191594,0.22047439,0.1471136,0.0997789800167083,0.0917606502771377,0.1353702247142791,0.2500014464160702,0.069259189069271,0.1243352964520454,0.970706343650818,0.9713521599769592,1.803214192390442,1.3953113555908203,0.9425201416015624,0.8471339344978333,1.794636368751526,1.3191843032836914,0.0003064792836084,0.0278651567578903,0.0003793390060309,0.0449826989619377,0.0002750734565779,0.0009174792911817,0.0005868652951903,0.1543986578588654,0.0007152668549679,0.1780958372653874,0.0005005582934245,0.0574342036279752,0.0007097570924088,0.1634948096885813,0.0008902276167646,0.2491349480968858,0.0006257696659304,0.0284680717206668,-1419.565425779727,1.2902088165283203,1.7715260724818669,0.4815325851731983,-0.2562328905328708,0.0068439585156738,0.00569310458377,0.0005839828518219,0.0035687030758708,0.0011379291536286,0.0003298556548543,0.0008814354659989,0.0049789636395871,0.0026643306482583,0.0012764612911269,0.0002093454677378,0.0010898706968873,0.0043480144813656,0.0011737910099327,0.00419109640643,0.0235291570425033,0.3071974515914917,1.499089002609253,0.766181056578011,0.0081520009719916,0.9999074293715032,Rembrandt_59.jpg,Rembrandt,Barroco,3
69,83.13215,54.100357,34.15893,58.064213,49.45205,30.001158,0.0,0.0,0.0,255.0,255.0,246.0,0.602374,0.132602,0.32625493,0.22788352,0.1928354352712631,0.2471787184476852,0.3427101373672485,0.2500015936051811,0.2636195123195648,0.4063635766506195,1.6973707675933838,1.8451637029647827,3.0425050258636475,2.6225268840789795,1.6533596515655518,1.703264832496643,3.0357096195220947,2.5627243518829346,0.0003273081092629,0.0,0.0007537513738498,0.1066897347174163,0.000475330860354,8.650519031141868e-05,0.0010439555626362,0.0915801614763552,0.0017457748763263,0.3613321799307958,0.0009093563421629,0.1006055363321799,0.0011880486272275,0.1317762399077278,0.0008735718438401,0.005997693194925,0.0010449029505252,0.0989331026528258,-1419.565425779727,1.8789527416229248,3.625401462144688,0.4953250331442841,-0.2438428832923442,0.0110556948930025,0.0044754068367183,0.0016327830962836,0.0039539514109492,0.0027675854507833,0.0008260221220552,0.0018799677491188,0.0041913050226867,0.0035643144510686,0.0019160824595019,0.0007644266006536,0.0027756108902394,0.0041383365169167,0.0018938117427751,0.004192910157144,0.0124717904254794,0.3293995261192322,1.533304214477539,0.612766689827062,0.0969549392198984,0.9936478897480192,Rembrandt_60.jpg,Pablo_Picasso,Cubismo,1
70,80.21583,57.98786,38.07344,56.71688,43.573856,31.916765,0.0,0.0,0.0,255.0,255.0,243.0,0.5789468,0.16294846,0.3148644,0.22212338,0.1796540915966034,0.1270962953567505,0.1384775787591934,0.2500015998668911,0.1284629851579666,0.1515319794416427,1.6127439737319946,1.305222749710083,3.102086305618286,2.2833621501922607,1.613552808761597,1.36966872215271,3.1145360469818115,2.335630178451538,0.0015140472678467,0.0956027381366747,0.0018294089240953,0.445150249448892,0.0013126098783686,0.0650307460262211,0.0008998009143397,0.023320570831883,0.0010090881260111,0.1647232857640097,0.0012418365804478,0.11196194454113,0.0002112507208948,5.80113702285648e-05,0.0002698673924896,2.90056851142824e-05,0.0003728645970113,0.0,-1419.565425779727,1.048601150512695,1.6365468579954836,0.5067099860904319,-0.1476489567954407,0.0105894925072789,0.004235434345901,0.0012264973483979,0.0042849858291447,0.002977916970849,0.0006357079255394,0.0017659225268289,0.0045867254957556,0.003826534608379,0.0018076181877404,0.0005819265497848,0.0028185872361063,0.004670116584748,0.0015606669476255,0.0041816527955234,0.0127502139657735,0.3280514180660248,0.4547655582427978,0.4642013784453133,0.0352130702725533,0.9634942372794584,Rembrandt_61.jpg,Rembrandt,Barroco,3
71,44.727604,39.557377,25.247807,39.48238,32.28068,24.366528,0.0,1.0,0.0,234.0,237.0,204.0,0.45113707,0.10636172,0.17946476,0.151784,0.1308510303497314,0.0706064775586128,0.1140832901000976,0.2500014996910636,0.051622811704874,0.0872856304049491,1.0321784019470217,1.0533524751663208,1.975806474685669,1.7737959623336792,1.0356875658035278,1.0127638578414917,1.967570662498474,1.6118422746658323,0.0009999733883887,0.3058444372224028,0.0008172054076567,0.2445834687466146,0.0006281315581873,0.0001624959376015,0.0008287546806968,0.0126476004766547,0.0010323352180421,0.2981529628425956,0.0004700169083662,0.0317137904885711,0.0003624726668931,5.416531253385332e-05,0.0001923106901813,0.0,0.0001419623731635,0.0,-1419.565425779727,1.6975311040878296,3.004366112253577,0.4475398380819632,-0.1674281113350605,0.0062997974455356,0.0053933272138237,0.0005517725949175,0.0043237605132162,0.0017902879044413,0.0004347356734797,0.0009413924417458,0.0063817230984568,0.0031584876123815,0.0015890598297119,0.0001878254406619,0.0014401208609342,0.0060864882543683,0.0016015185974538,0.0045146062038838,0.0178050957620143,0.3181959986686706,1.6893692016601562,0.8406398281953917,0.0178883150071085,0.56834692053437,Rembrandt_62.jpg,Rembrandt,Barroco,3
72,71.18243,54.757957,38.71471,69.118805,60.030106,42.349625,0.0,0.0,0.0,255.0,255.0,255.0,0.45633492,0.19991268,0.28000268,0.27066192,0.2361375391483307,0.1970472186803817,0.2586405277252197,0.2500021486338986,0.1995950192213058,0.2737438380718231,1.7472996711730957,1.869183659553528,2.938328742980957,2.9644925594329834,1.7027249336242676,2.0196921825408936,2.967049360275269,3.041414499282837,0.0007380785536952,0.0209305944600062,0.0009081671014428,0.1026688453159041,0.0005210366216488,0.0,0.0009280228987336,0.0453236850295673,0.0003804310399573,0.0291005291005291,0.0007121606613509,0.0,0.0024225341621786,0.5310457516339869,0.0007900067721493,0.1404450669156551,0.000612421776168,0.0351307189542483,-1415.1231047280946,0.4272933006286621,0.2895110020322895,0.397777932848084,-0.2540225489217997,0.0111312652006745,0.0043607298284769,0.0013858549064025,0.0041459165513515,0.0030626419465988,0.0007560439989902,0.0017420706572011,0.0043810461647808,0.0039067240431904,0.0017214831896126,0.0006940110470168,0.0029578087851405,0.0044531021267175,0.0015714121982455,0.0040443344041705,0.0121855549514293,0.3287930488586426,1.2420779466629028,0.6813876737170507,0.1439197957938343,0.9218241042345277,Rembrandt_63.jpg,Pablo_Picasso,Cubismo,1
73,20.216902,15.336544,18.401287,33.415688,28.840858,25.820444,0.0,0.0,0.0,255.0,255.0,255.0,0.5264247,0.20515238,0.096387684,0.12575516,0.1153098195791244,0.0530261881649494,0.1033870428800582,0.25,0.051630113273859,0.1059756800532341,0.4547395408153534,0.851135790348053,0.8633214235305786,1.4708621501922607,0.4511514902114868,0.8316529393196106,0.8649331331253052,1.499438762664795,0.000215067557292,0.009760374050263,0.0001716185652185,0.0364260666277031,0.0002051506598945,0.0067358270017533,0.0004736309929285,0.3755406195207481,0.0007554746116511,0.445499707773232,0.0001965987175935,0.0044564582115721,0.0001117023130063,0.018030391583869,0.0001081574300769,0.0014903565166569,0.0001353732077404,0.0025423728813559,-1416.938855795268,2.8654284477233887,4.452611150167881,0.4447299539324829,-0.2868495564201139,0.0066070216707885,0.0065939174965023,0.0006151830893941,0.0033490704372525,0.0017181648872792,0.0004471657739486,0.000941161008086,0.0054806759580969,0.0022875342983752,0.0016778366407379,0.0002276461746077,0.001348506542854,0.0046835588291287,0.0016462445491924,0.0040237810462713,0.0208525322377681,0.3134158551692962,5.308222770690918,0.965939446467495,0.0167036421378074,0.4564670422425892,Rembrandt_64.jpg,Rembrandt,Barroco,3
74,71.57603,66.35149,47.94666,47.212067,40.51229,29.989716,1.0,0.0,0.0,255.0,255.0,255.0,0.2739173,0.17031023,0.28444278,0.1824392,0.1606139540672302,0.1038683429360389,0.2061371058225631,0.2497825950950951,0.0993299931287765,0.2091424763202667,1.6559650897979736,1.107844591140747,3.271528482437134,1.9836931228637693,1.8037631511688232,1.9879465103149412,3.2704851627349854,1.950289368629456,0.0011952900094911,0.0125140765765765,0.0012819428229704,0.1976914414414414,0.0013533609453588,0.1794904279279279,0.0008384272805415,0.0125844594594594,0.0015164578799158,0.3820101351351351,0.0009208219707943,0.0193975225225225,0.0006620660424232,0.030616554054054,0.0007506590918637,0.0351914414414414,0.0005902510602027,0.0304898648648648,-1410.8635341244913,1.4982514381408691,3.8201607190962767,0.5029727032881625,-0.271208748182141,0.0086248600855469,0.0053135235793888,0.0009110497776418,0.0041474234312772,0.0021475937683135,0.0005037153023295,0.0013966875849291,0.0048316195607185,0.0033714638557285,0.001839391188696,0.0003572281857486,0.0020163350272923,0.0051317657344043,0.0016461381455883,0.0050898138433694,0.0151713909581303,0.324070394039154,1.8308547735214236,0.6102336711711712,0.0437906656656656,0.5616335085085085,Rembrandt_65.jpg,Rembrandt,Barroco,3
75,140.53223,140.44135,142.87054,53.420803,50.09276,51.94109,6.0,4.0,0.0,255.0,255.0,255.0,0.09173966,0.077909455,0.584781,0.21320356,0.199667677283287,0.1648043841123581,0.2185261696577072,0.25,0.150101289153099,0.2421400547027588,3.530803203582764,1.4833837747573853,6.999310493469238,2.644456624984741,3.614949941635132,1.78156316280365,6.986941337585449,2.561553716659546,0.0018556040013208,0.1561803612915461,0.001358161563985,0.0079180693186667,0.0015447083860635,0.0792755203641363,0.0024467154871672,0.1190555213124081,0.0028406619094312,0.3937698544402825,0.0020504149142652,0.0364610497368545,0.002354685915634,0.0,0.002626693341881,0.106016784410412,0.0023881134111434,0.0,-1419.54771970272,1.3133748769760132,3.943494381898196,0.4868168711688972,-0.1862917891131877,0.0089006666094064,0.0047111618332564,0.0010529310675337,0.0051535586826503,0.002511779544875,0.0005929577164351,0.0014966544695198,0.0056238127872347,0.0042296326719224,0.0016322919400408,0.0004609682655427,0.0023409891873598,0.0055677671916782,0.001429664902389,0.0043845046311616,0.0124106584116816,0.3278088569641113,-0.1927976608276367,0.1218377389439152,0.3691197190503228,0.3912318886295292,Rene_Magritte_116.jpg,Vincent_van_Gogh,Impresionismo,4
76,84.80575,84.26667,74.03517,66.417534,53.612186,46.557003,0.0,0.0,0.0,249.0,253.0,255.0,0.44917876,0.21544412,0.38445574,0.23412192,0.2161963433027267,0.2511713206768036,0.3612308204174042,0.25,0.2237605899572372,0.3569022417068481,2.456240177154541,2.251504421234131,4.218730926513672,2.863227844238281,2.3592469692230225,1.804315209388733,4.210188865661621,2.8566043376922607,0.0004468788974918,0.0001741452371277,0.0005116325919516,0.0,0.0006911157979629,0.0593835258605677,0.0012101755710318,0.0092877459801474,0.0015668290434405,0.1873802751494746,0.0016286545433104,0.2104254948627155,0.0014798523625358,5.804841237592152e-05,0.0020612408407032,0.1628838451268358,0.0019169949227944,0.2710280373831775,-1419.565425779727,1.2247799634933472,1.872510286613205,0.5251519439408129,-0.2086943150245057,0.0099520226940512,0.0050359829328954,0.0012330621248111,0.0044459933415055,0.0023567168973386,0.0005591934896074,0.0015150901162996,0.0046279337257146,0.0040363231673836,0.0016192297916859,0.0005174565594643,0.002112373476848,0.005476854275912,0.0015191423008218,0.0052163023501634,0.0122763225808739,0.3274177610874176,0.2162002772092819,0.4171628766490426,0.0910181715517683,0.3585480724808788,Rene_Magritte_128.jpg,Pablo_Picasso,Cubismo,1
77,137.70439,109.877525,80.193535,58.146038,49.045757,33.239506,0.0,0.0,0.0,255.0,250.0,222.0,0.41949204,0.14670146,0.54002243,0.22803321,0.1930596530437469,0.231431782245636,0.3487251996994018,0.25,0.2073009312152862,0.3257205486297607,3.343410015106201,2.114959955215454,5.773183822631836,2.4143435955047607,3.181424856185913,1.9335007667541504,5.732587814331055,2.3210577964782715,0.0019420532044023,0.011574074074074,0.0014915883075445,0.095568783068783,0.0016011059051379,0.0056216931216931,0.0020102255512028,0.0373677248677248,0.0021828629542142,0.3457010582010582,0.001318933092989,0.0182539682539682,0.0018956070998683,0.0207671957671957,0.0023439680226147,0.3568783068783069,0.0011048455489799,0.0082671957671957,-1419.565425779727,1.2362608909606934,3.457010236309558,0.4579228475337129,-0.1543474436695064,0.0106206815689802,0.0067199459299445,0.0011256408179178,0.0037256667856127,0.0018189501715824,0.000508488737978,0.0014604539610445,0.0036810869351029,0.0034841927699744,0.0017739059403538,0.0004262946604285,0.0018379894318059,0.0040590870194137,0.0014599895803257,0.0065379114821553,0.0132597144693136,0.3238013088703155,0.2825292646884918,0.1940623162845385,0.1859567901234567,0.99972810111699,Rene_Magritte_158.jpg,Pablo_Picasso,Cubismo,1
78,69.15552,72.14284,79.47053,43.46129,44.403557,47.801735,2.0,4.0,0.0,243.0,245.0,248.0,0.18903221,0.100315616,0.32751852,0.197817,0.1726530492305755,0.1009980142116546,0.1927124559879303,0.2499234771962044,0.0764717012643814,0.1345749497413635,1.910932183265686,1.439863920211792,3.611572265625,2.2727553844451904,1.8955360651016235,1.443036437034607,3.6016502380371094,2.237726211547852,0.0014391937293112,0.0314995563442768,0.0009599723271094,0.0460909001281672,0.0014389678835868,0.0159223109533668,0.0015092366375029,0.0772453909099871,0.0016073760343715,0.4232475598935226,0.0014392045559361,0.072513063196293,0.0003543939092196,0.0,0.0008714767755009,0.2353347135955831,0.000371916568838,0.0,-1419.565425779727,1.4478216171264648,4.2237765667385725,0.4964417261014833,-0.1405306601628797,0.0078811272978782,0.0051912050694227,0.0007493847515434,0.0042538708075881,0.0019408824155107,0.0004514241300057,0.0012252940796315,0.0051870667375624,0.0036193248815834,0.001742586842738,0.000269681942882,0.0017608645139262,0.0056826332584023,0.0015415323432534,0.0054681291803717,0.0155349913984537,0.3225457966327667,0.1370301395654678,0.3920591193318466,0.0354300581573308,0.4753815208360663,Rene_Magritte_161.jpg,Rembrandt,Barroco,3
79,175.26761,172.11707,160.6724,49.986977,57.637634,66.93355,1.0,0.0,0.0,255.0,255.0,255.0,0.19624238,0.1498387,0.7184948,0.2170444,0.2187587469816208,0.271188735961914,0.4774037003517151,0.25,0.25784832239151,0.4454253315925598,5.407719612121582,3.110487461090088,8.538066864013672,2.7499570846557617,4.496093273162842,1.8935295343399048,8.530017852783203,2.7122902870178223,0.0027737903874367,0.0018491299606467,0.0029658549465239,0.0080603100848703,0.0030945299658924,0.0857237684320326,0.0024513073731213,0.098525437390356,0.0028381862211972,0.3962353610544782,0.0028684805147349,0.3018349058840263,0.0021165723446756,0.0,0.0020966159645467,0.0003318951211417,0.002557786181569,0.0022284386705229,-1419.565425779727,1.074925184249878,3.9854277466564696,0.5206101290872979,-0.1288291505588024,0.0103830127045512,0.0077952602878212,0.0009301125537604,0.0035963912960141,0.0019634976051747,0.0005747627001255,0.0011511751217767,0.0040606227703392,0.0026405430398881,0.0016721569700166,0.0003632685111369,0.0017988554900512,0.0036125583574175,0.0015497476560994,0.0056723998859524,0.014735635370016,0.3211155235767364,-1.132314682006836,0.0632022178052097,0.6688774976461973,0.5387383617533215,Rene_Magritte_174.jpg,Camille_Pissarro,Impresionismo,4
80,64.88815,53.224136,44.96652,59.697754,52.360447,47.151962,0.0,0.0,0.0,240.0,228.0,222.0,0.38331297,0.3252495,0.2734682,0.22837691,0.2045358121395111,0.1638148576021194,0.2732594311237335,0.25,0.1142460778355598,0.1915910691022873,1.821631669998169,2.263584613800049,2.961355686187744,2.8153316974639893,1.6869152784347534,1.72898268699646,2.914240837097168,2.4694724082946777,0.001011926215142,0.134751026423834,0.0010996133787557,0.1899147278660911,0.0008128974586725,0.0294241499105168,0.0015997149748727,0.3330350563217181,0.000655812502373,0.0577955574270975,0.0005874544731341,0.0,0.001319773029536,0.1445415306874407,0.0003611792344599,0.0148963048741972,0.0002762545191217,0.0,-1419.565425779727,0.7640814781188965,0.5751701889623717,0.4064641564007329,-0.1116987767880708,0.0082605527713894,0.0052436585538089,0.0008500053081661,0.0037210690788924,0.0016673180507496,0.0004363899352028,0.0012096229474991,0.0038272277452051,0.0035381377674639,0.0014237771974876,0.0003331697371322,0.0015541799366474,0.0047484952956438,0.0011585637694224,0.005323002114892,0.019204830750823,0.3164805471897125,0.6554426550865173,0.5731986963100919,0.0630427191246653,0.6021010359678733,Rene_Magritte_18.jpg,Caravaggio,Barroco,3
81,180.67422,149.12378,134.73376,34.588726,52.731434,77.66176,75.0,21.0,0.0,255.0,241.0,238.0,0.38329104,0.3184479,0.75164104,0.12025209,0.1786794066429138,0.1158396005630493,0.1527569144964218,0.25,0.0780565738677978,0.107678435742855,3.9316115379333496,1.4010077714920044,7.795680046081543,2.3315324783325195,3.945680141448975,1.4560450315475464,7.799973011016846,2.3467254638671875,0.0025094584561884,0.0314295054406201,0.0030037129763513,0.2619903796758978,0.0028980325441807,0.1299210759818801,0.0026302130427211,0.0218091813384392,0.0027823732234537,0.279316303180311,0.00282131601125,0.1799841217951711,0.0016760999569669,0.0,0.0016370463417842,0.0,0.0017828699201345,0.0,-1419.565425779727,1.1517921686172483,2.779418322073031,0.5116385137284855,-0.1251787183206305,0.0079399747774004,0.0046540754847228,0.0007078120834194,0.0047964178957045,0.0019788190256804,0.0004553005855996,0.0010831669205799,0.0056491722352802,0.0049927071668207,0.0013204042334109,0.0002980090212076,0.0015592664713039,0.007905526086688,0.0011946359882131,0.0055490774102509,0.0124156344681978,0.3239228725433349,-1.2083957195281982,1.5457224706827972e-05,0.7261391974608932,0.6095814183549391,Rene_Magritte_192.jpg,Salvador_Dali,Surrealismo,0
82,126.38964,122.260315,103.89119,54.739735,53.77872,55.946007,3.0,0.0,0.0,255.0,255.0,255.0,0.26286992,0.23328134,0.5262629,0.23106724,0.2045170813798904,0.303989052772522,0.4386888146400451,0.25,0.2697382569313049,0.4143073856830597,3.80583119392395,3.288359403610229,6.071569442749023,2.4631192684173584,3.272865056991577,1.9680498838424685,6.075831890106201,2.455770492553711,0.0016776898410171,0.0014582770726438,0.0015142759075388,0.0461247637051039,0.0017723453929647,0.0607615446934917,0.0024122195318341,0.1758034026465028,0.0022418871521949,0.1972994869025114,0.0024063105229288,0.3171482581690521,0.0018580917967483,0.034350526600054,0.0018406370654702,0.0554685390224142,0.0010633828351274,0.0073994058871185,-1419.565425779727,1.2019460201263428,1.9822137162027116,0.4881698568237079,-0.170032473231549,0.0095210177823901,0.0070389080792665,0.0009805911686271,0.0038693698588758,0.0020848368294537,0.0004889800911769,0.0012290276354178,0.0046503846533596,0.0033488182816654,0.0014823500532656,0.0003292440960649,0.0018213662551715,0.0040234681218862,0.0013297552941367,0.0062586446292698,0.0140432380139827,0.3228240609169006,-0.0223836284130811,0.1939469359563674,0.3098339962369305,0.5103603496320289,Rene_Magritte_194.jpg,Joan_Miro,Surrealismo,0
83,136.57004,101.28027,61.749535,68.011086,68.19833,42.310585,0.0,0.0,0.0,255.0,236.0,230.0,0.6149347,0.21396008,0.5617781,0.23724303,0.237220287322998,0.2498069107532501,0.3258906602859497,0.25,0.1704004108905792,0.2224143594503402,3.173999786376953,2.3074700832366943,5.395100116729736,3.1309924125671387,3.157123565673828,2.20380973815918,5.4146270751953125,3.2056009769439697,0.001564540551044,0.0002740226525392,0.0018355282954871,0.0132900986481549,0.0028706023003906,0.5005023748629887,0.0017886920832097,0.0003196930946291,0.0014456679346039,0.014386189258312,0.0021735338959842,0.3079101205699671,0.0011359927011653,4.567044208987943e-05,0.0009699600632302,0.0220131530873218,0.0010794789995998,0.0424735111435878,-1419.565425779727,0.8753320574760437,0.1436679530168846,0.5402976010002873,-0.1431083574597468,0.0109403422102332,0.0062949685379862,0.0009217290207743,0.0046980716288089,0.0019600316882133,0.0005071745254099,0.0012481348821893,0.0049088620580732,0.004574152175337,0.00139281374868,0.0004046537505928,0.0018856162205338,0.0047118049114942,0.0011219799052923,0.0054367962293326,0.0114928688853979,0.3247774541378021,-0.34031942486763,0.2028186274509804,0.4044421487603306,0.7551146491654513,Rene_Magritte_39.jpg,Rene_Magritte,Surrealismo,0
84,136.32631,166.6488,180.83484,49.275517,43.019684,45.06407,13.0,20.0,0.0,235.0,237.0,254.0,0.315988,0.16749005,0.7380023,0.15006883,0.1697543114423751,0.1058823987841606,0.1346282064914703,0.25,0.0775492265820503,0.1042624413967132,3.976204872131348,1.2019988298416138,7.906457901000977,2.188017606735229,4.023579120635986,1.4697730541229248,7.905786514282227,2.1741411685943604,0.0022088719997555,0.2205202447111567,0.0027988720685243,0.4444029327978331,0.0024683931842446,0.0898052584878345,0.00250088959001,0.0891047494512679,0.0028265607543289,0.0584691542520898,0.0027866142336279,0.0005137066268154,0.0018819160759449,0.0,0.0022074622102081,0.0007005090365665,0.0023629269562661,0.0,-1419.565425779727,1.1540857553482056,0.582415820415863,0.5183339642885744,-0.1369722546730539,0.0087600871920585,0.0059865587390959,0.0007037260802462,0.0057422094978392,0.0022050084080547,0.0005066176527179,0.0011738542234525,0.0060947239398956,0.0044054556638002,0.0015697001945227,0.000276603444945,0.0019870488904416,0.0057764183729887,0.0012122985208407,0.0040073292329907,0.0120923602953553,0.3253012299537658,-0.9596044421195984,0.0098915289256198,0.6488946280991735,0.0145092975206611,Rene_Magritte_63.jpg,Alfred_Sisley,Impresionismo,4
85,172.65819,165.75519,172.60141,58.97994,64.980515,72.35433,38.0,29.0,21.0,255.0,255.0,255.0,0.20457833,0.17248471,0.74070805,0.22958508,0.2461014688014984,0.1223643347620964,0.2919707596302032,0.25,0.0878236293792724,0.2231650501489639,4.357349395751953,2.0145888328552246,8.389342308044434,3.140937566757202,4.36347770690918,1.9888405799865725,8.403362274169922,3.122156858444214,0.0027331772726029,0.0005010548523206,0.0026538870297372,0.0001582278481012,0.0024615314323455,0.0,0.0031489722896367,0.495042194092827,0.0018174388678744,0.0038502109704641,0.0026867126580327,0.0255801687763713,0.0030633118003606,0.2787974683544303,0.0026803838554769,0.0742616033755274,0.0020958576351404,0.0191455696202531,-1412.885533182877,0.7007709741592407,0.0386163889913888,0.4712240814719708,-0.1672854850906594,0.0062183244153857,0.0046087717637419,0.0005743930232711,0.0043533430434763,0.0015891110524535,0.0004062555381096,0.0008963035652413,0.0066280793398618,0.0044026975519955,0.0012745668645948,0.0002353556483285,0.0012152675772085,0.007633589208126,0.0013303671730682,0.0050859288312494,0.0160476453602314,0.3189955949783325,-0.7466213703155518,0.0516034644194756,0.6254359784644195,0.4533824906367041,Salvador_Dali_25.jpg,Jackson_Pollock,Expresionismo abstracto,2
86,151.93109,136.21729,134.2597,54.92107,57.491062,54.93682,25.0,16.0,17.0,255.0,255.0,255.0,0.21585743,0.12735075,0.6200935,0.21133307,0.2175557911396026,0.2768347263336181,0.3812304437160492,0.25,0.2282419055700302,0.3294194638729095,3.716224193572998,1.8969247341156008,7.0529561042785645,3.012021780014038,3.9210286140441895,2.3141603469848637,7.035790920257568,2.936173439025879,0.0017877470236271,0.000204248366013,0.0017789488192647,0.0016748366013071,0.0023582987487316,0.1022058823529411,0.0023205454926937,0.0967320261437908,0.0027769797015935,0.1969771241830065,0.0025276779197156,0.0749591503267973,0.0020740905310958,0.2387254901960784,0.0019982811063528,0.0826797385620915,0.0018416349776089,0.1053921568627451,-1419.4148855533972,1.2840338945388794,1.9707549910554747,0.5122598648385955,-0.1671822275151876,0.0107988389208912,0.0052680955268442,0.0011904815910384,0.0049414979293942,0.0025362682063132,0.000694875838235,0.0013235186925157,0.0052072866819798,0.0049514900892972,0.0015821700217202,0.0005763986846432,0.002455475507304,0.005217564292252,0.0014305763179436,0.0035979952663183,0.0107274670153856,0.3283845782279968,-0.3083393573760986,0.0852490942028985,0.4496240942028985,0.7517980072463768,Salvador_Dali_29.jpg,Salvador_Dali,Surrealismo,0
87,152.13281,120.051445,94.744255,66.73999,61.404343,50.81879,25.0,17.0,0.0,255.0,255.0,255.0,0.37880194,0.17572558,0.60665005,0.2649244,0.2338101267814636,0.2974235713481903,0.4234271347522735,0.25,0.2180895060300827,0.3018812537193298,3.5419962406158447,2.4097118377685547,6.384925365447998,3.1978323459625244,3.715681791305542,2.6382737159729004,6.374980449676514,3.126789331436157,0.002375891432166,0.1482100938967136,0.0023340228945016,0.3030516431924883,0.0022666933946311,0.223268779342723,0.0019566253758966,0.0223591549295774,0.0016433232231065,0.0637617370892018,0.002041766885668,0.0385269953051643,0.0014021520037204,0.0245892018779342,0.0018920869333669,0.0773474178403755,0.0016451987903565,0.001056338028169,-1419.053682900895,0.8423530459403992,0.6360826790153908,0.50253271580786,-0.1553409448917943,0.009764333255589,0.0049647316336631,0.0012226135004311,0.0057312436401844,0.0022170739248394,0.0005119629786349,0.0015013079391792,0.0059188813902437,0.0041349912062287,0.0014702054904773,0.0004585567803587,0.0020838654600083,0.0050312336534261,0.0013676901580765,0.0046829674392938,0.0114383418112993,0.3274490237236023,-0.0244081579148769,0.1855239209568382,0.4268948257930317,0.8921086843473739,Salvador_Dali_40.jpg,Jackson_Pollock,Expresionismo abstracto,2
88,195.66235,149.96507,95.985596,50.526573,52.596657,41.838837,47.0,40.0,7.0,255.0,255.0,253.0,0.5098037,0.15488346,0.7672837,0.19815528,0.1928145885467529,0.2071959674358368,0.2536476254463196,0.25,0.171848639845848,0.2289129942655563,4.1371588706970215,2.161756753921509,7.817863941192627,2.4329872131347656,4.032218933105469,1.7019374370574951,7.818507194519043,2.511121988296509,0.0027157473377883,0.1021412037037037,0.0027001118287444,0.083912037037037,0.0029051022138446,0.2717592592592592,0.0024119205772876,0.0534143518518518,0.0029835735913366,0.1153356481481481,0.0027316464111208,0.2761574074074074,0.0014840591466054,0.0,0.002062102779746,5.787037037037037e-05,0.0018055166583508,0.0,-1419.565425779727,1.231757879257202,1.1498075776807213,0.5117128034488684,-0.1521952191932678,0.0107921939343214,0.0061798063106834,0.0009096046560443,0.0048738941550254,0.0020062308758497,0.0004193815693724,0.0013051024870947,0.0049540461041033,0.0040322970598936,0.0014427374117076,0.0003485401102807,0.0018022073199972,0.0049803587608039,0.0010796241695061,0.0053199930116534,0.0120539823547005,0.3240424394607544,-0.710417628288269,0.0161730769230769,0.6701474358974359,0.999647435897436,Salvador_Dali_65.jpg,Salvador_Dali,Surrealismo,0
89,81.08216,88.67609,102.94762,20.510271,29.446522,40.345783,26.0,28.0,18.0,237.0,200.0,193.0,0.21590355,0.13001603,0.41336775,0.15500358,0.1065966188907623,0.1681227833032608,0.2325284332036972,0.25,0.1421777606010437,0.2018267214298248,2.380043268203736,1.2999252080917358,4.386714935302734,1.493846774101257,2.312518358230591,1.1455717086791992,4.384102821350098,1.4714343547821045,0.001342755742371,0.0205284552845528,0.001273023081012,0.0863821138211382,0.0014144729357212,0.0175813008130081,0.0015283800894394,0.0843495934959349,0.0014310583937913,0.2536585365853658,0.0015077565331012,0.0373983739837398,0.0012522225733846,0.1845020325203252,0.001166944974102,0.0809451219512195,0.0012616446474567,0.1371443089430894,-1419.565425779727,1.0575755834579468,2.5295870457516707,0.5020198558191687,-0.1648210082189226,0.0095261987298727,0.0056734103709459,0.0010187405860051,0.00470179785043,0.0021051608491688,0.0005439188680611,0.0014761993661522,0.0055185621604323,0.0035097827203571,0.001500649144873,0.0003880072908941,0.0018500328296795,0.004670260939747,0.0014248194638639,0.0050394879654049,0.0135529702529311,0.3249135911464691,-0.0354292467236518,0.3393867924528302,0.0033018867924528,0.293087376460018,Salvador_Dali_94.jpg,Salvador_Dali,Surrealismo,0
90,201.82466,170.97005,105.01273,44.541893,43.165394,32.760593,0.0,0.0,0.0,255.0,253.0,185.0,0.49560955,0.09853251,0.7914595,0.17469242,0.1655904203653335,0.4838159680366516,0.4326294362545013,0.2500017363160928,0.4589729011058807,0.4717095792293548,4.647321224212647,2.0535480976104736,8.605754852294922,2.323333978652954,4.595353126525879,2.103022575378418,8.599480628967285,2.260023355484009,0.002760499715805,0.1135306686777275,0.002719463314861,0.1002073906485671,0.0024040727876126,0.0139831573655103,0.0027195583097636,0.1040723981900452,0.0028873963747173,0.217288838612368,0.0026771817356348,0.182315233785822,0.0025133192539215,0.0657365510306686,0.0025187260471284,0.0298831070889894,0.0026922656688839,0.0627513826043237,-1419.565425779727,1.0876420736312866,2.197873771187239,0.4990706804427626,-0.2147507167108646,0.0110720545053482,0.004620955325663,0.001517211087048,0.0045767817646265,0.00261783413589,0.0007354253320954,0.0017050583846867,0.0042384816333651,0.003985904622823,0.0018244583625346,0.0006927824579179,0.0026908738072961,0.004736200440675,0.0016014034627005,0.0044707213528454,0.0114138536155223,0.3294981122016907,-1.4419190883636477,0.0210962405283957,0.7719418264656244,0.9999236020919136,Vincent_van_Gogh_490.jpg,Vincent_van_Gogh,Impresionismo,4
91,157.25183,156.29857,145.77887,55.972313,59.769733,74.32157,0.0,0.0,0.0,255.0,255.0,255.0,0.29448253,0.20628299,0.6817029,0.23604898,0.2297141551971435,0.3815005421638489,0.330348253250122,0.25,0.3613891005516052,0.3593482673168182,4.202970504760742,1.942430853843689,7.754648685455322,2.932938575744629,4.063317775726318,1.944102883338928,7.74617862701416,2.935274839401245,0.0028079084586352,0.0936097330498464,0.0030884796287864,0.3144342074179069,0.0027267367113381,0.0834514528703047,0.0022053853608667,0.0261930073234112,0.0028314441442489,0.2178419560595322,0.0023435645271092,0.1295180722891566,0.00199876120314,0.0039570044885424,0.0020750320982187,0.0336640680368533,0.0014271527761593,0.0001771793054571,-1419.4117489093776,1.185004711151123,2.1715507745677507,0.4916919678815226,-0.1951693121359019,0.0108506940305233,0.0043489253148436,0.0013848533853888,0.0049340804107487,0.0028485646471381,0.000696956354659,0.0017406408442184,0.0044893459416925,0.0041310880333185,0.001716756960377,0.0006143922801129,0.0027909139171242,0.0048484280705451,0.0014558873372152,0.0043553081341087,0.0112931635230779,0.3293690681457519,-1.1246742010116575,0.1112462880839318,0.6197068403908795,0.4074114045759585,Vincent_van_Gogh_491.jpg,Alfred_Sisley,Impresionismo,4
92,153.08327,104.22864,53.166023,50.402996,43.91572,25.027174,7.0,0.0,0.0,255.0,224.0,151.0,0.6673218,0.08847972,0.60032856,0.19766267,0.1704049706459045,0.354568213224411,0.3181652128696441,0.2500024164161648,0.3137572109699249,0.2927218079566955,3.110027313232422,2.071241617202759,5.7245402336120605,2.6693544387817383,3.0987861156463623,1.8924769163131716,5.645456314086914,2.178573608398437,0.0014621266163885,0.0503326330532212,0.0017240055603906,0.158000700280112,0.0014883207622915,0.0091911764705882,0.0018633779836818,0.1452643557422969,0.0022689225152134,0.3128063725490196,0.0016622939147055,0.0182948179271708,0.0016589337028563,0.0437675070028011,0.0019682482816278,0.1456144957983193,0.0015293533215299,0.0221901260504201,-1419.565425779727,1.3068430423736572,3.1091934264551133,0.4944672209291835,-0.2225707248910857,0.0111315362155437,0.0054854406043887,0.0014958906685933,0.0044392012059688,0.0020827236585319,0.0006285972194746,0.0017260510940104,0.0038322480395436,0.0037051262333989,0.0017943371785804,0.0006212808657437,0.0021223539952188,0.0046669226139783,0.0015931372763589,0.005632072687149,0.0115430811420083,0.3279229402542114,0.1108654588460922,0.0596419837810147,0.3013850897456964,1.0,Vincent_van_Gogh_515.jpg,Joan_Miro,Surrealismo,0
93,114.844246,100.04022,78.90315,75.631134,71.32279,55.314346,0.0,0.0,0.0,255.0,255.0,222.0,0.3617958,0.17418936,0.4532284,0.29502666,0.2763043642044067,0.3444904386997223,0.320005863904953,0.25,0.2363607585430145,0.2344769686460495,3.1985385417938232,2.462031841278076,5.136229038238525,3.5350441932678223,3.191376209259033,2.4628138542175293,5.199854373931885,3.628642320632935,0.0017972311470657,0.0726273148148148,0.0024124153424054,0.3067542989417989,0.002960771555081,0.5206886574074074,0.0013879447942599,4.1335978835978834e-05,0.0011776891769841,4.1335978835978834e-05,0.0014543454162776,0.0017567791005291,0.0009593060240149,0.0,0.0009023972670547,0.0,0.0010838109301403,0.0006613756613756,-1419.565425779727,0.7498020529747009,0.0004121822350613,0.5347262429084347,-0.1537035726406816,0.0109990397468209,0.0055903224274516,0.0009663049713708,0.0049121100455522,0.0015429221093654,0.0004191878251731,0.0014171513030305,0.0048470660112798,0.0051263808272778,0.0015351513866335,0.000406668317737,0.0015102562028914,0.0053633884526789,0.0011152439983561,0.0055388053879141,0.0112100010737776,0.3245083093643188,0.5832599401473999,0.3598143673110721,0.2228370313415348,0.8824921280023433,Vincent_van_Gogh_526.jpg,Claude_Monet,Impresionismo,4
94,143.79845,142.16399,152.36414,58.084183,58.904564,59.97703,0.0,0.0,0.0,255.0,254.0,255.0,0.17892323,0.18314531,0.62093204,0.2216297,0.2281238436698913,0.6153218150138855,0.5186648964881897,0.25,0.6422574520111084,0.6688527464866638,3.992998123168945,2.068650960922241,7.162674903869629,2.770345449447632,4.07584285736084,2.193353176116944,7.1871337890625,2.904348373413086,0.0028072795830667,0.168202220647295,0.0029664793983101,0.231218993621545,0.0028347910847514,0.2629045594141271,0.0017574657686054,0.0064965745334278,0.0020569330081343,0.0353768013229388,0.0022022172342985,0.1385542168674698,0.0018992177210748,0.0122844318450271,0.0017440898809581,0.0251299314906685,0.0016480246558785,0.0223836522560831,-1419.565425779727,0.92949640750885,0.352767927131528,0.5017761051104171,-0.1904407126525144,0.0118299331516027,0.0043474840931594,0.0015608939575031,0.0039803725667297,0.0026072550099343,0.0008223467739298,0.0017814080929383,0.0040773493237793,0.0041265580803155,0.0018120865570381,0.000800727691967,0.0026307271327823,0.0041833855211734,0.0016068087425082,0.0043779565021395,0.0119547061622142,0.3286604881286621,-0.8376188278198242,0.1201091008987088,0.4965039310335806,0.2723696087280719,Vincent_van_Gogh_597.jpg,Alfred_Sisley,Impresionismo,4
95,110.33261,93.835175,49.38429,56.587597,61.130013,41.25604,8.0,0.0,0.0,255.0,249.0,255.0,0.6159799,0.19401515,0.44093364,0.22558886,0.2211253494024276,0.3460386097431183,0.3012308180332184,0.25,0.2354571372270584,0.2250499427318573,2.58328628540039,2.1451215744018555,4.723987102508545,3.024500846862793,2.545373678207397,2.0377697944641118,4.723810195922852,3.0151526927948,0.0018934562103822,0.2235673930589184,0.0011154495878145,0.0459510357815442,0.001828680280596,0.0590260963142319,0.0014992330688983,0.1492467043314501,0.0004722408484667,0.0062684960990045,0.0011294637806713,0.0612590799031476,0.0018054066458716,0.1154829163303739,0.0015082752797752,0.1330239440408931,0.0017168896738439,0.1061339790153349,-1419.565425779727,0.327712744474411,0.0626877655797383,0.4923938932440197,-0.2241320159173515,0.0103288181126117,0.0054639615118503,0.0009207690018229,0.005486776586622,0.0017373212613165,0.0004037225153297,0.0015158371534198,0.0051606064662337,0.0049692606553435,0.0015522660687565,0.0003716124920174,0.0017471795435994,0.0055463020689785,0.0010017012245953,0.0053236917592585,0.0109701734036207,0.3254440724849701,0.0459854528307914,0.3373255014497952,0.124440259468508,0.8416240695901713,Vincent_van_Gogh_659.jpg,Pablo_Picasso,Cubismo,1
96,107.374695,86.36182,77.07186,42.978947,29.014305,18.476465,0.0,11.0,2.0,255.0,255.0,223.0,0.35958126,0.11606749,0.44560418,0.14479238,0.1163918301463127,0.2065152078866958,0.1415779143571853,0.25,0.2877252697944641,0.2414365261793136,2.304351091384888,1.0261633396148682,4.5515313148498535,1.625611424446106,2.3011703491210938,1.02568519115448,4.547974109649658,1.4464467763900757,0.0013479349436238,0.0078940667175961,0.0019360021688044,0.4063852813852814,0.0013818547595292,0.0330723198370257,0.00130631623324,0.0077030812324929,0.0019329491769894,0.3545963840081487,0.0013533600140362,0.0613063407181054,0.0010994308395311,0.0004138018843901,0.0012008651392534,0.0324675324675324,0.0011176854604855,0.0021326712503183,-1419.565425779727,1.3723469972610474,3.522591175605537,0.5009867363939917,-0.2024145781005581,0.0121560934931039,0.0039224969223141,0.0015650199493393,0.0034653698094189,0.0039110025390982,0.0009905161568894,0.0019052128773182,0.0031532498542219,0.0029845903627574,0.0019282018765807,0.0009502854081802,0.0038316464051604,0.0034109919797629,0.0016689124749973,0.0037976049352437,0.0128588052466511,0.3282509446144104,0.7687896490097046,0.1340243457261597,0.0764805402673256,0.6960188981242278,Vincent_van_Gogh_661.jpg,Vincent_van_Gogh,Impresionismo,4
97,191.69644,150.37384,80.05041,42.20481,46.779663,48.078545,0.0,0.0,0.0,255.0,255.0,255.0,0.60676736,0.20893139,0.76016694,0.15253673,0.1668040305376052,0.376769095659256,0.3052609264850616,0.25,0.3816733360290527,0.3583067953586578,3.967782974243164,1.9023237228393557,7.6874542236328125,2.19287371635437,4.03226900100708,1.7127106189727783,7.688216686248779,2.2653615474700928,0.0027127454522997,0.3438755020080321,0.0025793029926717,0.2772856130403969,0.0024918653070926,0.2785553980628396,0.0019692666828632,0.0008268367587999,0.0023561508860439,0.001004016064257,0.0022936700843274,0.0002067091896999,0.0024121722672134,0.0004429482636428,0.0022738671395927,0.0010335459484998,0.0023428606800734,0.002214741318214,-1419.565425779727,0.9894254207611084,0.0099797785396918,0.5001733557963289,-0.2078855347613373,0.0122177843004465,0.0052835936658084,0.0017256526043638,0.003580703632906,0.0020886240527033,0.0007644958677701,0.0018345440039411,0.003547687549144,0.0036206918302923,0.0019374885596334,0.0007323001045733,0.0020607346668839,0.0037166641559451,0.0017797907348722,0.0054281670600175,0.0121810771524906,0.3271713852882385,-1.6467845439910889,0.0195798045602605,0.7544527687296417,0.9085081433224756,Vincent_van_Gogh_665.jpg,Pablo_Picasso,Cubismo,1
98,129.18506,106.43548,68.89179,49.344482,46.85325,40.744026,0.0,0.0,0.0,255.0,255.0,254.0,0.48619884,0.19333796,0.5074907,0.1933936,0.1801565140485763,0.5248993039131165,0.4316776394844055,0.2500003499170696,0.5308878421783447,0.4939267933368683,3.3289899826049805,2.3703508377075195,5.477200031280518,2.607002019882202,3.296320915222168,2.4180808067321777,5.479359149932861,2.66471529006958,0.0018579849274829,0.1363889169784609,0.0018042009323835,0.06680402467388,0.0017533926293253,0.1017165537465871,0.0017739437753334,0.1124102538173728,0.0018292060121893,0.0906057235311962,0.0018140315078198,0.1327232278289008,0.0013630931498482,0.0877995752856709,0.0014296508161351,0.0786732733340074,0.0014660265296697,0.0953458388107998,-1419.565425779727,1.0908606052398682,0.9035799423838664,0.498992088201077,-0.2504099012443927,0.0113936094567179,0.0036971680819988,0.0022479048930108,0.0035567947197705,0.0026824728120118,0.0014025892596691,0.0017486439319327,0.0044009676203131,0.0043344288133084,0.0017034643096849,0.0013974911998957,0.0027181594632565,0.0036405615974217,0.0023045111447572,0.0037496432196348,0.0115215890109539,0.3320300877094269,-0.1054907441139221,0.1721731949527961,0.1652224422811793,0.9761286575081706,Vincent_van_Gogh_668.jpg,Joan_Miro,Surrealismo,0
99,158.62224,137.4955,69.123886,65.10672,52.043247,41.3903,0.0,0.0,0.0,255.0,255.0,255.0,0.5875368,0.21801332,0.650062,0.23878142,0.1973692029714584,0.3865917026996612,0.3611771762371063,0.2500016254136677,0.2813418507575989,0.2725455164909363,3.801258563995361,2.156821250915528,6.95773458480835,2.785611391067505,3.776437282562256,1.9424740076065063,6.950896263122559,2.800488948822021,0.0024268494453281,0.1632910649289655,0.0021703531965613,0.1283902782669954,0.0026073832996189,0.3238522954091816,0.0020879965741187,0.0499589057179758,0.0017959394026547,0.0238933896912058,0.0021416535601019,0.1162087589526828,0.0020822621881961,0.0592051191734178,0.0017856562044471,0.0216919102970529,0.0017441218951717,0.0162615944581425,-1419.5540772408417,0.8578277826309204,0.2382051461432104,0.4984522529126688,-0.2014717146290218,0.0111595736816525,0.0059434636496007,0.0012911852682009,0.0044105774722993,0.0014661676250398,0.0005965771269984,0.0014718980528414,0.0047417138703167,0.0046925959177315,0.0015222438378259,0.0005650598322972,0.0014323991490527,0.004529483616352,0.0013865558430552,0.0058671263977885,0.0114233782514929,0.3255578875541687,-0.639967143535614,0.0849116100047462,0.4798676263108961,0.6922604302795061,Vincent_van_Gogh_670.jpg,Pablo_Picasso,Cubismo,1
