mean_R,mean_G,mean_B,std_R,std_G,std_B,min_R,min_G,min_B,max_R,max_G,max_B,mean_S,std_S,mean_V,std_V,rms,sobel_mean,sobel_std,sobel_pct_strong,laplacian_mean_abs,laplacian_std_abs,gabor_mean_abs_0,gabor_std_abs_0,gabor_mean_abs_45,gabor_std_abs_45,gabor_mean_abs_90,gabor_std_abs_90,gabor_mean_abs_135,gabor_std_abs_135,mean_block_0_0,pct_bright_block_0_0,mean_block_0_1,pct_bright_block_0_1,mean_block_0_2,pct_bright_block_0_2,mean_block_1_0,pct_bright_block_1_0,mean_block_1_1,pct_bright_block_1_1,mean_block_1_2,pct_bright_block_1_2,mean_block_2_0,pct_bright_block_2_0,mean_block_2_1,pct_bright_block_2_1,mean_block_2_2,pct_bright_block_2_2,H_shannon,center_mean_ratio,center_bright_ratio,lum_centroid_x,lum_centroid_y,filename,painter,genre,label
102.20103,105.27717,106.873116,32.077003,33.305286,33.510914,0.0,0.0,0.0,186.0,185.0,187.0,0.08940335,0.057675026,0.42845806,0.13074347,0.12868395447731018,0.21660317480564117,0.23488380014896393,0.25,0.17181335389614105,0.20935189723968506,2.824423313140869,1.2790236473083496,5.2140793800354,1.8163827657699585,2.7849161624908447,1.4199310541152954,5.20510196685791,1.7297346591949463,0.0017145550809800625,0.0023502551705613752,0.001863994519226253,0.034548751007252215,0.0014874063199386,0.005607037335482138,0.001713937264867127,0.02491270480795058,0.0019274372607469559,0.17472468439430566,0.0009914629627019167,0.0018466290625839376,0.0013174662599340081,0.05620467365028203,0.0018065364565700293,0.4034380875637926,0.0016495618037879467,0.19513832930432448,-1419.5654257797273,1.198617935180664,1.7496355975193996,0.48683435328595487,-0.15428586329553934,Alfred_Sisley_1.jpg,Alfred_Sisley,Impresionismo,4
123.6203,136.95985,149.19505,46.771084,43.979904,49.263435,0.0,0.0,0.0,255.0,248.0,255.0,0.287968,0.15593943,0.62267786,0.17743257,0.17044538259506226,0.31651636958122253,0.33120235800743103,0.25,0.2953343689441681,0.3477126657962799,3.5263044834136963,1.5652984380722046,6.6903839111328125,2.294907331466675,3.6335272789001465,1.8229613304138184,6.700178146362305,2.319077730178833,0.0023236642591655254,0.06938344594594595,0.002137797884643078,0.0015202702702702704,0.001994048012420535,0.0002533783783783784,0.0022271869238466024,0.1800464527027027,0.0021924630273133516,0.09368665540540541,0.0025027492083609104,0.33116554054054054,0.0016070978017523885,0.06982685810810811,0.0017202046001330018,0.05489864864864865,0.0018900242866948247,0.09828969594594594,-1419.5654257797273,1.0611358880996704,0.9378345702812103,0.5029963555303363,-0.18864035523329922,Alfred_Sisley_10.jpg,Alfred_Sisley,Impresionismo,4
118.90262,116.895996,108.091415,48.64928,52.237015,61.14057,0.0,0.0,0.0,255.0,255.0,255.0,0.2289592,0.13789566,0.49829257,0.2197299,0.20225898921489716,0.288328617811203,0.27892377972602844,0.25,0.3315925896167755,0.35586634278297424,3.0410726070404053,1.5539988279342651,5.804640769958496,2.5503058433532715,3.1990294456481934,1.960720419883728,5.807806015014648,2.6015498638153076,0.0019744564779102802,0.051944572041035066,0.0026110655162483454,0.2696447710917164,0.0024104160256683826,0.28241463788087584,0.0013036124873906374,0.024452610626244067,0.0015290540177375078,0.13123564538355534,0.0009282029350288212,0.004547542489664676,0.0017726999940350652,0.0025340682896952994,0.0018653954612091184,0.016498239167049455,0.0017452065367251635,0.11765426427805849,-1419.4898739767664,0.8526217341423035,1.3110069306168877,0.5049555468906138,-0.30495003814757116,Alfred_Sisley_11.jpg,Alfred_Sisley,Impresionismo,4
133.78065,140.77359,146.31438,36.072636,36.483162,50.13695,4.0,4.0,0.0,255.0,255.0,255.0,0.18689424,0.11373916,0.6060361,0.1672233,0.14551635086536407,0.2689124345779419,0.23800182342529297,0.249998353909465,0.27240854501724243,0.2760554552078247,3.536149024963379,1.381664514541626,6.92402458190918,1.897495150566101,3.6248130798339844,1.6650161743164062,6.924339294433594,1.974152684211731,0.0024001002311706543,0.09598518518518519,0.0024512051604688168,0.1412,0.0025314255617558956,0.19004444444444443,0.0022852891124784946,0.08985185185185185,0.0023385609965771437,0.17020740740740742,0.0022899871692061424,0.07708148148148149,0.0016718958504498005,0.056133333333333334,0.001756860874593258,0.06121481481481481,0.001556880190037191,0.018207407407407408,-1419.5654257797273,1.0915218591690063,1.7022140037706797,0.5003993979067456,-0.21529199237821695,Alfred_Sisley_12.jpg,Alfred_Sisley,Impresionismo,4
107.30281,108.520706,92.72356,32.748276,32.094944,37.93565,0.0,0.0,0.0,229.0,228.0,200.0,0.2970744,0.17908534,0.45944574,0.12169251,0.1228431910276413,0.37671998143196106,0.2880699038505554,0.25,0.417484313249588,0.38336431980133057,2.8336915969848633,1.3343067169189453,5.287763595581055,1.535943627357483,2.8361318111419678,1.5207483768463135,5.32335090637207,1.8247778415679932,0.0018688635900616646,0.15349624060150377,0.001917183049954474,0.15590225563909774,0.0017065891297534108,0.08902255639097745,0.0016355224652215838,0.17112781954887218,0.0018514815019443631,0.21289473684210528,0.0016710120253264904,0.049135338345864664,0.0011622827732935548,0.01575187969924812,0.001430402509868145,0.03229323308270677,0.0014762805076316,0.0206390977443609,-1419.5654257797273,1.1320425271987915,2.128324838384363,0.5060619265409974,-0.13708335050587891,Alfred_Sisley_13.jpg,Alfred_Sisley,Impresionismo,4
141.4142,137.62163,117.31505,47.538044,51.439972,57.57801,3.0,0.0,0.0,255.0,255.0,253.0,0.23558187,0.16513275,0.57106084,0.19022658,0.1971701830625534,0.20823200047016144,0.2384958267211914,0.25,0.19003544747829437,0.259594202041626,3.512155532836914,1.6554899215698242,6.7809553146362305,2.6638171672821045,3.518960475921631,1.774375319480896,6.788475513458252,2.666055917739868,0.0021884466987103224,0.11671584023349513,0.0029442200902849436,0.1573554138510834,0.0030800148379057646,0.5652739443545572,0.0016095202881842852,0.014804944851580428,0.0017565495800226927,0.011569006905449278,0.002154004294425249,0.021319120586275817,0.0016571823507547379,0.0007613971637955648,0.0017268123337998986,0.00022207417277370642,0.0017435582121834159,0.0005921977940632171,-1419.531797510211,0.8382084965705872,0.11717242654747288,0.5302255557274829,-0.22048764368195756,Alfred_Sisley_14.jpg,Alfred_Sisley,Impresionismo,4
139.3535,146.75471,143.55675,30.856958,22.903326,31.809628,9.0,34.0,4.0,222.0,222.0,220.0,0.19177978,0.13276064,0.613554,0.09467897,0.09534724056720734,0.11963334679603577,0.137015700340271,0.25000196224637966,0.10041528195142746,0.13102678954601288,3.6178221702575684,0.8238162398338318,7.16066312789917,1.25420081615448,3.6242849826812744,0.982293963432312,7.161158084869385,1.295691967010498,0.0024437247775495052,0.2688618925831202,0.002501438604667783,0.3786231884057971,0.002409289823845029,0.10656436487638533,0.002231740625575185,0.04156010230179028,0.0020885721314698458,0.04401108269394714,0.001950439647771418,0.002522023302074453,0.002106473548337817,0.00632281898266553,0.002149543259292841,0.044082125603864736,0.002081031445413828,0.010336743393009377,-1419.5654257797273,0.9416304230690002,0.43870481109695464,0.4928097594153887,-0.14032529467607624,Alfred_Sisley_15.jpg,Alfred_Sisley,Impresionismo,4
123.36724,126.51515,108.04668,50.13739,48.3318,52.55875,0.0,5.0,0.0,238.0,220.0,205.0,0.2242064,0.14616749,0.5120307,0.18853186,0.1912035197019577,0.2212156355381012,0.22666503489017487,0.25000163192835184,0.16807326674461365,0.19762133061885834,3.216529607772827,1.553558588027954,6.134701728820801,2.5549583435058594,3.2360942363739014,1.6691534519195557,6.160758972167969,2.688278913497925,0.002499583177268505,0.19158988896763524,0.002851197961717844,0.4714446019371604,0.0027417533565312624,0.18884360973304984,0.001282096141949296,2.9529884242853768e-05,0.0018229203997179866,0.023299078667611623,0.0018544208724051714,0.023535317741554453,0.001478501595556736,2.9529884242853768e-05,0.0013314896496012807,0.0008563666430427592,0.0012266143457964063,0.0,-1419.5654257797273,0.9600681066513062,0.2330871258692395,0.5100680764518589,-0.14589671792065223,Alfred_Sisley_16.jpg,Alfred_Sisley,Impresionismo,4
95.86145,87.606575,89.394615,63.33215,61.948273,64.364746,0.0,0.0,0.0,255.0,249.0,251.0,0.35368785,0.2954318,0.4109016,0.24682167,0.24087178707122803,0.28654739260673523,0.28656256198883057,0.25,0.25103697180747986,0.28067123889923096,2.432492256164551,1.9091318845748901,4.576418399810791,3.275261163711548,2.6139144897460938,2.329059362411499,4.525694370269775,3.195009231567383,0.00017384986858814955,0.0,0.0006269586738198996,0.0023243801652892563,0.001879336778074503,0.01921487603305785,0.0007364501361735165,0.0,0.0009533135453239083,0.0021694214876033058,0.0018259375356137753,0.06270661157024793,0.0017225909978151321,0.09850206611570247,0.0019624237902462482,0.2381198347107438,0.0025743856094777584,0.46668388429752067,-1419.5654257797273,0.688847005367279,0.021944845385387598,0.6005739681284294,-0.1552843482975748,Alfred_Sisley_17.jpg,Alfred_Sisley,Impresionismo,4
133.5613,138.64017,127.19551,44.64318,45.40907,59.651936,0.0,0.0,0.0,255.0,255.0,255.0,0.1998681,0.11078502,0.5756201,0.21219076,0.179742693901062,0.27411967515945435,0.2613643407821655,0.25,0.28654715418815613,0.3211826682090759,3.474576711654663,1.5093679428100586,6.746009349822998,2.357997179031372,3.4812049865722656,1.6078661680221558,6.747896194458008,2.410149097442627,0.0014445874840021133,0.002553710293923817,0.0027698823250830173,0.5153552128641097,0.0029462280217558146,0.2971200738104653,0.0016505224630236626,0.0004777909582180045,0.0018151086987927556,0.04598326084091209,0.002254330785945058,0.03349479372611045,0.0019478343892842531,0.001565177276921049,0.0020323600620031357,0.00044483985765124553,0.0019350649090483785,0.003476341109793067,-1419.5527698610247,0.8691195249557495,0.45959194015944893,0.5394138342722546,-0.21696107818706126,Alfred_Sisley_18.jpg,Alfred_Sisley,Impresionismo,4
109.65665,113.841255,104.917946,52.223064,52.223503,60.613472,0.0,0.0,0.0,255.0,247.0,236.0,0.2977957,0.23298311,0.48242146,0.21627112,0.2043319046497345,0.39151108264923096,0.4153943955898285,0.25,0.3934497535228729,0.4859963655471802,3.1447415351867676,1.6153383255004883,5.6380414962768555,2.57448410987854,3.156559467315674,1.720748782157898,5.657609462738037,2.6274540424346924,0.0015080065932124853,0.008746603260869566,0.002004411304369569,0.006984544836956522,0.0024244694504886866,0.15690811820652173,0.0011294108116999269,0.048828125,0.0015353643102571368,0.09746518342391304,0.002544202608987689,0.42287279211956524,0.001204275176860392,0.023862092391304348,0.0012861917493864894,0.02426545516304348,0.001812817296013236,0.11092476222826086,-1419.5654257797273,0.8944309949874878,0.9737238033660334,0.568619477314447,-0.18053642671161477,Alfred_Sisley_19.jpg,Alfred_Sisley,Impresionismo,4
149.93552,148.8426,151.41505,46.708908,49.449596,63.728992,0.0,0.0,0.0,255.0,255.0,255.0,0.18325241,0.13209426,0.64317197,0.21105638,0.1945069432258606,0.34025290608406067,0.3441208004951477,0.24999942235130745,0.3541226089000702,0.43270519375801086,4.082630157470703,2.0979390144348145,7.435708045959473,2.517763614654541,3.9183895587921143,1.8649193048477173,7.43585729598999,2.516934394836426,0.002431221306324005,0.08095585933423771,0.002843274734914303,0.1346133778566211,0.0027044995222240686,0.057810706459355106,0.002104660961776972,0.0882604612334342,0.0026485000271350145,0.2751747886883022,0.002352256327867508,0.09992695398100804,0.0020307525992393494,0.038422205989773556,0.0019789186771959066,0.10750286966503182,0.0016231235349550843,0.020306793279766252,-1419.5425708287366,1.1505603790283203,2.742684513765646,0.5025256377041267,-0.17749206104232865,Alfred_Sisley_2.jpg,Alfred_Sisley,Impresionismo,4
137.44827,132.58708,122.54769,44.09644,51.02044,72.76078,4.0,0.0,0.0,250.0,229.0,230.0,0.31097946,0.29597747,0.5743783,0.19226265,0.1994207352399826,0.208825945854187,0.2056298404932022,0.25,0.20478427410125732,0.23963850736618042,3.413818597793579,1.5580289363861084,6.601982116699219,2.5791897773742676,3.376540422439575,1.5117634534835815,6.607795715332031,2.576422691345215,0.002574985148385167,0.1511988146551724,0.002781311050057411,0.2992322198275862,0.0028461129404604435,0.4119971264367816,0.0019097448093816638,0.0025368175287356323,0.0024170968681573868,0.011247306034482759,0.0024693345185369253,0.02184357040229885,0.001060694339685142,4.489942528735632e-05,0.001190032809972763,0.0017510775862068966,0.0011628038482740521,0.00017959770114942528,-1419.5654257797273,1.1814918518066406,0.11246912147653566,0.5172154228506295,-0.14923683013139963,Alfred_Sisley_20.jpg,Alfred_Sisley,Impresionismo,4
191.60701,174.74962,147.53438,37.800056,40.597507,34.010838,0.0,0.0,0.0,255.0,255.0,255.0,0.23571737,0.09358998,0.7535787,0.14583753,0.1496775895357132,0.3960045874118805,0.3562144935131073,0.25000042200431793,0.43043509125709534,0.43364283442497253,4.574799537658691,1.8351463079452515,8.784598350524902,2.084019899368286,4.476225852966309,1.5894076824188232,8.791211128234863,2.1725809574127197,0.0032285144552588463,0.25218060348439486,0.002907061716541648,0.2021162328313184,0.002804648131132126,0.0780598913697618,0.002896804828196764,0.13315202900869194,0.0027212100103497505,0.1389872858437888,0.0025690027978271246,0.06395929032307211,0.0025145451072603464,0.004928735211889907,0.0024601216427981853,0.0191512215188427,0.002357538091018796,0.00945372549915823,-1419.5654257797273,1.0012818574905396,1.3868078511524955,0.485922822641612,-0.33215187814728786,Alfred_Sisley_3.jpg,Alfred_Sisley,Impresionismo,4
125.045235,134.26807,130.49748,49.73946,56.884468,60.593082,0.0,0.0,0.0,242.0,246.0,243.0,0.1825936,0.1594295,0.54425126,0.21962477,0.21495947241783142,0.40554654598236084,0.3896779716014862,0.2499989327231356,0.37498554587364197,0.4004490375518799,3.8378608226776123,2.053638458251953,6.574276447296143,2.7990870475769043,3.772623062133789,2.1482036113739014,6.573512077331543,2.7708630561828613,0.002495505614206195,0.016616489115331173,0.0025860369205474854,0.058939323761000466,0.002754442859441042,0.3045777366064536,0.0018076591659337282,0.10768874478925429,0.0014829548308625817,0.04496680561988575,0.0018681474030017853,0.10469739076733055,0.0015087593346834183,0.00426509186351706,0.001868678373284638,0.16691755442334413,0.0017687412910163403,0.08842828469970665,-1419.5654257797273,0.7357136011123657,0.4511229217841693,0.5091023076333208,-0.19308469255729752,Alfred_Sisley_4.jpg,Alfred_Sisley,Impresionismo,4
139.34854,135.45804,117.383316,35.046974,35.57357,35.392952,0.0,5.0,0.0,243.0,229.0,204.0,0.1882605,0.12155173,0.5584384,0.1384763,0.13594074547290802,0.21947485208511353,0.2453739047050476,0.2500017897412034,0.1792754977941513,0.22220954298973083,3.586573839187622,1.5995619297027588,6.68560266494751,1.7495008707046509,3.5444436073303223,1.5126996040344238,6.68770170211792,1.783618688583374,0.0020374504383653402,0.0051292039994805865,0.0022757460828870535,0.012011427087391249,0.002083747647702694,0.002954161797169199,0.002085604704916477,0.27681469938968967,0.0023819853086024523,0.16156992598363848,0.002014592755585909,0.008732632125697961,0.001693050959147513,0.0040254512400986885,0.002180199371650815,0.30739514348785874,0.0018972139805555344,0.12771068692377613,-1419.5654257797273,1.1495031118392944,1.6043911154428971,0.5019334268525101,-0.15664620278787347,Alfred_Sisley_5.jpg,Alfred_Sisley,Impresionismo,4
168.37979,166.83209,160.54759,39.463837,39.879013,47.475815,5.0,13.0,5.0,255.0,253.0,255.0,0.1119482,0.08999585,0.6799234,0.15828148,0.15765920281410217,0.2854452431201935,0.2918587327003479,0.25,0.25652608275413513,0.3099467158317566,4.363758563995361,1.920717477798462,8.286791801452637,2.188786745071411,4.243788719177246,1.5758278369903564,8.27828598022461,2.132354736328125,0.002331549534574151,0.02845149253731343,0.003043109318241477,0.3844402985074627,0.0031443550251424313,0.2538992537313433,0.0019210462924093008,0.00914179104477612,0.0029080091044306755,0.1115858208955224,0.0026443826500326395,0.052649253731343285,0.0021505008917301893,0.00875,0.0025815346743911505,0.0407089552238806,0.002327551832422614,0.00332089552238806,-1419.5654257797273,1.1353434324264526,1.1246708155653335,0.5266813623066612,-0.20096857167864987,Alfred_Sisley_6.jpg,Alfred_Sisley,Impresionismo,4
151.85585,156.52063,146.36328,67.47825,70.82306,71.136444,0.0,0.0,0.0,255.0,255.0,248.0,0.14179274,0.13718228,0.62648815,0.2704192,0.27279341220855713,0.23292581737041473,0.21085941791534424,0.24999940051986916,0.17628200352191925,0.1685761958360672,3.9566941261291504,1.9335962533950806,7.661686420440674,3.488316297531128,4.12896728515625,2.2638161182403564,7.671116828918457,3.5217130184173584,0.003289816901087761,0.1405474048255924,0.003367644501850009,0.21126692064521357,0.003423889633268118,0.3591688957337008,0.0019160965457558632,0.017043581637891436,0.0025846983771771193,0.10784901785955527,0.0015831590862944722,0.0627543162843479,0.0015900508733466268,0.0003998811164248467,0.0018299405928701162,0.0019994055821242335,0.0017318027094006538,0.00030261273675393803,-1419.5654257797273,1.091245412826538,1.076896220918651,0.4976941025941822,-0.3241346755929577,Alfred_Sisley_7.jpg,Alfred_Sisley,Impresionismo,4
147.90695,145.83147,138.4416,38.261703,41.925488,38.412308,0.0,0.0,0.0,255.0,255.0,255.0,0.16876622,0.09814746,0.61103714,0.14958861,0.15383099019527435,0.42007315158843994,0.38134899735450745,0.25,0.430643767118454,0.4391254782676697,4.196300983428955,2.2433829307556152,7.234853744506836,2.0243723392486572,3.8348608016967773,1.951551914215088,7.242208003997803,2.123863697052002,0.00234888750128448,0.14045438534695315,0.0024881456047296524,0.13097334742280145,0.002456334652379155,0.06299166373136081,0.0019478779286146164,0.09648350358107315,0.0022121877409517765,0.16085476106610308,0.0021836361847817898,0.03783609252084067,0.0020666485652327538,0.06915580603498885,0.002205437980592251,0.07667018903369731,0.0022418552543967962,0.12389926030292356,-1419.5654257797273,0.9880199432373047,1.6097654894009348,0.5091144249654297,-0.17123945700323565,Alfred_Sisley_8.jpg,Alfred_Sisley,Impresionismo,4
157.92491,149.52213,139.12076,37.27282,43.920372,50.64105,4.0,0.0,0.0,255.0,255.0,255.0,0.18311317,0.15429288,0.6347374,0.15403004,0.16441921889781952,0.26500752568244934,0.2704349756240845,0.24999979128419494,0.3051145374774933,0.35623395442962646,3.8274195194244385,1.3788294792175293,7.493839263916016,2.0789997577667236,3.8241353034973145,1.5401520729064941,7.496647834777832,2.2036349773406982,0.0028400104492902756,0.19983141035772614,0.0028834519907832146,0.2703982177666388,0.0027723032981157303,0.12014269909006751,0.002574668964371085,0.07088291298817614,0.0026008218992501497,0.13432229221702907,0.0021925868932157755,0.08120150225413383,0.0015850377967581153,0.006261900998743104,0.0017463756958022714,0.008918693129219444,0.0016880892217159271,0.00848216637690322,-1419.188300806091,1.1208593845367432,1.3425637454808421,0.4932837633763374,-0.31043418939960987,Alfred_Sisley_9.jpg,Alfred_Sisley,Impresionismo,4
164.26828,165.16435,156.98828,47.34748,45.929714,45.971264,0.0,0.0,0.0,250.0,250.0,242.0,0.104211695,0.12598412,0.65951425,0.17435496,0.18078270554542542,0.27604344487190247,0.32652273774147034,0.25000110793503066,0.2643234133720398,0.3028854727745056,4.421073913574219,2.202458620071411,8.16254711151123,2.2019317150115967,4.5025224685668945,2.3917765617370605,8.172920227050781,2.286424398422241,0.0028781192377209663,0.08021208483393358,0.003123643808066845,0.40712284913965585,0.003008531406521797,0.2729891956782713,0.002209495287388563,0.005822328931572629,0.0024313111789524555,0.0962985194077631,0.002359224483370781,0.02701080432172869,0.0017631460214033723,0.000820328131252501,0.0023539999965578318,0.008083233293317327,0.002637325320392847,0.003721488595438175,-1419.5654257797273,0.9612084031105042,0.9607637776314683,0.5175788137508713,-0.1993844885187177,Camille_Pissarro_1.jpg,Camille_Pissarro,Impresionismo,4
140.41061,125.27772,112.94673,62.592617,72.441925,77.50547,0.0,0.0,0.0,255.0,253.0,255.0,0.30957532,0.25996363,0.5548528,0.24910814,0.2730970084667206,0.2695832848548889,0.2662828266620636,0.25,0.31988364458084106,0.349319189786911,3.3498401641845703,1.8425252437591553,6.387950897216797,3.4207170009613037,3.4652178287506104,2.0378053188323975,6.395750999450684,3.4601855278015137,0.0032187141478061676,0.37206439393939394,0.003155982121825218,0.2136126893939394,0.0029605855233967304,0.11242897727272727,0.0020172786898911,0.17462121212121212,0.0011170435464009643,0.008806818181818181,0.0014700585743412375,0.021543560606060608,0.0013095153262838721,4.734848484848485e-05,0.0013613593764603138,0.0003551136363636364,0.0011955957161262631,2.3674242424242424e-05,-1419.5654257797273,0.564599871635437,0.08772664465198585,0.4823125706700299,-0.13502686068129388,Camille_Pissarro_10.jpg,Camille_Pissarro,Impresionismo,4
136.40857,103.28514,63.39406,44.641876,46.93602,43.0972,4.0,0.0,0.0,255.0,254.0,239.0,0.5731098,0.22452563,0.5514491,0.17313462,0.16393038630485535,0.5274133682250977,0.3662981390953064,0.24999878203847783,0.5560434460639954,0.4723498821258545,3.184650182723999,2.2942583560943604,5.420516490936279,2.407991647720337,3.002685308456421,1.9814523458480835,5.4134202003479,2.3013033866882324,0.002004024339839816,0.21818181818181817,0.001969056436792016,0.1798274717982747,0.0018744077533483505,0.1344835213448352,0.0016869913088157773,0.07905330679053307,0.0017815404571592808,0.14019022340190224,0.0016401808243244886,0.06662242866622428,0.0013133350294083357,0.0036275160362751603,0.0014417547499760985,0.048263658482636584,0.001363144489005208,0.037602300376023,-1419.5654257797273,1.063639760017395,1.389776687095255,0.4943135655334015,-0.13193617802899038,Camille_Pissarro_2.jpg,Camille_Pissarro,Impresionismo,4
86.216774,79.86303,62.18205,46.852867,43.74431,40.866707,0.0,0.0,0.0,255.0,255.0,253.0,0.3564261,0.20410211,0.34493864,0.18345723,0.17248402535915375,0.300336092710495,0.2975984513759613,0.25,0.2818872928619385,0.33449774980545044,2.3726584911346436,1.6694939136505127,4.007765293121338,2.200315475463867,2.4155547618865967,1.9940587282180786,4.006303787231445,2.13431453704834,0.001157209393568337,0.15326286764705882,0.0015782671980559826,0.2382123161764706,0.001735549420118332,0.30903033088235293,0.0008399946964345872,0.0029871323529411763,0.001341984374448657,0.05618106617647059,0.0013082543155178428,0.09326746323529411,0.0007411272381432354,0.006318933823529412,0.0012035443214699626,0.02741268382352941,0.0011727602686733007,0.016704963235294117,-1419.5654257797273,1.090179443359375,0.5597099785763183,0.5492234376191608,-0.1649620658706728,Camille_Pissarro_3.jpg,Camille_Pissarro,Impresionismo,4
69.747765,70.07033,61.869144,62.93987,57.95853,46.104477,0.0,0.0,0.0,231.0,230.0,200.0,0.34699747,0.22018792,0.29590878,0.23005207,0.2267025113105774,0.148849219083786,0.15238896012306213,0.25,0.1312331110239029,0.15311622619628906,1.8435035943984985,1.5811131000518799,3.453932285308838,2.881335973739624,1.8005553483963013,1.5551217794418335,3.4533891677856445,2.910604238510132,0.0017690525855869055,0.0005322128851540616,0.0010920631466433406,0.0892717086834734,0.0023820986971259117,0.713641456582633,0.00133896479383111,8.403361344537815e-05,0.0007715967367403209,0.008627450980392156,0.0011715783039107919,0.08907563025210084,0.000374279246898368,0.0,0.0003608877887018025,0.00011204481792717087,0.0003041059535462409,0.0,-1419.5654257797273,0.7260403037071228,0.0861458053083948,0.5115152694201135,-0.14334274726795837,Camille_Pissarro_4.jpg,Camille_Pissarro,Impresionismo,4
150.28888,135.32549,102.89709,46.073654,54.552,56.93086,0.0,0.0,0.0,254.0,236.0,241.0,0.37616968,0.23482056,0.5981085,0.18304284,0.19932502508163452,0.3771129846572876,0.3471085727214813,0.25,0.36360964179039,0.38913238048553467,3.7550230026245117,1.8662726879119873,6.878389358520508,2.794628381729126,3.7405338287353516,1.9804662466049194,6.792218208312988,2.5826988220214844,0.0027577003929764032,0.4581845238095238,0.002597654704004526,0.1795138888888889,0.002867284696549177,0.2365079365079365,0.0020486845169216394,0.0035714285714285713,0.001758864731527865,0.0015873015873015873,0.0017722935881465673,0.003968253968253968,0.0017125379526987672,0.0019345238095238096,0.0017359635094180703,0.011061507936507937,0.0016175111522898078,0.007886904761904762,-1419.5654257797273,0.8389490842819214,0.015799000018338602,0.49611577107976357,-0.11785166946376115,Camille_Pissarro_5.jpg,Camille_Pissarro,Impresionismo,4
92.584076,92.83155,84.23725,44.66304,39.19428,42.40256,0.0,0.0,0.0,234.0,231.0,253.0,0.3433589,0.18520792,0.4180696,0.1717456,0.1538170874118805,0.47205251455307007,0.3254348635673523,0.2500010901368776,0.5570197105407715,0.48838669061660767,2.4870028495788574,1.4983118772506714,4.588749885559082,1.9330246448516846,2.4408562183380127,1.4626315832138062,4.588800430297852,2.0523314476013184,0.0016965806717053056,0.2021615875265769,0.001595573965460062,0.13359319631467045,0.0015455689281225204,0.0956177651783605,0.0012048729695379734,0.038172297031262306,0.0013192917685955763,0.060634695645326406,0.0010387459769845009,0.07215135050003937,0.0016271885251626372,0.12806126466650916,0.0013146518031135201,0.06996613906606819,0.0013531765434890985,0.09738955823293173,-1419.5654257797273,0.9352447390556335,0.6078680150222856,0.4864465440457463,-0.20897158585947231,Camille_Pissarro_6.jpg,Camille_Pissarro,Impresionismo,4
113.04082,125.33581,116.015274,65.99078,64.19405,67.00485,0.0,0.0,0.0,255.0,255.0,255.0,0.29648918,0.19201264,0.52180237,0.25243264,0.25216084718704224,0.4109826982021332,0.3723687529563904,0.25,0.4393473267555237,0.47533804178237915,3.1995387077331543,1.9552640914916992,6.014160633087158,3.303337574005127,3.202014923095703,2.0044643878936768,6.012442588806152,3.243939161300659,0.002059333957731724,0.07119799139167862,0.0030423887073993683,0.42455762792922047,0.0029451942536979914,0.36465805834528936,0.0014104220317676663,0.0019428503108560498,0.0008510710904374719,0.012553802008608322,0.0013556835474446416,0.02699067431850789,0.0015283258398994803,0.0001793400286944046,0.0017162770964205265,2.9890004782400767e-05,0.0017806116957217455,2.9890004782400767e-05,-1419.553928307238,0.4589524269104004,0.12524019690201968,0.5186046933477333,-0.18794816129388744,Camille_Pissarro_7.jpg,Camille_Pissarro,Impresionismo,4
151.48125,126.38568,90.37693,71.27738,57.011143,40.56511,0.0,0.0,0.0,255.0,238.0,216.0,0.3874602,0.15945613,0.5951825,0.278026,0.23053433001041412,0.3226231336593628,0.3306044042110443,0.2500018629050887,0.34072279930114746,0.3957917392253876,3.656255006790161,2.0424087047576904,6.496692657470703,2.888237714767456,3.532440185546875,1.8600451946258545,6.466788291931152,2.922736644744873,0.0027230530977249146,0.27853973376361435,0.002776029286906123,0.2408229124647035,0.002760927192866802,0.127470754336426,0.0016018303576856852,0.025413473174667203,0.002341636223718524,0.19665187575635337,0.0019383588805794716,0.013110125050423558,0.0011701923795044422,0.004033884630899556,0.0014010980958119035,0.01189995966115369,0.0012595053995028138,0.004033884630899556,-1419.5654257797273,1.1725951433181763,1.962209106534672,0.506433696296989,-0.09539956879577391,Camille_Pissarro_8.jpg,Camille_Pissarro,Impresionismo,4
123.85473,105.4796,97.532074,71.123665,74.49453,72.28983,0.0,0.0,0.0,255.0,255.0,255.0,0.27599323,0.1802853,0.4876842,0.27735814,0.2849731743335724,0.3736349940299988,0.34963512420654297,0.25,0.4690600037574768,0.5045059323310852,2.8679585456848145,2.0692172050476074,5.471662521362305,3.6453769207000732,2.924041271209717,2.2415366172790527,5.473592281341553,3.6055707931518555,0.003087628399953246,0.3659382931472081,0.0030296738259494305,0.4269709708121827,0.0010100265499204397,1.9828680203045684e-05,0.0010545023251324892,0.008863420050761421,0.001522047445178032,0.05101919416243655,0.0011916287476196885,5.948604060913706e-05,0.0015444864984601736,0.0,0.0015573682030662894,0.0,0.0012383663561195135,0.0,-1352.4976540122423,0.8990936279296875,0.5383845800320142,0.44890381445638367,-0.18889296766442615,Camille_Pissarro_9.jpg,Camille_Pissarro,Impresionismo,4
71.072754,53.97548,50.420124,34.02785,22.827997,15.507784,14.0,0.0,0.0,255.0,255.0,199.0,0.25783807,0.12032058,0.27877823,0.13342567,0.09782563894987106,0.13494284451007843,0.2036779224872589,0.25,0.12992727756500244,0.22343432903289795,1.5807377099990845,1.2352908849716187,2.9292006492614746,1.4854573011398315,1.5242502689361572,1.0117908716201782,2.922180652618408,1.272325038909912,0.0006525371572934091,0.00713768115942029,0.0010348932119086385,0.1431159420289855,0.001267892075702548,0.29746376811594205,0.0007206772570498288,0.059347826086956525,0.0008513749344274402,0.07561594202898551,0.0009509539813734591,0.10967391304347826,0.0007128968718461692,0.014673913043478261,0.0008331416174769402,0.011702898550724638,0.001091421814635396,0.17565217391304347,-1419.5654257797273,0.9441213607788086,0.7609073570956503,0.5500320082160837,-0.20757469674221293,Caravaggio_1.jpg,Caravaggio,Barroco,3
125.00484,92.028015,71.44192,62.245205,54.11619,42.427216,20.0,17.0,3.0,255.0,248.0,222.0,0.40401968,0.1743562,0.4908932,0.24375673,0.21397367119789124,0.11697685718536377,0.18460635840892792,0.25,0.0662742480635643,0.09184300154447556,2.6273422241210938,1.7532999515533447,4.992129325866699,2.8128550052642822,2.562295913696289,1.623864769935608,4.985960006713867,2.769775390625,0.0013885349035263062,0.0609550193429939,0.0014995664823800325,0.03202249032850305,0.0015497856074944139,0.028440757983083077,0.0018074209801852703,0.1595633073241099,0.002006008755415678,0.1863976132712609,0.0020556782837957144,0.2096993639761327,0.0014271133113652468,0.18387318864336766,0.0009133365238085389,0.013908924004983279,0.001176003715954721,0.022277227722772276,-1419.5654257797273,1.3060389757156372,1.869922522491772,0.505112076646007,-0.29885939835355035,Caravaggio_10.jpg,Caravaggio,Barroco,3
103.815865,84.65545,78.92033,74.198524,68.61167,56.64902,3.0,0.0,0.0,255.0,255.0,255.0,0.26790094,0.121973515,0.41156805,0.28715402,0.26801708340644836,0.22566208243370056,0.3656424880027771,0.25000133896770943,0.18959742784500122,0.3058234453201294,2.604954242706299,2.607180118560791,4.549591541290283,3.6642565727233887,2.4824416637420654,2.2846245765686035,4.503555774688721,3.4123594760894775,0.0009531332179903984,0.0036221385105766443,0.0011574174277484417,0.10055056505360765,0.0007439469918608665,0.00012073795035255481,0.001469455542974174,0.035400367043369074,0.0025592332240194082,0.3969139379889887,0.0020254701375961304,0.2257316719791365,0.0013208688469603658,0.010938858301941466,0.0013650221517309546,0.08632763450207669,0.0008243914344348013,0.04201680672268908,-1408.0834259026924,1.8546617031097412,3.9619954264643553,0.49636558541492654,-0.2637232623798795,Caravaggio_2.jpg,Caravaggio,Barroco,3
87.44987,72.515816,68.95495,71.58251,60.29556,48.702717,3.0,0.0,0.0,255.0,255.0,255.0,0.20726492,0.1355508,0.3493711,0.27749208,0.24207574129104614,0.2025168538093567,0.322283536195755,0.25,0.16688783466815948,0.2660451829433441,2.156320810317993,2.2426342964172363,3.8755428791046143,3.2584433555603027,2.0318148136138916,1.9123066663742065,3.8668503761291504,3.200282573699951,0.0011918734526261687,0.05346467391304348,0.0007381283794529736,0.0014266304347826087,0.0007254356169141829,0.014877717391304349,0.0017640647711232305,0.3070425724637681,0.0008849292644299567,0.04868659420289855,0.0010311759542673826,0.10011322463768116,0.0017720817122608423,0.22647192028985508,0.0013209491735324264,0.09832427536231884,0.0011594973038882017,0.05355525362318841,-1417.1664971779549,0.7521904706954956,0.48473153319178824,0.4497735149969811,-0.21578728066764402,Caravaggio_3.jpg,Caravaggio,Barroco,3
55.00221,49.785984,48.179764,50.93335,42.21779,34.800404,0.0,0.0,0.0,255.0,255.0,255.0,0.24214937,0.13684282,0.23353112,0.19113594,0.17090792953968048,0.1565665751695633,0.21900160610675812,0.25,0.12997260689735413,0.18175910413265228,1.3697798252105713,1.4403185844421387,2.601423740386963,2.3785064220428467,1.4339911937713623,1.5671886205673218,2.568850517272949,2.2190616130828857,0.0004045315145049244,3.538820864887819e-05,0.0006441817968152463,0.07217425153938707,0.0010754032991826534,0.12589355226838417,0.0004094457544852048,0.004653549437327482,0.0010563656687736511,0.2156557435062637,0.0011576046235859394,0.17133201217354377,0.0008221277967095375,0.19656380494019393,0.0007739784196019173,0.08385236039351689,0.0007345221820287406,0.03236251680939911,-1417.4229522827286,1.3431694507598877,2.150528144401114,0.569480092162127,-0.21638368437479835,Caravaggio_4.jpg,Caravaggio,Barroco,3
110.7813,92.18827,83.29559,65.94027,64.21091,55.366547,21.0,13.0,0.0,240.0,233.0,224.0,0.28140783,0.12510471,0.43488446,0.25837564,0.2485419511795044,0.15010112524032593,0.19100429117679596,0.25000029065745555,0.09435850381851196,0.10648762434720993,2.5366759300231934,1.9171243906021118,4.833645820617676,3.2090258598327637,2.549943447113037,1.9239838123321533,4.858501434326172,3.2861764430999756,0.0006213714950717986,0.0,0.00117381545715034,4.19533478771606e-05,0.0007634620415046811,0.0,0.0021525078918784857,0.18683399060245007,0.002618864644318819,0.4178238798456117,0.0011648667277768254,0.08037212619567041,0.001972969388589263,0.11935203054203726,0.0017565200105309486,0.06824236449068635,0.0011684175115078688,0.029052693404933713,-1419.5654257797273,1.759873390197754,4.170272981966006,0.45369546179915016,-0.5615032036934554,Caravaggio_5.jpg,Caravaggio,Barroco,3
66.211,57.366486,41.626602,45.97565,42.754475,36.474762,0.0,0.0,0.0,254.0,254.0,230.0,0.4037677,0.1676544,0.26158834,0.1797707,0.16706769168376923,0.1323731243610382,0.2050860971212387,0.25,0.09362012147903442,0.1487610638141632,1.5840392112731934,1.4820623397827148,2.926405668258667,2.257391929626465,1.5936694145202637,1.4890105724334717,2.921015501022339,2.1482203006744385,0.0013000455219298601,0.07102821801314263,0.0008239101152867079,0.09232057724520036,0.0007505753310397267,0.0,0.0017979315016418695,0.4538397113773998,0.0007186045404523611,0.05621053987888159,0.0007042690413072705,0.0018683159386676976,0.0008922136039473116,0.16682772838551732,0.0005424455739557743,0.050025769875016106,0.0005358795751817524,0.013078211570673882,-1419.5654257797273,0.8018186688423157,0.558876852728388,0.40591044086485195,-0.19021835142684496,Caravaggio_6.jpg,Caravaggio,Barroco,3
80.3921,65.68322,34.088776,74.67139,50.604565,30.240242,0.0,1.0,0.0,255.0,255.0,253.0,0.4607371,0.24743813,0.32909018,0.28439906,0.20882104337215424,0.21648797392845154,0.3200133442878723,0.25000161324669123,0.19141614437103271,0.28086352348327637,1.9606629610061646,2.1058874130249023,3.413442850112915,2.9583091735839844,1.931816577911377,2.0439398288726807,3.346379518508911,2.620089292526245,0.0009907716885209084,0.1794229087729525,0.0012708884896710515,0.2111920722821335,0.0006560033652931452,0.03278927426406295,0.0011141672730445862,0.13611192072282133,0.0015205276431515813,0.24331098805013116,0.0005881627439521253,0.0,0.0009192288853228092,0.012736811425240455,0.0011343916412442923,0.060448848732148064,0.0010023387148976326,0.02684348586417954,-1419.515723662848,1.488027572631836,2.4254121609765242,0.4736911703308823,-0.2506675585303387,Caravaggio_7.jpg,Caravaggio,Barroco,3
82.31717,67.176956,50.557922,50.9409,38.189167,26.888765,14.0,12.0,0.0,255.0,255.0,255.0,0.3354242,0.16882451,0.3252386,0.19881965,0.15448209643363953,0.16606810688972473,0.25005650520324707,0.25,0.12740828096866608,0.18594349920749664,1.865841269493103,1.603247880935669,3.4965250492095947,2.238668441772461,1.8916423320770264,1.7956947088241577,3.483240842819214,2.0775322914123535,0.001077465363778174,0.09932692307692308,0.001115304185077548,0.09036538461538461,0.0010630892356857657,0.08353846153846153,0.0013745432952418923,0.24494230769230768,0.0011413047323003411,0.10655769230769231,0.0009223679662682116,0.03001923076923077,0.0008529977058060467,0.00976923076923077,0.0010737762786448002,0.09523076923076923,0.001040925271809101,0.14025,-1417.1578245783048,1.063122272491455,1.0655768165192416,0.4902273425378534,-0.21037361152298611,Caravaggio_8.jpg,Caravaggio,Barroco,3
81.36152,52.2251,44.96614,37.95176,26.645718,20.238605,20.0,23.0,10.0,249.0,227.0,205.0,0.4080555,0.16728796,0.31950682,0.14896464,0.11273636668920517,0.09045718610286713,0.1274489462375641,0.25000024677148863,0.04747450724244118,0.06047794222831726,1.587390422821045,1.3008854389190674,3.002021074295044,1.5996092557907104,1.5246027708053589,0.9369296431541443,2.9970204830169678,1.5000416040420532,0.0006866438197903335,0.008890412422537217,0.0006336804945021868,0.0,0.0007728356868028641,0.0044207208490633235,0.0010597103973850608,0.16036131490846928,0.0009833051590248942,0.11815300235059477,0.0012468970380723476,0.19670204430514993,0.0007548925350420177,0.03419046940665289,0.0011192495003342628,0.1832306432082057,0.0010706641478464007,0.18854174086473396,-1419.5654257797273,1.0626535415649414,1.1888075887742409,0.5241187739714027,-0.6302730604208486,Caravaggio_9.jpg,Caravaggio,Barroco,3
97.153465,132.64879,127.7409,40.261604,37.942482,30.745213,0.0,0.0,0.0,255.0,255.0,255.0,0.32512194,0.13153191,0.5392567,0.13828163,0.14566268026828766,0.4239864647388458,0.288534939289093,0.2500017143836791,0.4588160514831543,0.4063653349876404,3.121251106262207,1.6975563764572144,6.033607006072998,2.1249043941497803,3.216221570968628,1.9582208395004272,6.030553340911865,2.111931324005127,0.0020801175851374865,0.14491809381980642,0.002057418692857027,0.15552866716306776,0.001658816821873188,0.06018863241499131,0.0017759990878403187,0.053332092330603126,0.001994599122554064,0.14203276247207744,0.0016239541582763195,0.027519235542318193,0.0019989334978163242,0.1331595929511045,0.002043173648416996,0.12248696947133283,0.001546270214021206,0.039029535864978905,-1419.5654257797273,1.0698487758636475,1.4555923047234296,0.4767977635459558,-0.16420633533654375,Claude_Monet_1.jpg,Claude_Monet,Impresionismo,4
103.65795,94.311264,70.27585,55.484673,55.37387,48.337532,0.0,0.0,0.0,255.0,255.0,255.0,0.34593293,0.20275947,0.41105592,0.21934403,0.21029724180698395,0.3040226995944977,0.31888246536254883,0.25,0.23819027841091156,0.2579108774662018,2.6600890159606934,2.0889382362365723,4.771936416625977,2.9955801963806152,2.7914600372314453,2.2722861766815186,4.748462677001953,2.8592422008514404,0.0010687262983992696,0.022233952702702703,0.0016585668781772256,0.06801097972972973,0.0012846934841945767,0.009417229729729729,0.0013550235889852047,0.19900760135135134,0.001911073224619031,0.17894847972972974,0.0020102113485336304,0.24835304054054055,0.0010576994391158223,0.04746621621621622,0.0013821774628013372,0.06594172297297297,0.0013381694443523884,0.0620777027027027,-1419.5149878434358,1.316324234008789,1.7865924714784216,0.5289260442053948,-0.2646863359043114,Claude_Monet_10.jpg,Claude_Monet,Impresionismo,4
110.7514,112.8438,111.57257,45.027206,51.943348,66.19628,0.0,1.0,0.0,255.0,255.0,255.0,0.33220547,0.1634157,0.5150091,0.21662919,0.19607144594192505,0.38075119256973267,0.30981194972991943,0.25,0.3746488690376282,0.36794403195381165,2.8853182792663574,1.7138128280639648,5.576098918914795,2.6898157596588135,3.0810086727142334,2.3851370811462402,5.58187198638916,2.7645363807678223,0.0022701923735439777,0.20526960784313725,0.002057186793535948,0.2108718487394958,0.0018868771148845553,0.2189250700280112,0.002191736362874508,0.09217436974789917,0.0017276332946494222,0.08347922502334267,0.0011880687670782208,0.0032971521942110177,0.0017694518901407719,0.0678688141923436,0.0013592636678367853,0.020570728291316526,0.0010790841188281775,0.0024218020541549954,-1419.5440789090594,1.0012308359146118,0.8302914174829978,0.45032805420750677,-0.1587874750848306,Claude_Monet_11.jpg,Claude_Monet,Impresionismo,4
162.52954,156.38507,121.16526,43.08575,46.539528,70.81244,0.0,0.0,0.0,255.0,255.0,239.0,0.32764614,0.32079878,0.6451956,0.17124718,0.18477176129817963,0.2443314492702484,0.3411942422389984,0.25,0.21801474690437317,0.3725961446762085,4.164133548736572,1.967448353767395,7.691623210906982,2.3102121353149414,4.141609191894531,1.849129319190979,7.690841197967529,2.3712048530578613,0.0029561833944171667,0.4813798653789874,0.002856362611055374,0.2247585601404741,0.0028432083781808615,0.0524948785484343,0.001799322199076414,0.01807140766754463,0.002063403371721506,0.03548434299092772,0.0025067925453186035,0.061311091600819434,0.00189080776181072,0.011633011413520631,0.0021104789339005947,0.007901668129938543,0.0023823196534067392,0.009438103599648815,-1419.5654257797273,0.8674229383468628,0.3538710632100631,0.5163002812979688,-0.1301858721508726,Claude_Monet_12.jpg,Claude_Monet,Impresionismo,4
110.25769,111.76533,108.964,46.404827,46.184784,43.48592,0.0,0.0,0.0,255.0,255.0,255.0,0.21368861,0.15475139,0.47914565,0.17868353,0.17627418041229248,0.42043399810791016,0.3325129449367523,0.25,0.4103768467903137,0.37177038192749023,3.232002019882202,2.32639479637146,5.53253698348999,2.4503350257873535,3.0246362686157227,2.023271322250366,5.575085163116455,2.62984037399292,0.0016488630790263414,0.038717948717948716,0.002305894624441862,0.30327838827838827,0.002083242405205965,0.29655677655677654,0.0013965732650831342,0.005384615384615384,0.00170144101139158,0.09435897435897436,0.001281029311940074,0.0928021978021978,0.0017886724090203643,0.02434065934065934,0.0018937085988000035,0.042032967032967036,0.0012575070140883327,0.002014652014652015,-1419.498412262752,0.9971314072608948,0.9441276136291927,0.49261721645966466,-0.274611448504901,Claude_Monet_13.jpg,Claude_Monet,Impresionismo,4
113.952965,111.48348,107.55945,51.875114,49.587776,48.835293,6.0,0.0,0.0,255.0,255.0,255.0,0.24992605,0.14207894,0.49312365,0.19478036,0.1915157437324524,0.2722531259059906,0.2795652747154236,0.25000131556098154,0.25478142499923706,0.2860245406627655,2.9413108825683594,1.7287956476211548,5.580846309661865,2.6464242935180664,3.089993476867676,2.0972957611083984,5.587595462799072,2.6129913330078125,0.0023326606024056673,0.31208357129259473,0.002159705851227045,0.2187797449076718,0.0020896822679787874,0.25842375785265564,0.0016940991627052426,0.03702646106986484,0.0016146247508004308,0.03112507138777841,0.0012789251049980521,0.004711593375214164,0.0017452503088861704,0.03129164287074053,0.00134752388112247,0.006520083761660004,0.0012154836440458894,9.518370454978108e-05,-1419.5560981542446,0.9388538599014282,0.31123093334588653,0.4720890722264922,-0.19135935546177738,Claude_Monet_14.jpg,Claude_Monet,Impresionismo,4
157.94597,165.42017,153.61761,60.4425,49.471973,51.05885,0.0,0.0,0.0,255.0,241.0,255.0,0.20012239,0.16845648,0.67914766,0.19436756,0.2033490389585495,0.2728506326675415,0.2918195426464081,0.2500018806749366,0.22950199246406555,0.29800719022750854,4.077879905700684,1.5834686756134033,8.038307189941406,2.639308452606201,4.377452373504639,1.972959041595459,8.048195838928223,2.7972302436828613,0.0031245227437466383,0.1545479302832244,0.0032293510157614946,0.3673066448801743,0.002866442082449794,3.4041394335511986e-05,0.002219020389020443,0.0204588779956427,0.0024591097608208656,0.04963235294117647,0.001873853849247098,0.009259259259259259,0.0027847629971802235,0.17378131808278868,0.002468070248141885,0.11829384531590414,0.0013864570064470172,0.0,-1419.5654257797273,0.9875202775001526,0.5000380564735686,0.4663950552454533,-0.13910144417080386,Claude_Monet_15.jpg,Claude_Monet,Impresionismo,4
127.92107,113.483894,82.42337,73.05527,66.31287,49.298813,0.0,0.0,0.0,255.0,255.0,243.0,0.3725833,0.16937894,0.5043344,0.28406665,0.25902703404426575,0.445487380027771,0.36813420057296753,0.25,0.4536760151386261,0.4198841154575348,3.337489604949951,2.3914120197296143,5.7953596115112305,3.386502504348755,3.7151403427124023,2.7365593910217285,5.752495765686035,3.2671351432800293,0.0020559842232614756,0.1676561533704391,0.0026001567021012306,0.42769016697588125,0.001993422629311681,0.1682591218305504,0.002060915809124708,0.05456091527520099,0.0018311610911041498,0.05316944959802103,0.0016407381044700742,0.016311069882498454,0.0011090976186096668,0.0003246753246753247,0.0013816034188494086,0.0068954854669140385,0.0011664765188470483,0.007714904143475572,-1419.5654257797273,1.04045569896698,0.5301734684347833,0.48830832497654014,-0.2079905061817808,Claude_Monet_16.jpg,Claude_Monet,Impresionismo,4
181.72615,175.42601,163.51468,26.646639,24.97304,23.46314,0.0,0.0,0.0,255.0,255.0,255.0,0.1436096,0.08548502,0.7298678,0.09042685,0.09400932490825653,0.22924576699733734,0.215396910905838,0.25,0.2513412833213806,0.26088252663612366,4.43189001083374,1.2311768531799316,8.73652172088623,1.189495325088501,4.439445495605469,1.3761473894119263,8.737543106079102,1.4259650707244873,0.002889797789976001,0.085377804372523,0.002866217168048024,0.22277146152578678,0.00272698188200593,0.18520349316197068,0.0025983487721532583,0.020761245674740483,0.002542677102610469,0.030985768920571324,0.0024161983747035265,0.022625768573683345,0.002747888211160898,0.05695900651282185,0.0027737831696867943,0.08698216128556686,0.002779650269076228,0.1796099244651421,-1418.914218216673,0.940121591091156,0.3128903881606893,0.4947143116287912,-0.30318102706863914,Claude_Monet_17.jpg,Claude_Monet,Impresionismo,4
101.10288,101.41977,72.2313,54.188736,53.289856,43.761272,0.0,0.0,0.0,255.0,255.0,254.0,0.37514484,0.22474793,0.4223892,0.21044843,0.20076407492160797,0.5935638546943665,0.3992188274860382,0.25,0.6393508315086365,0.5380859971046448,2.8817620277404785,1.9849653244018555,4.9595160484313965,2.7776849269866943,3.062518358230591,2.1591386795043945,5.0127153396606445,2.8792660236358643,0.0011029649758711457,0.018095553348780758,0.0011725020594894886,0.04245283018867924,0.0012559958267956972,0.03657729228732208,0.001614752341993153,0.08609180183162309,0.0013820553431287408,0.034342932803707385,0.001527924556285143,0.04796976718525874,0.001995914615690708,0.2834878075692376,0.0021606069058179855,0.3114862628268785,0.0013471017591655254,0.038811651770936775,-1419.5654257797273,0.9172995686531067,0.3436905367354076,0.4867015032398597,-0.24508410151057536,Claude_Monet_18.jpg,Claude_Monet,Impresionismo,4
150.45717,165.48499,191.27155,38.73742,29.585384,26.868937,26.0,41.0,47.0,238.0,233.0,245.0,0.2295935,0.11815502,0.7516737,0.104268394,0.12287187576293945,0.12009988725185394,0.08185496926307678,0.25,0.10364844650030136,0.09466893970966339,4.091549873352051,0.9802557826042175,8.14168930053711,1.5831575393676758,4.0917649269104,0.9458982348442078,8.1417236328125,1.6029719114303589,0.001944157644174993,0.0,0.00257822941057384,0.10562493153686055,0.002751519437879324,0.08793405630408588,0.002127654617652297,0.0,0.0030644654761999846,0.28987293241318873,0.0027074976824223995,0.09940847847518895,0.002101953374221921,2.738525577828897e-05,0.0026277946308255196,0.165845108993318,0.0028025642968714237,0.15582210537846425,-1419.5654257797273,1.2146692276000977,2.8841958983125413,0.5301532294848291,-0.19023588769138958,Claude_Monet_19.jpg,Claude_Monet,Impresionismo,4
160.2224,162.6551,157.42094,40.176334,36.815372,47.060966,0.0,0.0,0.0,255.0,255.0,255.0,0.16794786,0.13807298,0.6773254,0.15150556,0.14825844764709473,0.3316144645214081,0.330375075340271,0.25,0.36666369438171387,0.392181932926178,4.146484375,1.4566410779953003,8.03604507446289,2.0953238010406494,4.321576118469238,1.9959760904312134,8.0252046585083,2.0009965896606445,0.0026857813354581594,0.0037578253841925187,0.002613021293655038,0.008451004684974442,0.0025262213312089443,0.010740160322943247,0.002743070712313056,0.16189827615914143,0.002420734381303191,0.11298911215221655,0.0018477069679647684,0.0511819099270588,0.002658901968970895,0.28918025254555746,0.0024924881290644407,0.11677975697207886,0.0023383169900625944,0.1444711558184757,-1419.5619527502686,0.9758257269859314,1.1305826059851405,0.4783925787316757,-0.32103089619942055,Claude_Monet_2.jpg,Claude_Monet,Impresionismo,4
203.13861,208.75377,199.02542,36.40889,28.986671,40.06996,9.0,18.0,23.0,251.0,248.0,255.0,0.16450638,0.11747854,0.86230344,0.10898832,0.11793503165245056,0.11382284760475159,0.1300751268863678,0.25,0.09951545298099518,0.12149301916360855,5.140038967132568,0.8786389827728271,10.22439193725586,1.4968078136444092,5.162688255310059,1.0951775312423706,10.222883224487305,1.5935096740722656,0.003294493770226836,0.017028765909832627,0.0032585603184998035,0.018940276935987693,0.0032727529760450125,0.028410415403981537,0.002935367403551936,0.15620774861298894,0.002624651649966836,0.018759615832905963,0.002845597919076681,0.016073010396755093,0.003463861532509327,0.4272984754534011,0.003441727953031659,0.16506597044151242,0.0033503901213407516,0.04056133153060749,-1419.5654257797273,0.8292012810707092,0.19005725180828717,0.4967656294711747,-0.38063540006873947,Claude_Monet_20.jpg,Claude_Monet,Impresionismo,4
126.19292,130.50995,124.17228,53.43285,54.10204,52.85654,0.0,0.0,0.0,255.0,255.0,255.0,0.27150378,0.17796038,0.5715034,0.19568332,0.20116595923900604,0.6073120832443237,0.4469059705734253,0.2500010269006905,0.6377987861633301,0.5649569034576416,3.778956651687622,2.5333824157714844,6.456997394561768,2.981285810470581,3.724579095840454,2.5038630962371826,6.496018886566162,3.2204954624176025,0.002065754495561123,0.20681075460487225,0.001857543713413179,0.10518790849673203,0.0016992914024740458,0.1031454248366013,0.0019314378732815385,0.09939468211527035,0.0017648268258199096,0.030878639334521688,0.0017473449697718024,0.06108882947118241,0.0023014203179627657,0.13812759952465833,0.0021352097392082214,0.05470142602495544,0.0022551813162863255,0.09349004753416518,-1419.4921693908427,0.8944336771965027,0.3112677500056727,0.4903102808824366,-0.2886159955276513,Claude_Monet_21.jpg,Claude_Monet,Impresionismo,4
137.61482,145.2529,137.41429,51.07509,49.631214,52.74355,0.0,0.0,0.0,240.0,239.0,246.0,0.17279963,0.15033779,0.5905377,0.1854904,0.1950332671403885,0.3402056396007538,0.31858137249946594,0.25000159360518115,0.2988753616809845,0.32945263385772705,3.8649635314941406,2.0656793117523193,7.061452388763428,2.655412197113037,3.719316005706787,1.843981385231018,7.068722724914551,2.697571039199829,0.002623142208904028,0.1094002306805075,0.0027916247490793467,0.15853517877739332,0.0023899320513010025,0.03814878892733564,0.0016857031732797623,0.01124567474048443,0.0018350007012486458,0.1092560553633218,0.0015279529616236687,0.01257208765859285,0.0023110327310860157,0.05692041522491349,0.0026643716264516115,0.3641291810841984,0.0018317974172532558,0.043050749711649364,-1419.5654257797273,0.8400031328201294,1.0886192051780283,0.48109811983500234,-0.17341359052488894,Claude_Monet_22.jpg,Claude_Monet,Impresionismo,4
145.1262,154.48949,136.78383,62.75952,57.15294,57.863575,0.0,0.0,0.0,255.0,255.0,255.0,0.23180611,0.16920984,0.62446797,0.22396764,0.2272818386554718,0.3302886188030243,0.28920263051986694,0.25,0.3126671314239502,0.3342753052711487,3.837491512298584,1.8783440589904785,7.446451187133789,2.9579100608825684,3.994562864303589,2.163236379623413,7.452702045440674,3.042407751083374,0.0024832705967128277,0.07815904139433551,0.0021493840031325817,0.014373033163882836,0.0029308528173714876,0.13873759380295328,0.0026319888420403004,0.2742072137496974,0.0027094411198049784,0.11794964899540063,0.0027901683934032917,0.2431614621157105,0.001058087102137506,0.0019365770999757927,0.0019691463094204664,0.01615831517792302,0.0020376008469611406,0.021514161220043574,-1419.5654257797273,1.1746114492416382,1.171430363155845,0.5323685855420707,-0.1567227483235169,Claude_Monet_23.jpg,Claude_Monet,Impresionismo,4
107.80483,104.28313,91.43899,47.125698,48.225487,48.332527,0.0,0.0,0.0,231.0,230.0,218.0,0.21864964,0.17922357,0.4321069,0.18522666,0.1865784227848053,0.2901718318462372,0.2397669106721878,0.25,0.330547034740448,0.31935539841651917,2.7625203132629395,1.6511493921279907,5.165430545806885,2.3952748775482178,2.7685039043426514,1.5958236455917358,5.175583362579346,2.439450979232788,0.0011703439522534609,0.0001512950859356088,0.0016464574728161097,0.05891430646332607,0.002753600012511015,0.5055071411280562,0.001274639624170959,0.00051440329218107,0.0015032654628157616,0.04702251270878722,0.0018902828451246023,0.26978939724037765,0.0011684199562296271,0.00051440329218107,0.001487830770201981,0.005476882110869039,0.0014818423660472035,0.01065117404986686,-1419.5654257797273,0.941058874130249,0.47098833470718904,0.561416705549224,-0.21324554617859323,Claude_Monet_24.jpg,Claude_Monet,Impresionismo,4
135.41028,146.47676,149.24341,43.660416,45.92542,51.155006,0.0,0.0,0.0,255.0,255.0,255.0,0.17014168,0.13338056,0.60491824,0.17862953,0.17766524851322174,0.3083547055721283,0.3464551568031311,0.25000043650509574,0.2814006507396698,0.3608035147190094,3.7461998462677,1.610365867614746,7.15932035446167,2.4360857009887695,3.9687256813049316,2.0330417156219482,7.163340091705322,2.526486396789551,0.0021830680780112743,0.0032073509015256587,0.002686422783881426,0.022301727398814777,0.0026556223165243864,0.012041356701550876,0.0015583982458338141,0.022806077417727902,0.002307886490598321,0.15221125961417223,0.002061705570667982,0.026431093178665994,0.0016017169691622257,0.0464159626780986,0.0023185964673757553,0.33497509771781614,0.002507369499653578,0.2820735090152566,-1419.5654257797273,1.0447717905044556,1.517957567425083,0.5332844459332373,-0.3117686847717923,Claude_Monet_25.jpg,Claude_Monet,Impresionismo,4
157.08333,156.02318,155.31137,40.52964,38.726997,45.549458,0.0,0.0,0.0,255.0,255.0,255.0,0.17882359,0.14471029,0.6704395,0.1507586,0.150294229388237,0.4258649945259094,0.3119385540485382,0.25000176644739164,0.4446772634983063,0.3884834945201874,4.179418087005615,1.9889631271362305,7.773930072784424,2.162811756134033,4.09023904800415,2.0678203105926514,7.773350715637207,2.219583749771118,0.0023274163249880075,0.05558759451493016,0.002477966481819749,0.07128668460848392,0.0023619334679096937,0.02640010252467,0.0024670143611729145,0.1377995642701525,0.0028381161391735077,0.2554786620530565,0.002692802809178829,0.1652249134948097,0.0020745901856571436,0.037613738305779826,0.002261703135445714,0.054145841343073174,0.0021519209258258343,0.10297321542996284,-1419.4636712631338,1.1796236038208008,2.536438569129185,0.5040135291989499,-0.15817326526786193,Claude_Monet_26.jpg,Claude_Monet,Impresionismo,4
133.72401,148.21584,139.97884,54.412663,35.087605,38.719917,0.0,0.0,0.0,255.0,255.0,255.0,0.3540231,0.22281842,0.6599547,0.12056136,0.1424778699874878,0.3214694559574127,0.26942017674446106,0.25000047695633176,0.3628484308719635,0.34791356325149536,3.621389865875244,1.4733021259307861,7.102278709411621,2.000410795211792,3.6521172523498535,1.6677680015563965,7.1046223640441895,2.0010573863983154,0.002180098555982113,0.001839230617173601,0.001955151092261076,0.004692616434470964,0.001826826250180602,0.0004898885288733423,0.0021575891878455877,0.08053939305389633,0.002236265456303954,0.1288836557716604,0.0021365731954574585,0.11727243818380274,0.002303045243024826,0.1443194416989678,0.0024870450142771006,0.20662123022182496,0.0024999892339110374,0.2153360893144139,-1419.5654257797273,1.0173745155334473,1.2888450442956843,0.4948213939320299,-0.3367671408496802,Claude_Monet_27.jpg,Claude_Monet,Impresionismo,4
159.00404,165.63167,157.68707,54.617134,55.756992,61.168972,0.0,0.0,0.0,255.0,255.0,255.0,0.26441413,0.18138647,0.71552724,0.21054237,0.20260560512542725,0.4502791464328766,0.3719232976436615,0.25,0.45842111110687256,0.4460581839084625,4.307832717895508,2.0470223426818848,8.100025177001953,2.684136152267456,4.4275078773498535,2.4348983764648438,8.123519897460938,2.77178692817688,0.002656429773196578,0.12554123711340207,0.0027277194894850254,0.1224914089347079,0.0024550147354602814,0.013075601374570447,0.0021885926835238934,0.04077319587628866,0.0021767616271972656,0.05105670103092783,0.001910699880681932,0.03439003436426117,0.0026436627376824617,0.12463058419243986,0.002997561125084758,0.24710481099656356,0.0027650564443320036,0.14092783505154638,-1417.2821999636694,0.8698700666427612,0.5105718329809322,0.4928496824734183,-0.31397494168109474,Claude_Monet_28.jpg,Claude_Monet,Impresionismo,4
113.31277,125.01833,131.77621,68.526695,66.25379,67.72122,0.0,0.0,0.0,255.0,255.0,255.0,0.26066786,0.17561802,0.54454213,0.26216003,0.2596510052680969,0.3110867142677307,0.31953150033950806,0.25,0.25944840908050537,0.31836843490600586,3.138723611831665,1.9070087671279907,6.079780101776123,3.3169562816619873,3.439497232437134,2.5620763301849365,6.133275032043457,3.59157395362854,0.002176967915147543,0.03287542561934954,0.0028796945698559284,0.24577315956322648,0.003398881061002612,0.5504285546553951,0.0012368044117465615,0.00029353058588704945,0.0016050725243985653,0.0005283550545966889,0.001999031752347946,0.04080075143829987,0.0006589574040845037,0.0003228836444757544,0.0016094179591163993,0.01573323940354585,0.0013596084900200367,0.008512386990724433,-1419.4292499658325,0.8535336256027222,0.005311474875881333,0.5573121141368327,-0.13924056275627966,Claude_Monet_29.jpg,Claude_Monet,Impresionismo,4
72.19912,88.29547,99.58707,35.773174,40.108383,41.85707,0.0,0.0,0.0,255.0,255.0,255.0,0.29031014,0.12376562,0.3960748,0.1688401,0.150527223944664,0.274626225233078,0.25681546330451965,0.24999931129476585,0.26967692375183105,0.2726273238658905,2.1564812660217285,1.2475591897964478,4.216771125793457,1.98785400390625,2.310978412628174,1.8130980730056763,4.21810245513916,1.9671149253845215,0.0016728152986615896,0.18812717337307502,0.0014130143681541085,0.10430948832588177,0.0012299885274842381,0.06698335817188276,0.0013559197541326284,0.08310978638847491,0.0013073410373181105,0.1251987083954297,0.0009025283507071435,0.013381768504719324,0.001569574000313878,0.1675981122702434,0.0014608539640903473,0.13547565822155985,0.0008226126665249467,0.01733109786388475,-1418.2373993588517,1.0026699304580688,1.2498827792030511,0.4533651635728463,-0.3774466346757105,Claude_Monet_3.jpg,Claude_Monet,Impresionismo,4
104.09814,141.79697,189.48593,59.1756,51.222664,42.22694,0.0,0.0,0.0,255.0,255.0,255.0,0.4761835,0.20875025,0.7434514,0.16464342,0.20149198174476624,0.2309977114200592,0.17138797044754028,0.25,0.22567471861839294,0.21041201055049896,3.4185242652893066,1.6982593536376953,6.750774383544922,2.6255266666412354,3.4137721061706543,1.6752139329910278,6.7505269050598145,2.6536731719970703,0.0015939581207931042,0.0,0.002144899917766452,0.1352578068264343,0.00298028695397079,0.37254901960784315,0.0015931092202663422,0.0,0.001758184633217752,0.010106511740498668,0.002708194311708212,0.10996126845800049,0.0012557936133816838,0.0,0.002014010213315487,0.06593439845073833,0.002741966163739562,0.2088779956427015,-1419.523649916287,0.8421099185943604,0.100764269921387,0.5716292863013963,-0.16637339931134218,Claude_Monet_30.jpg,Claude_Monet,Impresionismo,4
139.21725,132.82365,107.06236,39.290283,34.68332,49.71949,0.0,0.0,0.0,255.0,255.0,255.0,0.34571284,0.2068537,0.58471215,0.15085131,0.13611000776290894,0.40999892354011536,0.32930806279182434,0.25,0.4052293002605438,0.4014120399951935,3.3705790042877197,1.679196834564209,6.552007675170898,1.9834622144699097,3.493351459503174,2.0053529739379883,6.5500688552856445,1.997372031211853,0.0020946019794791937,0.04472630173564753,0.002217837842181325,0.14109479305740988,0.001910235732793808,0.012977303070761014,0.0017296369187533855,0.01610146862483311,0.0018513570539653301,0.13893190921228304,0.0020514875650405884,0.09740987983978638,0.0018454105593264103,0.050066755674232306,0.0022570325527340174,0.24811748998664887,0.0022892632987350225,0.15134846461949267,-1419.2750113264979,0.9131504893302917,1.3881246019246465,0.5099625134014056,-0.22689844862401531,Claude_Monet_4.jpg,Claude_Monet,Impresionismo,4
185.27945,169.90343,123.838905,42.732002,40.424458,41.4853,1.0,1.0,0.0,255.0,248.0,254.0,0.33509997,0.1800525,0.7297951,0.16538039,0.15506750345230103,0.199842169880867,0.21195071935653687,0.25,0.16679632663726807,0.20121856033802032,4.330029487609863,1.3117433786392212,8.40652847290039,2.040282964706421,4.298384189605713,1.578840970993042,8.406623840332031,2.0497007369995117,0.00285205221734941,0.0061597007223942206,0.002951554488390684,0.11271284829721362,0.0027399270329624414,0.11932404540763673,0.0024850049521774054,0.06104876160990712,0.002339388243854046,0.15518575851393188,0.0016982709057629108,0.013835139318885449,0.0027103067841380835,0.09046052631578948,0.0028822969179600477,0.19078947368421054,0.0027731475420296192,0.15167053663570693,-1419.5654257797273,0.8985344171524048,1.5498137587640906,0.4854795345178668,-0.15857861180740954,Claude_Monet_5.jpg,Claude_Monet,Impresionismo,4
95.65346,120.55198,114.44791,52.784523,52.503918,52.035946,0.0,0.0,0.0,255.0,255.0,255.0,0.30104396,0.1866813,0.49059996,0.20420513,0.20393648743629456,0.7635788321495056,0.5268767476081848,0.2500011287344178,0.6643019914627075,0.5902260541915894,3.1785178184509277,2.144514799118042,5.6901397705078125,2.960357189178467,3.7462728023529053,2.991361141204834,5.6613264083862305,2.9522154331207275,0.0022929166443645954,0.23660814192419588,0.0023209548089653254,0.33265517872764633,0.001824173959903419,0.0824975077818241,0.0018125736387446523,0.05169572559152035,0.001522720674984157,0.034768986633572724,0.0014624434988945723,0.029235245051166765,0.0015616531018167734,0.015380546456981262,0.0016080299392342567,0.09710495798832218,0.0011530125048011541,0.020426016723292577,-1418.4359896382155,0.8808320164680481,0.34754606070445054,0.4720919169037504,-0.23606425268479078,Claude_Monet_6.jpg,Claude_Monet,Impresionismo,4
136.45401,131.32924,127.93748,57.289795,58.653404,52.279716,0.0,0.0,0.0,255.0,255.0,255.0,0.26990494,0.18542627,0.5905185,0.1961729,0.21934208273887634,0.37164804339408875,0.29739412665367126,0.25000150523520803,0.35471799969673157,0.34377261996269226,3.6724133491516113,2.404446840286255,6.59185266494751,2.9120326042175293,3.443300485610962,1.9247289896011353,6.5942606925964355,2.9659271240234375,0.0030893266666680574,0.31952614379084965,0.0019291989738121629,0.054901960784313725,0.0018149722600355744,0.06909041394335512,0.001898571033962071,0.15016339869281045,0.0020762577187269926,0.10359477124183007,0.002539650769904256,0.18077342047930284,0.0014709050301462412,0.00024509803921568627,0.0018366555450484157,0.01443355119825708,0.0016787709901109338,0.011274509803921568,-1419.5453568544986,1.0191946029663086,1.0313600419208115,0.48758700077960315,-0.1779149135679937,Claude_Monet_7.jpg,Claude_Monet,Impresionismo,4
150.19766,157.92279,146.49571,58.283287,49.657616,52.820904,0.0,5.0,0.0,255.0,255.0,245.0,0.17012295,0.15452594,0.63553923,0.1890901,0.20361468195915222,0.22104685008525848,0.21830172836780548,0.25,0.2125522792339325,0.24865968525409698,3.887101411819458,1.5889451503753662,7.672403812408447,2.788067102432251,3.889094829559326,1.7164251804351807,7.664268970489502,2.6269609928131104,0.003285924205556512,0.36637005649717513,0.0032319892197847366,0.2355508474576271,0.003209930146113038,0.1209322033898305,0.0025034714490175247,0.14279661016949152,0.0021280122455209494,0.031242937853107344,0.0019184993579983711,0.005734463276836159,0.001633523846976459,8.474576271186441e-05,0.0015637835022062063,0.0,0.001908281585201621,2.824858757062147e-05,-1419.5654257797273,0.895648717880249,0.31148102161096053,0.49317298381689845,-0.15855989920546898,Claude_Monet_8.jpg,Claude_Monet,Impresionismo,4
151.37851,151.22165,156.11787,48.728638,48.108948,56.0138,18.0,25.0,10.0,255.0,255.0,255.0,0.11536423,0.06731262,0.6365564,0.20405833,0.19142931699752808,0.18264862895011902,0.15641218423843384,0.25,0.1558687835931778,0.16371233761310577,3.823514461517334,1.4874831438064575,7.539880275726318,2.4154398441314697,3.818486452102661,1.5815373659133911,7.542021751403809,2.565539836883545,0.0022578646894544363,0.08850762527233115,0.0025250606704503298,0.17453401113531833,0.0033859119284898043,0.5504417816509319,0.0022352987434715033,0.0,0.002055924152955413,0.0,0.002836810192093253,0.07985354635681433,0.0018004101002588868,0.0,0.001594275119714439,0.0,0.002298512263223529,0.007655531348341806,-1419.5234920920368,0.8815235495567322,0.0,0.5406764421779228,-0.15499895230187424,Claude_Monet_9.jpg,Claude_Monet,Impresionismo,4
101.54752,95.42222,77.765045,55.901096,52.2947,48.8127,0.0,0.0,0.0,255.0,255.0,246.0,0.30506197,0.21508342,0.4058782,0.21395919,0.20581507682800293,0.848848283290863,0.5314212441444397,0.25,0.8922427892684937,0.7050524950027466,3.2532193660736084,2.4589526653289795,4.9528913497924805,3.082803964614868,3.334521770477295,2.574535608291626,5.016869068145752,3.089958429336548,0.0015421054558828473,0.10436893203883495,0.0015875690151005983,0.14402912621359223,0.0015809901524335146,0.12490291262135922,0.0014620269648730755,0.11024271844660194,0.0014388114213943481,0.09703883495145631,0.0014854351757094264,0.09951456310679611,0.0013285803142935038,0.07533980582524272,0.001375113264657557,0.07024271844660195,0.0013761367881670594,0.07553398058252427,-1419.5654257797273,0.9827306270599365,0.9690815083933684,0.5019819058356436,-0.10538206114450327,Jackson_Pollock_1.jpg,Jackson_Pollock,Expresionismo abstracto,2
136.45801,124.41983,106.808,66.49875,62.122433,54.921303,0.0,0.0,0.0,255.0,255.0,255.0,0.2524999,0.17564666,0.53839797,0.25787532,0.24401885271072388,0.9239979982376099,0.6443448066711426,0.25,0.9542810320854187,0.8148749470710754,4.168202877044678,3.0395262241363525,6.49767541885376,3.4584851264953613,4.390279293060303,3.360313892364502,6.413828372955322,3.370634078979492,0.0020446511916816235,0.06614434947768282,0.0023175571113824844,0.24002849002849003,0.0019975441973656416,0.10018993352326686,0.001768195303156972,0.05493827160493827,0.0019908775575459003,0.12640075973409307,0.0019391769310459495,0.09373219373219373,0.001739618252031505,0.05864197530864197,0.001937595778144896,0.08300094966761633,0.001785786240361631,0.08205128205128205,-1419.3549137717125,1.0226472616195679,1.256845956236186,0.503498999441465,-0.11877332323544071,Jackson_Pollock_10.jpg,Jackson_Pollock,Expresionismo abstracto,2
92.679436,76.577995,62.35165,51.407913,50.20224,44.43917,0.0,0.0,0.0,255.0,255.0,255.0,0.4028292,0.25631893,0.3643789,0.20089534,0.19303959608078003,0.8288031220436096,0.5487076044082642,0.25,0.9265585541725159,0.7609352469444275,2.74289608001709,2.147059202194214,4.167470932006836,2.6066741943359375,2.8306007385253906,2.210325241088867,4.186871528625488,2.6524875164031982,0.0011508965399116278,0.09584214235377025,0.0013551251031458378,0.15267794221282593,0.0011964967707172036,0.08326286116983792,0.001243840204551816,0.11589147286821705,0.0013012561248615384,0.1276955602536998,0.0012230529682710767,0.08897110641296688,0.0012262623058632016,0.09171952078928823,0.0012245866237208247,0.08995771670190275,0.0011137278052046895,0.055461592670894996,-1419.5399135641387,1.0612552165985107,1.2748591597777805,0.49741543489273543,-0.1351521699516461,Jackson_Pollock_11.jpg,Jackson_Pollock,Expresionismo abstracto,2
114.91553,112.60894,84.19289,63.64429,60.058666,53.572006,0.0,0.0,0.0,255.0,254.0,250.0,0.35295886,0.23411787,0.4650263,0.2452102,0.2346409112215042,0.8797213435173035,0.6247155070304871,0.250002599103829,0.8358730673789978,0.7114899754524231,3.845334529876709,2.792614698410034,5.80545711517334,3.465043067932129,4.001278877258301,2.956124782562256,5.853226661682129,3.5296268463134766,0.0016843198100104928,0.10764150943396227,0.001556100440211594,0.10325471698113207,0.0017542666755616665,0.09297169811320755,0.001585279474966228,0.08023584905660378,0.0017355341697111726,0.044764150943396225,0.0017000174848362803,0.08608490566037735,0.0017162992153316736,0.11825471698113207,0.0017161369323730469,0.1165566037735849,0.0017370564164593816,0.1280188679245283,-1419.5654257797273,1.0286271572113037,0.4589714183611443,0.5042259836915691,-0.106867396301385,Jackson_Pollock_12.jpg,Jackson_Pollock,Expresionismo abstracto,2
133.00833,127.11461,105.64794,65.56475,64.49336,62.57953,0.0,0.0,0.0,255.0,255.0,255.0,0.28684357,0.24466388,0.52634406,0.25536096,0.25151747465133667,1.1273432970046997,0.687373697757721,0.25,1.1438486576080322,0.8905544877052307,4.197238445281982,3.0907955169677734,6.572851657867432,3.7017664909362793,4.260324001312256,3.1047983169555664,6.560593605041504,3.6726326942443848,0.0019874998833984137,0.1145769622833843,0.001913835178129375,0.09215086646279307,0.0019917869940400124,0.10265035677879715,0.0019709556363523006,0.11442405708460754,0.001833320944570005,0.060550458715596334,0.001854614820331335,0.08944954128440367,0.002065313747152686,0.12981651376146788,0.0019984079990535975,0.10305810397553516,0.001870682812295854,0.0890927624872579,-1419.0957220152577,0.9435782432556152,0.6083640925035951,0.4933408823639734,-0.11513679296297143,Jackson_Pollock_13.jpg,Jackson_Pollock,Expresionismo abstracto,2
106.45748,108.5043,108.382935,76.34031,74.20127,70.10489,0.0,0.0,0.0,255.0,255.0,255.0,0.3585217,0.25243923,0.48920012,0.29487076,0.28623032569885254,0.8223840594291687,0.6635507941246033,0.25,0.7803187966346741,0.7075926661491394,4.039945602416992,3.2134296894073486,6.104092121124268,4.156444549560547,4.297281742095947,3.4394850730895996,6.03566312789917,4.057007312774658,0.0017983486177399755,0.10295275590551181,0.00151949399150908,0.08279527559055118,0.0016564418328925967,0.11393700787401574,0.0015793663915246725,0.09271653543307086,0.0015460733557119966,0.11425196850393701,0.0015672730514779687,0.1312992125984252,0.0017630294896662235,0.07559055118110236,0.0018075094558298588,0.11145669291338582,0.0016936368774622679,0.075,-1418.843721394316,0.9319144487380981,1.142519570787413,0.49223267605033405,-0.13535500976332657,Jackson_Pollock_14.jpg,Jackson_Pollock,Expresionismo abstracto,2
114.40863,103.001526,80.71863,59.624283,57.18586,51.632244,0.0,0.0,0.0,255.0,255.0,253.0,0.35275114,0.20321207,0.4487456,0.23375599,0.22378794848918915,0.960705041885376,0.6150023937225342,0.25,1.0337733030319214,0.8436051607131958,3.609866142272949,2.685798406600952,5.332859039306641,3.036860227584839,3.1839206218719482,2.2846407890319824,5.369968414306641,3.0796802043914795,0.0017338864272460341,0.088989898989899,0.001739709870889783,0.10717171717171717,0.0014233753317967057,0.03212121212121212,0.0017266209470108151,0.17267676767676768,0.0016229086322709918,0.12474747474747475,0.0013594789197668433,0.046464646464646465,0.001750995754264295,0.17237373737373737,0.0016541830264031887,0.11419191919191919,0.0013325244653970003,0.03641414141414141,-1419.5140598824235,1.0182939767837524,1.2542314243375987,0.4696803586011606,-0.10423072288252985,Jackson_Pollock_15.jpg,Jackson_Pollock,Expresionismo abstracto,2
131.78906,111.63069,94.77867,66.457726,64.86293,61.049313,0.0,0.0,0.0,255.0,255.0,250.0,0.3710589,0.23444387,0.51682734,0.26061848,0.2538679540157318,1.0040415525436401,0.697452187538147,0.25,1.067449927330017,0.8825005292892456,4.084909439086914,2.8527519702911377,6.062957286834717,3.4637835025787354,3.8555402755737305,2.664281129837036,6.086511135101318,3.4651999473571777,0.002041124040260911,0.14232693911592995,0.0020316916052252054,0.10913261050875729,0.0018350513419136405,0.08794829024186822,0.0017614862881600857,0.13928273561301086,0.001516768941655755,0.06897414512093411,0.0016690894262865186,0.08265221017514596,0.0017636427655816078,0.12397831526271894,0.0015362737467512488,0.062051709758131776,0.0018300270894542336,0.08390325271059217,-1419.5654257797273,0.8539699912071228,0.6895496809252306,0.4938412696454448,-0.11141963878000638,Jackson_Pollock_2.jpg,Jackson_Pollock,Expresionismo abstracto,2
122.30238,111.26066,84.18283,64.111244,60.734093,52.804264,0.0,0.0,0.0,255.0,255.0,251.0,0.39496702,0.26532745,0.49112606,0.24340668,0.23364365100860596,0.8183167576789856,0.5655063986778259,0.25,0.7965099811553955,0.6665850281715393,4.051819801330566,2.853703737258911,5.7834672927856445,3.3246726989746094,3.6247355937957764,2.627512216567993,5.848073482513428,3.289581298828125,0.0017337641911581159,0.06666666666666667,0.0015925080515444279,0.07228739002932551,0.0016971278237178922,0.10043988269794721,0.001701026107184589,0.09364613880742913,0.0016151582822203636,0.0706256109481916,0.0017199437133967876,0.12869012707722385,0.0019763691816478968,0.1701368523949169,0.0016512915026396513,0.07541544477028347,0.0017347317188978195,0.12052785923753666,-1419.5654257797273,0.94257652759552,0.7074855128514949,0.4929335713426907,-0.09995157732915455,Jackson_Pollock_3.jpg,Jackson_Pollock,Expresionismo abstracto,2
154.96649,132.61446,100.96419,83.74938,83.46914,77.55343,0.0,0.0,0.0,255.0,255.0,255.0,0.44012016,0.2991814,0.6119543,0.32739726,0.3177691400051117,1.1484495401382446,0.8613234758377075,0.25,1.1035749912261963,0.9751687049865723,4.985436916351318,3.694535732269287,7.294815540313721,4.597602367401123,5.032216548919678,3.6800177097320557,7.298627853393555,4.470867156982422,0.00198896205984056,0.10293916609706083,0.0020013712346553802,0.10246069719753931,0.002318033715710044,0.12474367737525632,0.0020968487951904535,0.07645249487354751,0.0021842678543180227,0.10704032809295967,0.0020342913921922445,0.09070403280929597,0.0021067261695861816,0.08421052631578947,0.0018783222185447812,0.0885850991114149,0.0021588951349258423,0.12423103212576897,-1413.228433741814,1.047453761100769,1.068779752236119,0.5063137950549124,-0.14034391996427742,Jackson_Pollock_4.jpg,Jackson_Pollock,Expresionismo abstracto,2
160.47983,150.35294,109.91772,59.194263,54.546833,48.346596,0.0,0.0,0.0,255.0,255.0,248.0,0.35121468,0.16624615,0.63889897,0.2271022,0.21342043578624725,0.7657005190849304,0.54937744140625,0.25,0.6921758651733398,0.5709515810012817,4.595405578613281,2.9732000827789307,7.622704029083252,3.656886100769043,4.450109958648682,2.805447816848755,7.579441547393799,3.555516242980957,0.002279444132000208,0.07287725935266919,0.002261332469061017,0.094630096679277,0.002399515826255083,0.07934005884825557,0.0023388739209622145,0.14475620008406895,0.0024149424862116575,0.14848675914249684,0.0023608237970620394,0.12668137873055907,0.0022407053038477898,0.08653846153846154,0.002226894022896886,0.09331651954602774,0.002073267474770546,0.056010928961748634,-1419.5460943270318,1.0552825927734375,1.480528404682025,0.49831809826957213,-0.16257266276444757,Jackson_Pollock_5.jpg,Jackson_Pollock,Expresionismo abstracto,2
80.108246,85.54951,81.72978,55.883842,57.990334,58.252563,0.0,0.0,0.0,255.0,255.0,255.0,0.19890942,0.1922625,0.34492913,0.22690898,0.223833367228508,0.8624309301376343,0.602948009967804,0.2500023200348933,0.899120032787323,0.752811074256897,3.180421829223633,2.662119150161743,4.5079665184021,3.13071870803833,3.3277158737182617,2.7425498962402344,4.551230430603027,3.2123591899871826,0.0012624250957742333,0.09167085637673873,0.001208881731145084,0.10059493883023295,0.0011596963740885258,0.07809619574325456,0.0011571368668228388,0.0639768728004022,0.001364325755275786,0.13130551365845483,0.0013037524186074734,0.09824870118987766,0.0013555658515542746,0.11421149656443774,0.0014153284719213843,0.12887548181665828,0.0013289990602061152,0.09376571141277024,-1419.109677554406,1.0625405311584473,1.3119678674233959,0.499073162341792,-0.12707419153812527,Jackson_Pollock_6.jpg,Jackson_Pollock,Expresionismo abstracto,2
89.26461,83.713005,95.07006,67.641846,66.34464,63.082104,0.0,0.0,0.0,255.0,255.0,255.0,0.3706341,0.2394423,0.42079532,0.25923657,0.25450435280799866,0.7401020526885986,0.6749143600463867,0.25,0.6594952344894409,0.6686918139457703,3.8694660663604736,3.545416831970215,4.728244304656982,3.603955030441284,3.6487019062042236,3.5651142597198486,4.720257759094238,3.605849266052246,0.0012627590913325548,0.0785024154589372,0.0012028721394017339,0.05753623188405797,0.0012085635680705309,0.06024154589371981,0.0016270076157525182,0.13801932367149758,0.002007626462727785,0.19352657004830917,0.0015340542886406183,0.17405797101449275,0.0010897762840613723,0.06314009661835748,0.0012554314453154802,0.10739130434782608,0.000840856577269733,0.03256038647342995,-1418.7691840026052,1.5020850896835327,1.9246248019230232,0.4849481290655777,-0.11769265124621024,Jackson_Pollock_7.jpg,Jackson_Pollock,Expresionismo abstracto,2
134.66414,114.75669,105.547646,56.688335,53.912098,54.30918,0.0,0.0,0.0,255.0,255.0,255.0,0.26793334,0.17314765,0.5282266,0.22217228,0.21427807211875916,0.8060302734375,0.5164828896522522,0.25,0.7655928134918213,0.6335557699203491,3.9222185611724854,2.710909605026245,6.114935398101807,3.21268367767334,3.532911539077759,2.3842267990112305,6.102546215057373,3.2026774883270264,0.001708726747892797,0.04275167785234899,0.0018474702956154943,0.1071476510067114,0.0014117067912593484,0.018053691275167785,0.002094371011480689,0.16590604026845637,0.002351502887904644,0.2726174496644295,0.001822285819798708,0.06671140939597316,0.0018109411466866732,0.06869127516778524,0.0019111853325739503,0.12224832214765101,0.001603622455149889,0.035671140939597314,-1419.5525403639592,1.277843952178955,2.7267842428121383,0.4824516448557592,-0.15945035330139398,Jackson_Pollock_8.jpg,Jackson_Pollock,Expresionismo abstracto,2
123.34084,105.776146,97.423065,64.74293,61.314884,58.95661,0.0,0.0,0.0,255.0,255.0,255.0,0.26814616,0.17799981,0.4855895,0.25289088,0.241673082113266,0.8155335187911987,0.6515915989875793,0.25,0.6949633359909058,0.6176038384437561,4.867985725402832,3.7897558212280273,5.9766669273376465,3.685321569442749,3.698906421661377,2.7688798904418945,6.103748321533203,3.945014715194702,0.001847312436439097,0.10987460815047022,0.0017724058125168085,0.06431556948798328,0.00158204126637429,0.04049111807732497,0.001729076262563467,0.13918495297805641,0.0016990223666653037,0.10334378265412748,0.001680828514508903,0.08787878787878788,0.0017000078223645687,0.15501567398119123,0.0016492340946570039,0.12434691745036573,0.0015841728309169412,0.07722048066875653,-1419.2953390476985,1.0030838251113892,1.031521510204024,0.4879353917133086,-0.09065725704870882,Jackson_Pollock_9.jpg,Jackson_Pollock,Expresionismo abstracto,2
155.39258,137.73137,73.3175,38.48588,40.778656,30.642044,2.0,0.0,0.0,255.0,255.0,255.0,0.5414497,0.12953351,0.6105392,0.15180784,0.14865052700042725,0.2880907654762268,0.3615613281726837,0.2500017184138353,0.2806919813156128,0.35569682717323303,3.6119987964630127,1.5819826126098633,6.788578987121582,1.967239499092102,3.5392963886260986,1.5373369455337524,6.792957305908203,2.0457303524017334,0.0020957679953426123,0.10771144278606966,0.00226831017062068,0.09172885572139304,0.00220165285281837,0.11312189054726368,0.002232153667137027,0.2513059701492537,0.002237546257674694,0.22276119402985076,0.0019480112241581082,0.0349502487562189,0.0018934713443741202,0.0025497512437810945,0.0020131031051278114,0.07549751243781094,0.0018936780979856849,0.00236318407960199,-1419.5427476686477,1.07209050655365,2.222696965203596,0.49250436413213344,-0.13607922069784564,Joan_Miro_1.jpg,Joan_Miro,Surrealismo,0
103.601395,90.98221,87.22507,49.72288,49.756416,47.84289,0.0,0.0,0.0,243.0,234.0,237.0,0.22195962,0.21112335,0.4128262,0.19256982,0.18813276290893555,0.30081239342689514,0.37902817130088806,0.25,0.26725590229034424,0.32660722732543945,2.9379122257232666,2.214076519012451,4.796982288360596,2.358422040939331,3.0585250854492188,2.4337072372436523,4.790273666381836,2.33191180229187,0.0013825938804075122,0.11158318425760286,0.0015960397431626916,0.0648479427549195,0.0019543995149433613,0.23535330948121647,0.0012338066007941961,0.04986583184257603,0.0011357992189005017,0.02795169946332737,0.001628361875191331,0.08139534883720931,0.001437208615243435,0.1096824686940966,0.0012637423351407051,0.07725849731663685,0.0014236930292099714,0.14210644007155634,-1419.5654257797273,0.7829656600952148,0.2795030776411432,0.5244759008645956,-0.08702625055999806,Joan_Miro_10.jpg,Joan_Miro,Surrealismo,0
126.280594,113.72976,76.2813,61.191128,59.48279,43.42587,0.0,0.0,0.0,236.0,236.0,226.0,0.43588933,0.19465016,0.49645332,0.23904493,0.22598356008529663,0.6429084539413452,0.6875190734863281,0.2500082304526749,0.5563651323318481,0.5542607307434082,4.48019552230835,3.369581460952759,5.9657182693481445,3.7271485328674316,4.20074987411499,3.05525279045105,5.906199932098389,3.6286323070526123,0.0014023443218320608,0.012,0.0015334483468905091,0.018666666666666668,0.001957652857527137,0.08696296296296296,0.0019997931085526943,0.047703703703703706,0.001953290542587638,0.30118518518518517,0.0021359468810260296,0.336,0.0013967250706627965,0.0002962962962962963,0.00178681337274611,0.096,0.0015036513796076179,0.0011851851851851852,-1419.5654257797273,1.1218818426132202,3.0118515506666967,0.5174142292764569,-0.0938339349847576,Joan_Miro_11.jpg,Joan_Miro,Surrealismo,0
140.89482,137.92155,124.58697,60.655457,57.86017,59.43941,34.0,33.0,8.0,255.0,255.0,244.0,0.16465451,0.11502372,0.56549037,0.23165771,0.2294917106628418,0.2761317789554596,0.4174586236476898,0.25,0.22729894518852234,0.3351151943206787,3.946397066116333,2.655012607574463,6.8197550773620605,2.742551803588867,4.052649021148682,2.911273717880249,6.833726406097412,2.8012053966522217,0.001980764325708151,0.016961970613656008,0.0017459630034863949,0.008535004321521175,0.0019577525090426207,0.10123163353500432,0.0020368327386677265,0.05142610198789974,0.002028772607445717,0.0,0.0019654184579849243,0.1510371650821089,0.0024537595454603434,0.172428694900605,0.0023380573838949203,0.07595073465859983,0.0024433028884232044,0.2805747623163353,-1419.5654257797273,0.9634969830513,0.0,0.4964700188985982,-0.10090490460118652,Joan_Miro_12.jpg,Joan_Miro,Surrealismo,0
185.82446,176.15396,159.59114,34.488354,48.05265,51.688457,4.0,3.0,0.0,255.0,234.0,233.0,0.16630849,0.21037261,0.7353818,0.12910986,0.16662009060382843,0.2251548171043396,0.4262603521347046,0.25,0.22774694859981537,0.38288286328315735,4.931089401245117,2.413752555847168,8.828191757202148,2.3851068019866943,4.632826328277588,1.8149348497390747,8.82388687133789,2.308891534805298,0.0027361700776964426,0.01045751633986928,0.002767073456197977,0.02696078431372549,0.0027933730743825436,0.00849673202614379,0.002819947898387909,0.059803921568627454,0.0020613931119441986,0.06209150326797386,0.002768980572000146,0.04003267973856209,0.0029817114118486643,0.33366013071895423,0.00267051812261343,0.25735294117647056,0.0029053164180368185,0.1042483660130719,-1419.5654257797273,0.7571051120758057,0.6187804702688109,0.49820699425645965,-0.09574275591720803,Joan_Miro_13.jpg,Joan_Miro,Surrealismo,0
199.56738,168.47217,154.19083,73.53771,88.82924,79.73616,0.0,0.0,0.0,255.0,255.0,255.0,0.32431263,0.32583755,0.8009062,0.250483,0.3114601671695709,0.5992172956466675,0.9552454352378845,0.25,0.5989928841590881,0.8964454531669617,6.69758415222168,4.52817440032959,9.161458015441895,4.190753936767578,6.090241432189941,4.080598831176758,9.169758796691895,4.221924304962158,0.002993182744830847,0.05,0.003029049839824438,0.15363247863247864,0.0031378844287246466,0.09807692307692308,0.002363302279263735,0.06474358974358975,0.001790664973668754,0.18867521367521367,0.0028411077801138163,0.21346153846153845,0.002740424359217286,0.019444444444444445,0.0025974144227802753,0.08034188034188035,0.0029911359306424856,0.03782051282051282,-1419.2095396908248,0.6582182049751282,1.8738503208522153,0.5040517042659167,-0.08080377382675585,Joan_Miro_14.jpg,Joan_Miro,Surrealismo,0
224.49973,199.54861,114.30017,35.06206,33.7951,23.204334,0.0,2.0,0.0,255.0,249.0,183.0,0.49482605,0.0629543,0.8813677,0.13365565,0.12695686519145966,0.16232401132583618,0.38205015659332275,0.25,0.20815616846084595,0.5487939119338989,5.315423488616943,1.8336957693099976,9.87024211883545,1.3915739059448242,5.146893501281738,1.2030266523361206,9.858076095581055,1.3026299476623535,0.00283845909871161,0.003572929802437999,0.002979192417114973,0.015342580916351408,0.0028677540831267834,0.0023118957545187053,0.003218778409063816,0.2957124842370744,0.003381268819794059,0.4556536359815048,0.0031780325807631016,0.09478772593526692,0.003085434203967452,0.026902059688944935,0.0030540667939931154,0.010508617065994116,0.0028248531743884087,0.0,-1419.5654257797273,1.1095046997070312,4.5324037303447335,0.49250049136025553,-0.08280480225131903,Joan_Miro_15.jpg,Joan_Miro,Surrealismo,0
160.17502,79.16731,20.65637,25.622677,41.747383,51.982197,22.0,0.0,0.0,255.0,255.0,255.0,0.89830524,0.20627402,0.6289937,0.10334908,0.14604663848876953,0.11349960416555405,0.27503472566604614,0.25,0.08465888351202011,0.1970628947019577,2.5449821949005127,1.7128148078918457,4.808943748474121,1.875882625579834,2.4731152057647705,1.3384209871292114,4.833258628845215,2.222822666168213,0.0014045282732695341,0.034229390681003585,0.0016346375923603773,0.17831541218637992,0.0014899856178089976,0.03088410991636798,0.0013493580045178533,0.026105137395459978,0.0016269466141238809,0.1446236559139785,0.0022436229046434164,0.41326164874551974,0.0011045134160667658,0.007646356033452807,0.0012444098247215152,0.004301075268817204,0.001315635279752314,0.06463560334528076,-1417.2411586085457,1.0916069746017456,1.4398333331624333,0.5267527562961408,-0.1092075486127643,Joan_Miro_16.jpg,Joan_Miro,Surrealismo,0
162.50203,135.57423,103.816826,70.33575,63.13764,57.026505,0.0,0.0,0.0,255.0,255.0,239.0,0.3882318,0.1856408,0.6388627,0.2732549,0.24878117442131042,0.5345154404640198,0.593698263168335,0.25,0.4950111508369446,0.5873103141784668,4.745599269866943,3.5447793006896973,7.1291704177856445,3.3941309452056885,4.233706474304199,2.8227345943450928,7.1688618659973145,3.51877760887146,0.0015410557389259338,0.028205128205128206,0.0020370976999402046,0.029783037475345168,0.0015684687532484531,0.0,0.0022604484111070633,0.19980276134122288,0.002511576283723116,0.25581854043392505,0.0024096951819956303,0.02031558185404339,0.0023147922474890947,0.17850098619329388,0.0025517018511891365,0.17593688362919133,0.002267024479806423,0.016173570019723867,-1419.5654257797273,1.1614553928375244,2.5453551763092968,0.4978773566569556,-0.08818690325626591,Joan_Miro_17.jpg,Joan_Miro,Surrealismo,0
70.256744,35.56247,51.47977,70.75615,34.723446,31.654417,0.0,0.0,0.0,255.0,255.0,255.0,0.87660193,0.14495602,0.4088105,0.16737677,0.11289935559034348,0.11930032074451447,0.34023717045783997,0.24987321346242508,0.16879037022590637,0.5749940872192383,1.5308953523635864,2.247168779373169,2.3584015369415283,1.2846081256866455,1.3174535036087036,1.241479754447937,2.3568811416625977,1.2164067029953003,0.0005230999668128788,0.028958333333333332,0.0006302491528913379,0.0125,0.0006174064474180341,0.03625,0.0006050411611795425,0.033229166666666664,0.000681755191180855,0.0434375,0.0007665823795832694,0.0471875,0.0009685524273663759,0.11989583333333333,0.0009426025790162385,0.43854166666666666,0.0007950557046569884,0.10541666666666667,-1415.808368199877,0.939569354057312,0.4517332221596649,0.5026095802581712,-0.09374934253395666,Joan_Miro_18.jpg,Joan_Miro,Surrealismo,0
165.97536,80.761826,76.39619,35.92149,44.932728,47.374474,0.0,0.0,0.0,255.0,254.0,255.0,0.57587713,0.17149161,0.6535819,0.13941374,0.15754103660583496,0.2997038960456848,0.30248528718948364,0.25,0.2348715364933014,0.2537672817707062,2.8127312660217285,1.7132859230041504,5.287656784057617,2.289212942123413,2.9074175357818604,1.9664156436920166,5.2815046310424805,2.2780661582946777,0.002341616665944457,0.4789855072463768,0.0020252475515007973,0.26956521739130435,0.001461449428461492,0.020289855072463767,0.00162558036390692,0.060144927536231886,0.001558771007694304,0.036594202898550726,0.0014773618895560503,0.010869565217391304,0.0013175992062315345,0.014492753623188406,0.0014290520921349525,0.008333333333333333,0.001401477144099772,0.007971014492753623,-1419.4523125918706,0.9583756327629089,0.3630191333171116,0.47635879907627304,-0.04520871685351956,Joan_Miro_19.jpg,Joan_Miro,Surrealismo,0
164.95502,180.49077,228.47247,29.149918,31.886747,32.646156,23.0,25.0,5.0,254.0,255.0,255.0,0.28481716,0.087807976,0.89899516,0.11666825,0.11857065558433533,0.17665114998817444,0.21713656187057495,0.25,0.1529473066329956,0.20396685600280762,4.5500407218933105,1.1490061283111572,9.007326126098633,1.648900032043457,4.588319301605225,1.2798161506652832,9.007439613342285,1.600850224494934,0.002466690493747592,0.03425133071048368,0.0030537527054548264,0.23860217542235593,0.002648144494742155,0.00809997685720898,0.0031428381334990263,0.3564568386947466,0.0029474522452801466,0.15337884748900718,0.0028054690919816494,0.035929183059476975,0.0025085730012506247,0.03320990511455681,0.0027711554430425167,0.02325850497570007,0.002758333459496498,0.019960657255264986,-1419.4557106442846,1.0567501783370972,1.5284431532616893,0.5011992797280811,-0.12199693104628592,Joan_Miro_2.jpg,Joan_Miro,Surrealismo,0
171.59749,120.549194,55.093445,68.66438,60.704285,35.139084,0.0,0.0,0.0,255.0,248.0,220.0,0.67405546,0.20162542,0.6801013,0.25842553,0.21964594721794128,0.29089269042015076,0.3460155725479126,0.25000139062717286,0.33495280146598816,0.3564397990703583,3.5744779109954834,1.9397125244140625,6.500482559204102,2.8115479946136475,3.417131185531616,1.7297890186309814,6.4416375160217285,2.6555428504943848,0.002136481925845146,0.02568729168232965,0.00216660276055336,0.03343107034558805,0.0016013135900720954,0.006991955492068266,0.0023738511372357607,0.29982708067062624,0.0023693747352808714,0.22291557025787534,0.0019285540329292417,0.06220083702979726,0.0018350874306634068,0.19487256597248326,0.0016503958031535149,0.02303084981079117,0.0017155512468889356,0.032102849409818814,-1419.5654257797273,1.1995280981063843,2.2265329440667236,0.4752225892587697,-0.28671398529515185,Joan_Miro_20.jpg,Joan_Miro,Surrealismo,0
125.32645,94.18321,58.35302,38.839558,42.439865,46.28627,9.0,1.0,0.0,229.0,215.0,213.0,0.55126995,0.22931442,0.4960999,0.15160927,0.1549592912197113,0.22163738310337067,0.3835224211215973,0.25,0.17744818329811096,0.30455878376960754,3.2812647819519043,3.1435015201568604,4.956132411956787,1.868656039237976,2.9505724906921387,2.5980172157287598,4.949278831481934,1.923419713973999,0.0018697064369916916,0.26757741347905284,0.001273389090783894,0.05027322404371585,0.0015958077274262905,0.08069216757741347,0.0013461484340950847,0.06557377049180328,0.0012743803672492504,0.0012750455373406193,0.00166510627605021,0.0453551912568306,0.0017401770455762744,0.1854280510018215,0.0014461635146290064,0.07249544626593807,0.001470114104449749,0.08706739526411658,-1419.5654257797273,0.8383417129516602,0.013409960275465866,0.4971757982501958,-0.09421182551638069,Joan_Miro_3.jpg,Joan_Miro,Surrealismo,0
199.35017,186.00122,156.16031,19.465677,23.669632,29.449165,9.0,9.0,0.0,244.0,230.0,215.0,0.22341843,0.13505638,0.7831588,0.066686206,0.08430810272693634,0.10914475470781326,0.23745587468147278,0.2500103455410718,0.12800410389900208,0.31139978766441345,4.772192001342773,1.0541373491287231,9.271750450134277,1.2908613681793213,4.72941255569458,1.010704517364502,9.270090103149414,1.0628387928009033,0.002898110542446375,0.04274952919020716,0.002902731765061617,0.06572504708097929,0.0028551884461194277,0.025423728813559324,0.0029520224779844284,0.1591337099811676,0.0029823873192071915,0.3199623352165725,0.0028711827471852303,0.030696798493408662,0.0028983375523239374,0.05687382297551789,0.0028950427658855915,0.07457627118644068,0.0025433413684368134,0.038041431261770245,-1419.5654257797273,1.0404307842254639,3.5412223963987532,0.49108613304712057,-0.0941894942186581,Joan_Miro_4.jpg,Joan_Miro,Surrealismo,0
160.59567,165.71136,149.23608,86.04436,66.30677,54.624516,1.0,7.0,0.0,255.0,255.0,255.0,0.3326164,0.21283227,0.709617,0.24614444,0.268075168132782,0.2586570084095001,0.5514264702796936,0.25000886053517635,0.21650497615337372,0.4286442995071411,4.912527561187744,3.2765989303588867,8.127883911132812,3.442315101623535,4.586151123046875,2.788990020751953,8.166300773620605,3.5836145877838135,0.002839398570358753,0.15603864734299516,0.00271418783813715,0.07262479871175523,0.002464308636263013,0.11320450885668278,0.0020582745783030987,0.09710144927536232,0.002101513557136059,0.0075684380032206115,0.0018043738091364503,0.04685990338164251,0.0028275568038225174,0.1600644122383253,0.0029137106612324715,0.0679549114331723,0.0026262132450938225,0.10032206119162641,-1419.2891759599095,0.8462610840797424,0.08289240714705734,0.48697849434436374,-0.09536179196054476,Joan_Miro_5.jpg,Joan_Miro,Surrealismo,0
170.88586,168.97786,162.4971,23.021025,20.510952,20.86945,93.0,91.0,75.0,235.0,222.0,221.0,0.06379901,0.04963005,0.6775599,0.08812004,0.0822724997997284,0.20143145322799683,0.13794735074043274,0.2500102312257008,0.17149381339550018,0.16980625689029694,4.216968536376953,1.2930538654327393,8.379668235778809,1.2298698425292969,4.208053112030029,1.0074858665466309,8.381648063659668,1.248420000076294,0.002431342378258705,0.015185185185185185,0.002524398732930422,0.01814814814814815,0.002237362787127495,0.005185185185185185,0.0027266773395240307,0.1511111111111111,0.002643485553562641,0.08648148148148148,0.0028035473078489304,0.3437037037037037,0.002545048948377371,0.012962962962962963,0.0028098381590098143,0.22314814814814815,0.002644704421982169,0.04518518518518518,-1419.5654257797273,1.0181831121444702,0.8637483724246385,0.49729618579536783,-0.09730367398524851,Joan_Miro_6.jpg,Joan_Miro,Surrealismo,0
66.42552,61.070812,55.417366,51.440285,47.276615,48.011414,0.0,0.0,0.0,255.0,255.0,255.0,0.23688023,0.14778446,0.27399883,0.20322806,0.1876527965068817,0.3500170409679413,0.7375561594963074,0.25000886053517635,0.29449620842933655,0.6556845903396606,2.287034034729004,2.859072208404541,3.2553517818450928,2.5737149715423584,2.4063780307769775,3.0635294914245605,3.29953932762146,2.649589776992798,0.0009173107100650668,0.06344605475040258,0.00107280642259866,0.15056360708534622,0.0008535782690159976,0.08743961352657005,0.0011088693281635642,0.14476650563607085,0.0013417861191555858,0.11175523349436393,0.0011928388848900795,0.14251207729468598,0.0006083835614845157,0.03429951690821256,0.0009448809432797134,0.10611916264090177,0.0005862148245796561,0.06586151368760064,-1412.957658289795,1.399839162826538,1.1092167252812597,0.4940534152455467,-0.09035289205302777,Joan_Miro_7.jpg,Joan_Miro,Surrealismo,0
143.53058,70.40698,21.67313,35.42711,37.196644,41.10591,27.0,0.0,0.0,255.0,255.0,255.0,0.86888695,0.17084162,0.5674546,0.14211231,0.13410194218158722,0.13237038254737854,0.1907467097043991,0.25,0.10645367950201035,0.1691729724407196,2.3300559520721436,1.387589931488037,4.321414470672607,1.8130182027816772,2.2039289474487305,1.135275959968567,4.311975479125977,1.6883399486541748,0.0014767906395718455,0.10702459791863765,0.001664642826654017,0.2867194891201514,0.0013869230169802904,0.1400189214758751,0.0013599370140582323,0.17005676442762535,0.0013591337483376265,0.12789735099337748,0.0012938722502440214,0.017029328287606435,0.0013554554898291826,0.04955061494796594,0.0010287427576258779,0.005499053926206244,0.0010880447225645185,0.0,-1419.5654257797273,1.0181936025619507,1.2736014433416236,0.48406367023535274,-0.15121368263148358,Joan_Miro_8.jpg,Joan_Miro,Surrealismo,0
151.34601,145.15022,142.37558,50.067093,50.93757,51.959183,22.0,17.0,7.0,227.0,214.0,212.0,0.07386509,0.09680985,0.5952158,0.19678572,0.19792386889457703,0.4852007031440735,0.530712366104126,0.25,0.46257299184799194,0.5123915076255798,4.125404357910156,2.3323464393615723,7.4267072677612305,3.1063506603240967,4.194647312164307,2.5258398056030273,7.388423919677734,2.9829304218292236,0.0024499280843883753,0.1948529411764706,0.0024123925250023603,0.20263009049773756,0.0021685303654521704,0.1664309954751131,0.0021388221066445112,0.0603789592760181,0.002337964717298746,0.10053733031674209,0.002154512330889702,0.07777149321266968,0.0020380248315632343,0.018523755656108597,0.0022388764191418886,0.03209841628959276,0.002339206635951996,0.03733031674208145,-1419.5654257797273,1.0376428365707397,1.016036734409803,0.5022054178490354,-0.07068361464901175,Joan_Miro_9.jpg,Joan_Miro,Surrealismo,0
127.24076,85.186035,63.16182,58.199677,48.84776,44.14222,7.0,0.0,0.0,255.0,230.0,213.0,0.4905733,0.22823575,0.49901295,0.22819436,0.192691370844841,0.2764328420162201,0.33378395438194275,0.25000641272284213,0.26712989807128906,0.3257894217967987,2.8666460514068604,2.156996011734009,4.825971603393555,2.5244109630584717,2.569702625274658,1.6191833019256592,4.7992472648620605,2.448404312133789,0.001174024655483663,0.00011594202898550724,0.0009711686288937926,0.0,0.0013904927764087915,0.0,0.001095712766982615,0.0015072463768115941,0.0016669838223606348,0.059246376811594205,0.0013467140961438417,0.0025507246376811595,0.001970187993720174,0.3328695652173913,0.0018766894936561584,0.27744927536231884,0.001694791833870113,0.23026086956521738,-1419.5654257797273,1.1377127170562744,0.5898421882948571,0.5080998732687758,-0.135095540753566,Pablo_Picasso_1.jpg,Pablo_Picasso,Cubismo,1
141.47034,121.06779,116.80642,41.99747,45.096527,44.311775,0.0,0.0,0.0,232.0,214.0,222.0,0.28160688,0.18669994,0.5772513,0.1503763,0.167219340801239,0.3577706217765808,0.38629376888275146,0.25000594714180363,0.39534085988998413,0.5460869669914246,3.425295829772949,1.7929191589355469,6.346957683563232,2.221395492553711,3.5201737880706787,1.8285527229309082,6.348474025726318,2.188997983932495,0.0014984646113589406,0.003787878787878788,0.0018631378188729286,0.021645021645021644,0.002381314057856798,0.14686147186147186,0.0016682047862559557,0.007142857142857143,0.0018096378771588206,0.01277056277056277,0.0025391930248588324,0.2909090909090909,0.0015357066877186298,0.0005411255411255411,0.0017883977852761745,0.07034632034632035,0.002573887351900339,0.35584415584415585,-1419.5654257797273,0.9223417043685913,0.1263232895146369,0.5544113181170397,-0.08972448220353864,Pablo_Picasso_10.jpg,Pablo_Picasso,Cubismo,1
87.33111,92.26323,119.090065,45.698826,49.8568,48.19344,6.0,21.0,3.0,255.0,255.0,255.0,0.29332542,0.1583988,0.47716573,0.19215292,0.18576495349407196,0.3012767732143402,0.43089962005615234,0.25000120262267955,0.2588178217411041,0.3739677667617798,3.2994067668914795,4.324202060699463,4.658968448638916,2.301447868347168,2.3971962928771973,1.452723503112793,4.684135437011719,2.453578472137451,0.0012760910904034972,0.023599461080446783,0.0019339416176080704,0.24877221956625667,0.0013924860395491123,0.022643313486027206,0.001171276904642582,0.02407753487765657,0.0020596322137862444,0.3019253335651267,0.0013118195347487926,0.018557955582598113,0.0009740627137944102,0.03237863444739015,0.0017451922176405787,0.21322091355556522,0.001119365100748837,0.015037593984962405,-1416.5637456461852,1.4276610612869263,3.0185387799536385,0.508358748040662,-0.17648150608722096,Pablo_Picasso_11.jpg,Pablo_Picasso,Cubismo,1
170.98933,173.40306,168.09782,77.81363,68.88939,61.68302,0.0,0.0,0.0,255.0,255.0,255.0,0.23072359,0.24324353,0.7381664,0.24513836,0.27007561922073364,0.5315605401992798,0.5438923239707947,0.25,0.5027438998222351,0.5354263186454773,4.832988262176514,2.79038405418396,8.739768981933594,3.70833158493042,5.002320289611816,3.012291193008423,8.617049217224121,3.330275058746338,0.001952434773556888,0.038492063492063494,0.0033130934461951256,0.29642857142857143,0.00274972734041512,0.1759920634920635,0.0020033768378198147,0.03015873015873016,0.0031353109516203403,0.13234126984126984,0.002846445655450225,0.08293650793650793,0.002533144084736705,0.057539682539682536,0.0024374667555093765,0.028174603174603175,0.0028458251617848873,0.05773809523809524,-1398.698760576472,1.1847796440124512,1.3237043879972854,0.5235221877446464,-0.08470363051109421,Pablo_Picasso_12.jpg,Pablo_Picasso,Cubismo,1
166.6856,156.9437,121.151726,51.78852,42.764214,28.177113,10.0,16.0,0.0,255.0,255.0,250.0,0.29132298,0.14395578,0.6691042,0.18240918,0.16709664463996887,0.31197869777679443,0.28661927580833435,0.25,0.33269837498664856,0.3603052794933319,3.9642539024353027,1.6418429613113403,7.729506969451904,2.431084156036377,3.953932762145996,1.7524325847625732,7.725675106048584,1.9758182764053345,0.0030304768588393927,0.401,0.002552869264036417,0.2423846153846154,0.002288761083036661,0.09684615384615385,0.0026668894570320845,0.08684615384615385,0.0019440008327364922,0.0031538461538461538,0.0018073661485686898,0.0,0.0026730855461210012,0.029153846153846155,0.002061902778223157,0.0003076923076923077,0.0024782351683825254,0.007615384615384615,-1419.490054180192,0.8136286735534668,0.032727269331183584,0.4719663179622347,-0.10305798364166995,Pablo_Picasso_13.jpg,Pablo_Picasso,Cubismo,1
157.39238,139.18689,86.096634,72.250854,54.06844,66.28186,0.0,0.0,0.0,255.0,255.0,255.0,0.58229727,0.29432252,0.6961322,0.21049812,0.1994573473930359,0.3449147045612335,0.4153519570827484,0.25000172163265866,0.26918599009513855,0.3420606255531311,3.9642739295959473,2.4940266609191895,7.002457141876221,2.830598831176758,3.9159913063049316,2.4533536434173584,7.00794792175293,2.8214266300201416,0.002413075650110841,0.013581865867366054,0.0018953221151605248,0.02410390907955539,0.0020704418420791626,0.02897464718371425,0.0022291538771241903,0.0622580242287998,0.0018435691017657518,0.09017110028724866,0.0018872838700190187,0.009085799925065568,0.0023752376437187195,0.21065942300487073,0.0023999970871955156,0.31797177469714,0.0020632739178836346,0.1394717122517797,-1419.5654257797273,0.8651894330978394,0.9054552145895366,0.477517069191193,-0.21883525735228598,Pablo_Picasso_14.jpg,Pablo_Picasso,Cubismo,1
180.75294,162.61061,125.758064,30.769053,34.505608,35.169655,29.0,19.0,0.0,255.0,255.0,233.0,0.31759113,0.109341025,0.70893073,0.120638,0.12982742488384247,0.187057763338089,0.18685363233089447,0.25,0.16164694726467133,0.18042312562465668,4.138283729553223,1.2671846151351929,8.134284019470215,1.8780615329742432,4.140276908874512,1.5418577194213867,8.133665084838867,1.7186542749404907,0.002332631964236498,0.0010351966873706005,0.0019704457372426987,0.002994676131322094,0.002176109701395035,0.0025140490979000296,0.002732441294938326,0.036638568470866606,0.002852007281035185,0.28179532682638275,0.0026008365675807,0.11734693877551021,0.0029317697044461966,0.29931972789115646,0.0026372072752565145,0.09793700088731144,0.002382451668381691,0.012459331558710441,-1419.5654257797273,1.1349520683288574,2.9765682875154162,0.4854074814223835,-0.20399704584572337,Pablo_Picasso_15.jpg,Pablo_Picasso,Cubismo,1
139.9787,110.34781,57.20047,83.802605,69.84489,55.05302,3.0,0.0,0.0,255.0,255.0,255.0,0.5546323,0.24771903,0.55062574,0.32840464,0.27309560775756836,0.219440296292305,0.37315821647644043,0.25,0.18628014624118805,0.3005243241786957,3.2512083053588867,2.8825912475585938,5.675736427307129,3.5212879180908203,3.126749038696289,2.7252542972564697,5.69024133682251,3.5548949241638184,0.0016532493755221367,0.030253807106598984,0.0024926967453211546,0.17614213197969544,0.0019392013782635331,0.31921319796954317,0.0019774185493588448,0.09959390862944162,0.002372022485360503,0.1018020304568528,0.0010616068029776216,0.019593908629441624,0.0014906214782968163,0.0751522842639594,0.0016156276687979698,0.04515228426395939,0.0010578667279332876,0.03309644670050761,-1419.0592600378275,1.3631964921951294,1.0180202027665077,0.46701958051896447,-0.18997682265608615,Pablo_Picasso_16.jpg,Pablo_Picasso,Cubismo,1
154.28307,114.062485,69.23099,70.61417,69.46411,50.37057,8.0,0.0,0.0,255.0,253.0,232.0,0.6208712,0.1915238,0.60503167,0.27691796,0.263729989528656,0.6212780475616455,0.5880395174026489,0.25,0.6570068001747131,0.6901587247848511,4.251394271850586,3.1866841316223145,6.360180854797363,3.7187116146087646,3.8975281715393066,2.9274940490722656,6.15614128112793,3.2454898357391357,0.0014698054874315858,0.029861111111111113,0.0023103593848645687,0.059375,0.002200901275500655,0.022569444444444444,0.0015901190927252173,0.06388888888888888,0.002184987999498844,0.35555555555555557,0.0015673062298446894,0.02361111111111111,0.0018629570258781314,0.12291666666666666,0.001958040753379464,0.20902777777777778,0.0015749173471704125,0.023958333333333335,-1419.5654257797273,1.1761661767959595,3.51353377403433,0.5060595126433552,-0.04638258146668019,Pablo_Picasso_17.jpg,Pablo_Picasso,Cubismo,1
118.14324,112.766716,76.634346,69.37346,61.721893,42.57864,0.0,0.0,0.0,255.0,255.0,226.0,0.3840541,0.2426704,0.49316806,0.26244277,0.23210538923740387,0.27047693729400635,0.3479427695274353,0.25,0.2915458083152771,0.3736909031867981,3.005303382873535,1.8936799764633179,5.6209540367126465,3.0876054763793945,3.085932970046997,2.077760934829712,5.560312271118164,2.945319652557373,0.0013395901769399643,2.994011976047904e-05,0.0013626841828227043,0.0015568862275449102,0.0008968775509856641,0.000718562874251497,0.0017394772730767727,5.988023952095808e-05,0.002011252101510763,0.12020958083832335,0.0012003380106762052,0.0004191616766467066,0.0020197697449475527,0.11389221556886228,0.002779267029836774,0.5058383233532934,0.0019094711169600487,0.1567365269461078,-1419.5654257797273,1.1862826347351074,1.2028159371658111,0.4743909702254775,-0.24019963701934002,Pablo_Picasso_18.jpg,Pablo_Picasso,Cubismo,1
153.2621,127.27958,95.44723,84.15446,87.94922,85.234146,0.0,0.0,0.0,255.0,255.0,255.0,0.5383966,0.34495667,0.6481771,0.2977751,0.31711873412132263,0.6103613972663879,0.8083569407463074,0.2500092288382738,0.5305219292640686,0.707322895526886,4.7964935302734375,3.814056396484375,6.861514568328857,3.914163112640381,5.527108669281006,4.629354000091553,6.905938625335693,4.052211761474609,0.002122196601703763,0.12237998647734956,0.0022820199374109507,0.24323867478025693,0.0020106344018131495,0.08012170385395538,0.0021000411361455917,0.07454361054766734,0.0023417752236127853,0.11392832995267073,0.001870947191491723,0.08975659229208925,0.0017875812482088804,0.00929682217714672,0.001954656792804599,0.11528059499661934,0.001754074008204043,0.06727518593644355,-1413.6474964569434,1.1564946174621582,1.1196012188777273,0.489527509935183,-0.07010661132481207,Pablo_Picasso_19.jpg,Pablo_Picasso,Cubismo,1
74.942345,59.617107,73.82132,54.454258,50.28535,40.019497,0.0,0.0,0.0,255.0,255.0,255.0,0.39516985,0.14512058,0.33502775,0.20756698,0.19344715774059296,0.35004371404647827,0.5930177569389343,0.2500134084204881,0.3855155110359192,0.6724650263786316,2.2219817638397217,2.6022515296936035,3.421367883682251,2.6099376678466797,2.003748893737793,2.033878803253174,3.3619601726531982,2.529466152191162,0.0007964102551341057,0.018666666666666668,0.0008571026846766472,0.06448484848484848,0.0010808759834617376,0.08872727272727272,0.0010893673170357943,0.10593939393939394,0.001400159322656691,0.27636363636363637,0.001698444364592433,0.31612121212121214,0.0007168231531977654,0.0012121212121212121,0.0006016853731125593,0.008,0.000857328122947365,0.024484848484848484,-1417.7463463482218,1.3850337266921997,2.7514076102279232,0.5333242550140447,-0.05471018756271092,Pablo_Picasso_2.jpg,Pablo_Picasso,Cubismo,1
203.64693,138.70328,102.64247,22.250097,26.601107,29.712027,61.0,20.0,0.0,255.0,254.0,249.0,0.4980903,0.124918245,0.7986063,0.08725355,0.09416276961565018,0.15946772694587708,0.1791890561580658,0.25,0.1210380345582962,0.17560790479183197,3.924081563949585,1.4086333513259888,7.643596649169922,1.3704113960266113,3.8808605670928955,1.1369543075561523,7.642254829406738,1.3084958791732788,0.002368326298892498,0.006993006993006993,0.0023232456296682358,0.002937062937062937,0.0023861266672611237,0.02678321678321678,0.002514033345505595,0.22825174825174827,0.0024074253160506487,0.2254195804195804,0.0025772585067898035,0.2273076923076923,0.0023456504568457603,0.08569930069930069,0.002233764622360468,0.04986013986013986,0.0021602397318929434,0.04674825174825175,-1419.5654257797273,1.0164507627487183,2.2541955787762467,0.49769385457395976,-0.20884955259611734,Pablo_Picasso_20.jpg,Pablo_Picasso,Cubismo,1
76.826645,81.28269,84.50765,53.08505,41.572346,37.67856,4.0,4.0,0.0,255.0,255.0,253.0,0.29251873,0.17437756,0.3604361,0.18211237,0.1728036105632782,0.19127707183361053,0.2728877067565918,0.2500036890023462,0.17576222121715546,0.2899794578552246,2.1028714179992676,1.5226285457611084,3.9989726543426514,2.2044830322265625,2.3186593055725098,2.6110737323760986,3.9958600997924805,2.1662092208862305,0.0015071429079398513,0.08022287862513426,0.0009942366741597652,0.02611439312567132,0.001675105420872569,0.16326530612244897,0.0014913318445906043,0.004833512352309345,0.001769104041159153,0.46126476906552094,0.0012512357207015157,0.09438775510204081,0.0009789158357307315,0.004699248120300752,0.0006639568600803614,6.713211600429645e-05,0.0006093563279137015,0.0,-1418.4899809982358,1.4553240537643433,4.972579071531168,0.48713874516405486,-0.12386267290179007,Pablo_Picasso_21.jpg,Pablo_Picasso,Cubismo,1
195.86339,199.78632,164.55289,35.686375,37.040874,52.755135,19.0,14.0,0.0,255.0,255.0,255.0,0.19490121,0.17322503,0.78777224,0.14404617,0.14664535224437714,0.22855065762996674,0.2996111810207367,0.25,0.2032596915960312,0.2689085006713867,5.073946475982666,1.7447590827941895,9.682485580444336,1.9561376571655273,5.055513858795166,1.7424752712249756,9.695513725280762,2.1600043773651123,0.003154120175167918,0.04814935064935065,0.002945882733911276,0.08918831168831169,0.003318748902529478,0.11116883116883117,0.002968811895698309,0.14253246753246754,0.003252497175708413,0.38243506493506496,0.003210119903087616,0.0875,0.0027199520263820887,0.014285714285714285,0.002709300024434924,0.020389610389610388,0.002638197038322687,0.0015584415584415584,-1418.4102264398566,1.0874797105789185,3.8362520578240322,0.5020939795142793,-0.2035254077813025,Pablo_Picasso_22.jpg,Pablo_Picasso,Cubismo,1
118.02356,113.98865,93.3564,70.87631,70.7938,66.70994,0.0,0.0,0.0,255.0,255.0,255.0,0.3619164,0.24387816,0.49945158,0.27404082,0.26905903220176697,0.5291152000427246,0.6280882358551025,0.25,0.40848568081855774,0.4832480847835541,4.046665668487549,3.270796537399292,5.916173458099365,3.520282745361328,4.22992467880249,3.425877809524536,5.912364482879639,3.53267502784729,0.0014024353586137295,0.04528985507246377,0.0019164999248459935,0.13250517598343686,0.002303016372025013,0.2596273291925466,0.0015384875005111098,0.03804347826086957,0.00191529153380543,0.1531055900621118,0.0017883835826069117,0.10243271221532091,0.001617441070266068,0.021894409937888198,0.0015478008426725864,0.042753623188405795,0.001520131016150117,0.07639751552795031,-1419.2437381056313,1.108559012413025,1.5801280420508883,0.5220946274681578,-0.12185830133914312,Pablo_Picasso_23.jpg,Pablo_Picasso,Cubismo,1
49.515156,61.847652,52.254204,54.450546,60.31416,61.881023,0.0,3.0,0.0,255.0,255.0,255.0,0.34258434,0.12838057,0.24561293,0.24053967,0.22966602444648743,0.23626525700092316,0.4366757869720459,0.25,0.1837214231491089,0.3265373408794403,1.8301125764846802,2.383716106414795,3.0520787239074707,3.182131052017212,2.117168664932251,3.448091745376587,3.0222840309143066,3.193176507949829,0.0007566882995888591,0.08296774193548387,0.0006832212675362825,0.04009677419354839,0.0006120009929873049,0.02674193548387097,0.0007523690583184361,0.06683870967741935,0.0011507809394970536,0.1636774193548387,0.0008378370548598468,0.06648387096774193,0.0008046688744798303,0.09741935483870967,0.0009368699393235147,0.13380645161290322,0.001362666953355074,0.2222258064516129,-1417.6020295749793,1.3114821910858154,1.636304838566343,0.5193802497700895,-0.23912878727703202,Pablo_Picasso_24.jpg,Pablo_Picasso,Cubismo,1
110.76217,106.30728,83.46021,71.4691,75.38602,78.139114,0.0,0.0,0.0,255.0,255.0,255.0,0.49051842,0.2662342,0.47144222,0.2913313,0.2875598073005676,0.26749369502067566,0.45192113518714905,0.25,0.24897612631320953,0.3933198153972626,3.1485109329223633,3.0705466270446777,5.357445240020752,3.7921416759490967,2.949218511581421,2.701079845428467,5.284483432769775,3.6576573848724365,0.0008195513510145247,0.009183673469387756,0.001285395585000515,0.03629251700680272,0.0006702978280372918,0.02227891156462585,0.0015682786470279098,0.04772108843537415,0.002502414397895336,0.25785714285714284,0.0013917037285864353,0.061870748299319725,0.001711442950181663,0.11054421768707483,0.0026851247530430555,0.2361904761904762,0.0019017314771190286,0.1141156462585034,-1417.0004906651475,1.549372673034668,2.5899253396241098,0.4955426339843021,-0.2482391810410753,Pablo_Picasso_25.jpg,Pablo_Picasso,Cubismo,1
160.95744,155.90384,124.21861,47.425377,35.38756,32.566654,5.0,12.0,0.0,255.0,255.0,241.0,0.289718,0.100813285,0.6562593,0.15973105,0.14635872840881348,0.2116585522890091,0.2657786011695862,0.25,0.1671491265296936,0.20646178722381592,3.9877278804779053,1.3883990049362183,7.661965370178223,1.902385950088501,4.095159530639648,1.8727353811264038,7.64970064163208,1.933341383934021,0.0023432716261595488,0.19303548994974876,0.002595361554995179,0.2099756595477387,0.0023585332091897726,0.10692132537688442,0.0022911024279892445,0.10236730527638191,0.002394783776253462,0.15277559673366833,0.0022428801748901606,0.03425329773869347,0.0022604179102927446,0.025145257537688443,0.0024769529700279236,0.048092022613065326,0.0023242817260324955,0.026951162060301508,-1419.5654257797273,1.012466311454773,1.5285759518066646,0.49794878834462825,-0.2062523337155732,Pablo_Picasso_26.jpg,Pablo_Picasso,Cubismo,1
108.14522,74.15286,67.1057,60.65709,68.37205,69.79897,0.0,0.0,0.0,255.0,255.0,251.0,0.57484686,0.29816362,0.44185916,0.24408272,0.25233015418052673,0.30953848361968994,0.5485125780105591,0.25,0.2959342300891876,0.49932676553726196,2.6838293075561523,2.9964687824249268,4.289361000061035,3.1946582794189453,2.7755699157714844,3.084315299987793,4.388747692108154,3.4310965538024902,0.0009510855888947845,0.030303030303030304,0.001329770777374506,0.10787878787878788,0.000994044472463429,0.01612121212121212,0.00046319642569869757,0.04375757575757576,0.0022963890805840492,0.42887878787878786,0.0009019624558277428,0.003696969696969697,0.0011661214521154761,0.015181818181818182,0.0017875530757009983,0.07381818181818182,0.00162605254445225,0.16303030303030303,-1419.459394373209,1.7946354150772095,4.373008342905974,0.5254331894664915,-0.23213611151644803,Pablo_Picasso_27.jpg,Pablo_Picasso,Cubismo,1
195.12419,204.1203,183.75403,41.1566,41.554447,40.25545,0.0,0.0,0.0,255.0,255.0,253.0,0.119208805,0.06563954,0.8036232,0.16350566,0.16030395030975342,0.30734243988990784,0.46718597412109375,0.25,0.297758013010025,0.4822651147842407,5.118617534637451,1.5901895761489868,9.931100845336914,2.23928165435791,5.157759189605713,1.6685128211975098,9.903182029724121,1.9332555532455444,0.003122408175840974,0.041107784431137724,0.003264564787968993,0.010538922155688623,0.003008691594004631,0.03865269461077844,0.0030552970711141825,0.05002994011976048,0.00313374400138855,0.1405389221556886,0.002941350219771266,0.06374251497005988,0.0028709073085337877,0.09592814371257485,0.0030048214830458164,0.26407185628742513,0.003156587714329362,0.19529940119760478,-1419.5538320847127,1.0234133005142212,1.405529353394509,0.5028369995180387,-0.17417183957641882,Pablo_Picasso_28.jpg,Pablo_Picasso,Cubismo,1
159.95287,158.62459,151.7228,67.80345,69.216064,64.79702,0.0,0.0,0.0,255.0,255.0,255.0,0.12012955,0.13198385,0.6436835,0.26187477,0.26689544320106506,0.35092806816101074,0.5207362174987793,0.25,0.3114866316318512,0.462292343378067,4.634711265563965,3.0690205097198486,7.9293622970581055,3.3694512844085693,4.425386905670166,2.8653626441955566,7.928593158721924,3.460986375808716,0.0022994379978626966,0.10557142857142857,0.0022354053799062967,0.10921428571428571,0.002360606100410223,0.03075,0.002796319779008627,0.29335714285714287,0.002917166333645582,0.24446428571428572,0.0027619434986263514,0.046035714285714284,0.002090005436912179,0.023892857142857143,0.0021358185913413763,0.016642857142857143,0.0022603098768740892,0.011857142857142858,-1413.8117292339589,1.201188325881958,2.495139478017356,0.5021206778841235,-0.20914078623031318,Pablo_Picasso_29.jpg,Pablo_Picasso,Cubismo,1
98.029465,96.48015,112.28841,92.233154,59.30815,65.94495,0.0,0.0,0.0,255.0,253.0,255.0,0.7036242,0.2566623,0.6196645,0.2512004,0.23924167454242706,0.26649853587150574,0.31291663646698,0.25,0.2289758324623108,0.27511781454086304,2.627187967300415,1.8379786014556885,5.002806186676025,3.1288957595825195,2.883647918701172,2.319887161254883,4.962343215942383,3.0098354816436768,0.0013093074085190892,0.02097942073170732,0.0013258671388030052,0.007183689024390244,0.0014405661495402455,0.01442454268292683,0.001582316355779767,0.16411966463414634,0.0012994504068046808,0.11272865853658537,0.001248004613444209,0.016692073170731708,0.0015016496181488037,0.0841844512195122,0.0017012947937473655,0.15207698170731707,0.002248138189315796,0.32366615853658537,-1419.5654257797273,0.8563610911369324,1.132248690104476,0.5214996321456168,-0.23235802224950802,Pablo_Picasso_3.jpg,Pablo_Picasso,Cubismo,1
147.78142,109.16849,87.763855,67.11628,65.76508,64.178535,0.0,0.0,0.0,255.0,255.0,255.0,0.45953214,0.25693107,0.59709364,0.26596072,0.24407289922237396,0.45178118348121643,0.6121426820755005,0.25,0.4443655014038086,0.5992866158485413,3.8460991382598877,3.1442463397979736,6.057571887969971,3.357628107070923,3.1671366691589355,1.9817832708358765,6.082550048828125,3.4078481197357178,0.0014190914807841182,0.0282073695535234,0.0021843700669705868,0.08183162990855299,0.0017456808127462864,0.11027434104357181,0.0017707210499793291,0.06522323830016137,0.0026515014469623566,0.3051371705217859,0.00175694830249995,0.052850995158687464,0.0012232587905600667,0.02387036040882195,0.0017526125302538276,0.09121167294244217,0.0018555432325229049,0.13797740720817644,-1418.5416986898424,1.458666205406189,3.0629965426908945,0.5258115132653737,-0.18207797657816285,Pablo_Picasso_30.jpg,Pablo_Picasso,Cubismo,1
135.02971,100.536736,37.813488,64.43125,54.90188,48.93243,0.0,0.0,0.0,255.0,230.0,187.0,0.68787557,0.32482293,0.53073794,0.2509003,0.21469718217849731,0.20688501000404358,0.3038109242916107,0.25,0.19501470029354095,0.26747968792915344,3.024787664413452,2.0357894897460938,5.24749755859375,2.685899019241333,2.8659465312957764,1.570206880569458,5.237951755523682,2.6478161811828613,0.00089427107013762,0.0,0.0011444176780059934,0.0072731755424063115,0.0011612226953729987,0.0,0.0013722935691475868,0.0,0.0015074358088895679,0.015039447731755425,0.001569394487887621,0.0008629191321499013,0.0017990960041061044,0.18010355029585798,0.0026296491269022226,0.4844674556213018,0.002275116741657257,0.21203155818540434,-1419.5654257797273,0.9452333450317383,0.15043155092107593,0.5250918838522809,-0.0973856451644781,Pablo_Picasso_4.jpg,Pablo_Picasso,Cubismo,1
211.40189,158.15237,118.44958,25.486094,38.52407,45.07297,75.0,33.0,0.0,255.0,254.0,237.0,0.4542192,0.16320285,0.8290171,0.09994981,0.13594132661819458,0.25723469257354736,0.27574625611305237,0.25,0.2263363003730774,0.2691916525363922,4.318033218383789,1.7526665925979614,8.415143966674805,1.9806851148605347,4.275205135345459,1.4817570447921753,8.419190406799316,1.973331093788147,0.002631434006616473,0.0014985014985014985,0.002660738304257393,0.06228771228771229,0.0023831489961594343,0.013686313686313687,0.0026621208526194096,0.06583416583416583,0.0031892103143036366,0.5289210789210789,0.0024843609426170588,0.08156843156843156,0.002539682434871793,0.021378621378621378,0.002379758981987834,0.053346653346653346,0.0025002534966915846,0.0495004995004995,-1419.5654257797273,1.2250070571899414,5.421605997915026,0.49133395323500156,-0.16114957368363328,Pablo_Picasso_5.jpg,Pablo_Picasso,Cubismo,1
107.838776,100.9639,71.83728,81.85106,82.47596,64.21109,0.0,0.0,0.0,255.0,255.0,248.0,0.47780284,0.27197015,0.425804,0.32050884,0.3134373128414154,0.7024787664413452,0.868297815322876,0.25,0.6322970390319824,0.8050675392150879,4.393596172332764,4.201574325561523,5.4738688468933105,3.9040043354034424,3.9973971843719482,3.6165921688079834,5.338273525238037,3.9339842796325684,0.0013960396172478795,0.027908189880020865,0.0014645038172602654,0.04251434533124674,0.002040797844529152,0.05216484089723526,0.0014956928789615631,0.08111632759520084,0.0016781662125140429,0.15179968701095461,0.0011816330952569842,0.051904016692749085,0.0022822616156190634,0.350547730829421,0.0010507832048460841,0.08059467918622848,0.0011342389043420553,0.06259780907668232,-1419.5654257797273,1.100500464439392,1.516063524418848,0.46830946851947697,-0.07178673727470333,Pablo_Picasso_6.jpg,Pablo_Picasso,Cubismo,1
238.00578,228.0107,179.05315,24.832138,27.143261,27.749651,39.0,20.0,0.0,255.0,255.0,238.0,0.2525027,0.062297117,0.93335736,0.09734981,0.10327345877885818,0.17337769269943237,0.34241053462028503,0.25,0.1833847463130951,0.4052066504955292,5.670419216156006,1.1474977731704712,11.1925687789917,1.2994223833084106,5.734127044677734,1.4534387588500977,11.19143295288086,1.3124494552612305,0.00365051394328475,0.04424931129476584,0.003688803408294916,0.23209366391184574,0.0036631280090659857,0.08660468319559228,0.0035360613837838173,0.06869834710743801,0.003583319019526243,0.17475895316804407,0.003438824089244008,0.08737947658402204,0.003086753422394395,0.03090564738292011,0.0031147757545113564,0.05630165289256198,0.003437228035181761,0.07816804407713498,-1419.5654257797273,1.0336663722991943,1.8306611308771172,0.5020083168555709,-0.08977006903713163,Pablo_Picasso_7.jpg,Pablo_Picasso,Cubismo,1
124.22142,100.05742,79.16676,79.331314,72.49122,71.187584,0.0,0.0,0.0,255.0,255.0,255.0,0.50980943,0.28503472,0.5073931,0.30316854,0.28093448281288147,0.5509769916534424,0.6305751800537109,0.25,0.4765017628669739,0.5080268383026123,4.332150459289551,3.8647711277008057,5.6497955322265625,3.613175392150879,3.813326835632324,3.3337080478668213,5.728686809539795,3.9319427013397217,0.0021181791089475155,0.25500901622921257,0.0012310890015214682,0.02624724504107393,0.001491542556323111,0.03195752354237628,0.0018112182151526213,0.15407733921057903,0.0017816604813560843,0.12610198357042676,0.0013407820370048285,0.05209376878381086,0.001820357283577323,0.13601983570426768,0.0014282513875514269,0.07478461230214387,0.0015009797643870115,0.046032859146463635,-1419.5654257797273,1.1040194034576416,1.2577716076432934,0.465866584566297,-0.19161464011826926,Pablo_Picasso_8.jpg,Pablo_Picasso,Cubismo,1
159.44957,78.55645,62.475105,38.549755,45.722767,58.929897,0.0,0.0,0.0,228.0,204.0,208.0,0.6106754,0.34440154,0.62786096,0.14749514,0.14892826974391937,0.213321253657341,0.21934305131435394,0.25,0.21248194575309753,0.21342790126800537,2.816943407058716,1.5107084512710571,5.05609130859375,1.9866551160812378,2.589533567428589,1.135840654373169,5.041427135467529,1.8218179941177368,0.0013629364548251033,0.0,0.0013346481136977673,0.11056312769010043,0.0012850905768573284,0.0,0.0015266037080436945,0.02032520325203252,0.0022036998998373747,0.4140662362505978,0.001360868802294135,0.04725609756097561,0.0014808642445132136,0.010730511716881875,0.002078429562970996,0.23257412721186035,0.0013367783976718783,0.0665949306551889,-1419.5654257797273,1.4197053909301758,4.130976030001191,0.4868211003127968,-0.22555486195750324,Pablo_Picasso_9.jpg,Pablo_Picasso,Cubismo,1
108.35549,70.18289,37.767082,70.38943,59.059273,40.4989,1.0,0.0,0.0,255.0,255.0,218.0,0.64116627,0.20457506,0.42511317,0.27600867,0.23069700598716736,0.2137203812599182,0.26051124930381775,0.25,0.18340514600276947,0.24246744811534882,2.1983695030212402,2.083569049835205,3.900540590286255,3.0359702110290527,2.063340425491333,1.8126274347305298,3.9140188694000244,3.0821099281311035,0.001152910408563912,0.1157829457364341,0.0019192197360098362,0.171984496124031,0.0013897573808208108,0.1870077519379845,0.0006128583336248994,0.0,0.0013173958286643028,0.11888372093023256,0.0017738936003297567,0.21148837209302326,0.0005312366411089897,0.0,0.0007444672519341111,0.0054418604651162794,0.0013606250286102295,0.09195348837209302,-1419.5654257797273,1.0975804328918457,1.1854879087202854,0.5811716409779825,-0.1954172953667052,Rembrandt_1.jpg,Rembrandt,Barroco,3
79.04383,58.999344,46.268887,40.284763,31.317333,12.505957,3.0,0.0,0.0,249.0,214.0,189.0,0.37367564,0.1628245,0.31020325,0.15780845,0.1226186752319336,0.10569737106561661,0.11690879613161087,0.24989261051812128,0.10545389354228973,0.1361953467130661,1.6467247009277344,1.0718090534210205,3.157636880874634,1.5984095335006714,1.5908122062683105,0.8698435425758362,3.156520366668701,1.5490838289260864,0.000838246603962034,0.0004342344866227763,0.0009062092285603285,0.0977727973105477,0.00074546760879457,0.0021291497408600646,0.0012397971004247665,0.11217257318952234,0.0018406797898933291,0.5814960078442359,0.0009604329243302345,0.07722370079843115,0.000686504936311394,7.003782042302843e-05,0.0008846439886838198,0.03179717047205491,0.0007069773855619133,0.00016809076901526824,-1419.5654257797273,1.8805795907974243,5.793948309244197,0.4844322004463894,-0.3070872101686283,Rembrandt_10.jpg,Rembrandt,Barroco,3
43.99538,34.842983,32.855858,37.41155,27.30493,15.025007,1.0,0.0,0.0,246.0,218.0,163.0,0.2541124,0.12432143,0.17547208,0.14530852,0.11281471699476242,0.07143185287714005,0.09707900136709213,0.2499966488384874,0.05959698557853699,0.10187546163797379,0.9565605521202087,0.8434626460075378,1.8551104068756104,1.4417073726654053,0.9712480902671814,0.8604984283447266,1.8562564849853516,1.4647756814956665,0.0004582969122566283,0.030864197530864196,0.0006242763483896852,0.19889251997095134,0.0003569699765648693,0.0003025901718712176,0.0006829199264757335,0.14303437424352458,0.0013272692449390888,0.5221496005809731,0.0004464915837161243,0.0,0.00044468569103628397,0.0007262164124909223,0.0003431539225857705,0.005688695231178892,0.0004850693221669644,0.00021181312030985234,-1419.5654257797273,2.3108739852905273,5.210668830793608,0.4756663057134531,-0.2115380853721898,Rembrandt_11.jpg,Rembrandt,Barroco,3
47.845615,26.644072,9.733116,34.587685,21.77652,7.5545235,0.0,0.0,0.0,223.0,171.0,129.0,0.7351264,0.1761415,0.18772134,0.13550685,0.09266600012779236,0.09471030533313751,0.10665998607873917,0.25,0.08405601233243942,0.11255794018507004,0.8302415013313293,0.7601816058158875,1.5772619247436523,1.2955000400543213,0.8383482694625854,0.7589298486709595,1.5520055294036865,1.1636719703674316,0.0007962466916069388,0.43351881293057765,0.0005561607540585101,0.09043455219925808,0.0006102867191657424,0.0009538950715421304,0.00040579820051789284,0.005325914149443561,0.00034819135908037424,0.03871224165341813,0.00041034354944713414,0.06123476417594065,0.00018028590420726687,0.0,0.0003039951261598617,0.048728139904610494,0.0006937299622222781,0.22514573396926338,-1419.5654257797273,0.7279043793678284,0.3853864032063232,0.5185311382829499,-0.18470648253467334,Rembrandt_12.jpg,Rembrandt,Barroco,3
53.978004,41.296825,43.813026,36.978996,29.594963,15.024275,2.0,1.0,4.0,253.0,246.0,217.0,0.36767626,0.10859445,0.22489837,0.13469864,0.11702387779951096,0.09171687066555023,0.13989172875881195,0.25,0.06853219121694565,0.12928427755832672,1.2046020030975342,1.135688066482544,2.2635624408721924,1.5656691789627075,1.1682759523391724,0.9683723449707031,2.2577569484710693,1.5450698137283325,0.00036751458537764847,0.0001551253412757508,0.000536769162863493,0.08711839166046165,0.00031882410985417664,0.0,0.0008269576937891543,0.09620873665922065,0.0012104078195989132,0.42079300074460163,0.00042444976861588657,0.005460412012906428,0.0009133284911513329,0.09707743857036485,0.0010086381807923317,0.16666666666666666,0.000670998590067029,0.028046661702655747,-1419.5654257797273,1.7352194786071777,4.200804866610543,0.44999311372989204,-0.24939726811276486,Rembrandt_13.jpg,Rembrandt,Barroco,3
59.0456,43.302387,40.21807,25.075779,20.196566,13.969718,13.0,7.0,0.0,217.0,196.0,149.0,0.32509333,0.11472136,0.23160386,0.0983187,0.08099313080310822,0.07645002752542496,0.09842859208583832,0.25,0.056253332644701004,0.0824669599533081,1.2275468111038208,0.7453805804252625,2.370555877685547,1.0353857278823853,1.2213245630264282,0.7426033616065979,2.376530408859253,1.1471335887908936,0.0008208099170587957,0.17395755770662696,0.0007882374920882285,0.1824584264085381,0.0007498668855987489,0.0011789525936957061,0.0007725541945546865,0.0477475800446761,0.0008954109507612884,0.24398113675850086,0.0006437230040319264,0.00021717547778605113,0.0006954781129024923,0.11339662447257384,0.0007424145005643368,0.13660337552742616,0.0004935848410241306,0.003071481757259866,-1419.5654257797273,1.2206135988235474,2.432749903512338,0.4777885675711097,-0.20656196534204854,Rembrandt_14.jpg,Rembrandt,Barroco,3
101.19303,61.594105,27.551441,42.866673,34.666553,20.928978,0.0,0.0,0.0,255.0,237.0,183.0,0.70894134,0.15067667,0.39697334,0.1678542,0.13499775528907776,0.1422969251871109,0.14679041504859924,0.25000158122766514,0.10915309935808182,0.12877976894378662,1.8053380250930786,1.185888409614563,3.470022201538086,1.7992076873779297,1.8223556280136108,1.1563609838485718,3.464884042739868,1.8120681047439575,0.0011308679822832346,0.0812120169705309,0.001256364630535245,0.2199002407980736,0.001044766278937459,0.05389290219011581,0.001091237529180944,0.09844054580896686,0.0014349392149597406,0.2745384703589038,0.0011799033964052796,0.15889806214883614,0.000938473385758698,0.004443297786951038,0.0006000042776577175,0.0,0.0009606569656170905,0.00911592707258342,-1419.5654257797273,1.3400481939315796,2.7440384382836163,0.5009081937979091,-0.1981288317722699,Rembrandt_15.jpg,Rembrandt,Barroco,3
38.960648,30.918232,22.98698,23.821606,18.11774,9.882137,4.0,0.0,0.0,255.0,236.0,189.0,0.36918536,0.11433535,0.15280147,0.093431376,0.07363570481538773,0.08752083778381348,0.08918929100036621,0.24991822605045452,0.07462866604328156,0.09458932280540466,0.8370663523674011,0.6624841690063477,1.6112266778945923,0.9479727149009705,0.8560063242912292,0.7085638046264648,1.6136338710784912,1.0146963596343994,0.00034343672450631857,9.24898261191269e-05,0.00047295691911131144,0.005703539277346159,0.0005100453272461891,0.059070168948082376,0.00038667142507620156,0.008169934640522876,0.0005527340108528733,0.1210383524478974,0.0010183850536122918,0.6094154642989271,0.0004170781758148223,0.0385065976075965,0.00039723209920339286,0.041188802565051176,0.0003892193199135363,0.020841040818843262,-1419.5654257797273,1.1084611415863037,1.2049925479090664,0.5534465847488563,-0.1646752016638495,Rembrandt_16.jpg,Rembrandt,Barroco,3
75.883965,50.36803,41.253036,54.870766,36.75767,32.171165,0.0,0.0,0.0,255.0,244.0,248.0,0.45321503,0.19037491,0.30003458,0.21264735,0.1599722057580948,0.21146723628044128,0.24550525844097137,0.25,0.18579329550266266,0.24935902655124664,1.6382935047149658,1.4711345434188843,2.9154796600341797,2.1590640544891357,1.6793453693389893,1.519487738609314,2.889996290206909,2.083613872528076,0.0008187138591893017,0.04282172639170611,0.0009421786526218057,0.07299414018480956,0.0010063902009278536,0.06166892044173992,0.0009495467529632151,0.10987153482082489,0.0007568039582110941,0.07567049808429119,0.0014026100980117917,0.387762001352265,0.0007673093350604177,0.0908271354518819,0.0008333369041793048,0.04848433626324093,0.0004178060044068843,0.015860942077980618,-1419.5654257797273,0.8627511858940125,0.7517257789199192,0.5023767187840609,-0.19761197428792288,Rembrandt_17.jpg,Rembrandt,Barroco,3
78.96737,55.298183,22.999048,81.780334,67.8012,39.71817,0.0,0.0,0.0,255.0,255.0,227.0,0.7909006,0.16500965,0.3096647,0.32058704,0.26705077290534973,0.16001476347446442,0.2250976711511612,0.2500009360456191,0.1604219526052475,0.23975901305675507,1.5562711954116821,1.9603323936462402,2.9506871700286865,3.4668455123901367,1.5578439235687256,1.963403582572937,2.9279770851135254,3.3793089389801025,0.0002931645140051842,0.0,0.0011603021994233131,0.02830252441620763,0.0026094659697264433,0.4278496840255483,0.0003464634355623275,5.0691088506640533e-05,0.0013933684676885605,0.15050184177621573,0.0015957184368744493,0.2957825014362475,0.00015999129391275346,0.0,0.00020107395539525896,0.0,0.0003824153682217002,1.6897029502213512e-05,-1419.5654257797273,1.5401906967163086,1.5008423576339267,0.6785264353460869,-0.1742628071932306,Rembrandt_18.jpg,Rembrandt,Barroco,3
76.03081,51.336166,33.478287,47.63296,41.791546,34.80175,0.0,0.0,0.0,255.0,255.0,255.0,0.5930508,0.15845676,0.2982594,0.18695852,0.1655685156583786,0.17347347736358643,0.16876991093158722,0.25000173631609285,0.16239884495735168,0.188859760761261,1.5822161436080933,1.526383876800537,2.830374240875244,2.085294723510742,1.5611659288406372,1.308154582977295,2.8368780612945557,2.123248338699341,0.0015971846878528595,0.3344645550527903,0.0010507709812372923,0.04194947209653092,0.0008422185783274472,0.030071644042232278,0.0013124659890308976,0.2905040221216692,0.00102525285910815,0.1878456510809452,0.0005398518405854702,0.0010369532428355958,0.0004795485292561352,0.008861236802413273,0.0005276779993437231,0.005279034690799397,0.0004852511628996581,0.004650578179989945,-1414.6848307160349,1.173906922340393,1.8687736939052846,0.42158497311353826,-0.1350120559063238,Rembrandt_19.jpg,Rembrandt,Barroco,3
70.92874,59.209488,51.54212,50.326744,40.544773,31.6432,0.0,0.0,0.0,255.0,255.0,233.0,0.29875126,0.1690151,0.28637496,0.19075318,0.16461674869060516,0.23458537459373474,0.19893383979797363,0.25,0.2548709809780121,0.2583438456058502,1.5902870893478394,1.1658899784088135,3.0758554935455322,2.0846471786499023,1.6578730344772339,1.497097134590149,3.0768260955810547,2.0801870822906494,0.0014319522306323051,0.19641812865497077,0.0006215437897481024,0.010355750487329434,0.0005651579704135656,0.0,0.0015588323585689068,0.32614522417153996,0.0005766043905168772,0.0003898635477582846,0.0005873224581591785,0.00012183235867446393,0.0014914821367710829,0.2678606237816764,0.00093527213903144,0.0911793372319688,0.0007908308762125671,0.007529239766081872,-1419.5654257797273,0.6063075065612793,0.003898635087719337,0.3905803281955256,-0.18870328822038288,Rembrandt_2.jpg,Rembrandt,Barroco,3
63.211937,47.010246,45.619816,54.88612,52.10211,47.175137,0.0,0.0,0.0,255.0,255.0,255.0,0.49394423,0.29066104,0.25949562,0.20891528,0.20212849974632263,0.19960996508598328,0.18199282884597778,0.2500016517895488,0.22525635361671448,0.24394579231739044,1.4900645017623901,1.5277584791183472,2.595615863800049,2.5602986812591553,1.4723458290100098,1.5002939701080322,2.5952110290527344,2.551480531692505,0.0009248245623894036,0.018950263032042086,0.0006787319434806705,0.061125059780009566,0.0022823780309408903,0.7195121951219512,0.0007252387586049736,0.03625657580105213,0.0006086119683459401,0.04238402678144428,0.0004537744098342955,0.011985891917742707,0.0008776471950113773,0.0011956001912960307,0.00048262704513035715,0.003287900526064084,0.00010329121141694486,2.9890004782400767e-05,-1417.9556930241993,0.7674572467803955,0.42633790059061694,0.5154506827476243,-0.13004286206786508,Rembrandt_20.jpg,Rembrandt,Barroco,3
104.62991,58.617992,30.397741,40.280083,37.192318,27.549084,8.0,0.0,0.0,255.0,230.0,194.0,0.73469406,0.15010957,0.41031143,0.15803117,0.13967321813106537,0.14934982359409332,0.108409084379673,0.25,0.12495241314172745,0.10576163232326508,1.7589606046676636,1.1491525173187256,3.4372105598449707,1.8279603719711304,1.751790165901184,1.1199105978012085,3.438579797744751,1.8319728374481201,0.000574673293158412,0.004204297726564933,0.0010474564041942358,0.05454734199673471,0.0008957760874181986,0.04169379877881902,0.001663036528043449,0.45287034153430916,0.0013613306218758225,0.18794296122231344,0.0010638127569109201,0.06998669346847484,0.0010812908876687288,0.016897407585666695,0.0010389902163296938,0.0683398922265319,0.0008474088390357792,0.0040768947651538745,-1419.5654257797273,1.2797313928604126,1.8782615019768187,0.4816722624371298,-0.45692879134805403,Rembrandt_3.jpg,Rembrandt,Barroco,3
67.08532,53.760834,45.755684,55.218094,54.51163,46.117924,4.0,0.0,0.0,255.0,254.0,240.0,0.36343795,0.19687168,0.2639704,0.21609603,0.20929665863513947,0.11183896660804749,0.15223532915115356,0.25,0.07986052334308624,0.11876790970563889,1.4815372228622437,1.5986560583114624,2.8409454822540283,2.6918749809265137,1.482080101966858,1.5502138137817383,2.840463399887085,2.727311611175537,0.0004075054603163153,0.0,0.0004669077170547098,0.03270840499942667,0.0002750890562310815,0.0,0.0013552915770560503,0.25988992088063295,0.001738221850246191,0.3279727095516569,0.000798271968960762,0.049019607843137254,0.0007747121853753924,0.032909070060772844,0.0012126952642574906,0.15236211443641784,0.0008579998393543065,0.04985093452585713,-1419.5654257797273,1.98357093334198,3.2626422609866563,0.4625448507578034,-0.24889666371700328,Rembrandt_4.jpg,Rembrandt,Barroco,3
46.39658,26.059732,18.712479,27.3829,19.395401,12.409943,5.0,0.0,0.0,255.0,217.0,190.0,0.5944249,0.10204197,0.18196446,0.10735085,0.08156133443117142,0.07894531637430191,0.09356424957513809,0.25000152782785656,0.07009661942720413,0.1059916540980339,0.8303921818733215,0.7822115421295166,1.553287148475647,1.0352505445480347,0.8154510259628296,0.6932182312011719,1.5556612014770508,1.0460841655731201,0.00034402086748741567,0.004569624459953473,0.0004893154255114496,0.11689930209371885,0.0004898662446066737,0.02201728148886673,0.0004889488336630166,0.04353605849119309,0.0007250396301969886,0.3575661903179351,0.0003856189432553947,0.00786529300985931,0.000526190793607384,0.1568904397917359,0.000542544643394649,0.16899302093718843,0.00032767007360234857,0.007089841586352055,-1419.5654257797273,1.5107421875,3.634512157544435,0.48853129762107633,-0.21804725871932112,Rembrandt_5.jpg,Rembrandt,Barroco,3
72.81768,55.174713,31.971474,52.756886,49.637085,45.00814,0.0,0.0,0.0,255.0,255.0,255.0,0.6456434,0.24821316,0.2860522,0.20788361,0.1929241120815277,0.17511966824531555,0.1948423683643341,0.25000054843925157,0.17232848703861237,0.21029916405677795,1.5694972276687622,1.5080984830856323,2.899592399597168,2.53434419631958,1.5546560287475586,1.5285922288894653,2.8834750652313232,2.426978826522827,0.0014309079851955175,0.11361153594057243,0.0009124330244958401,0.004369674459252786,0.000505436968524009,0.01791566528293642,0.0020861662924289703,0.6486185870061771,0.0007753330864943564,0.02880012711780245,0.0005432064644992352,0.005918922676624228,0.000708972685970366,0.07738296224204023,0.0006505066994577646,0.0039128448566945395,0.00041479701758362353,0.0048463662184439985,-1419.5654257797273,0.8692236542701721,0.2862909133394034,0.36913452853120593,-0.19254154980032628,Rembrandt_6.jpg,Rembrandt,Barroco,3
40.1093,22.8924,17.154554,46.33839,26.335882,11.38642,0.0,0.0,0.0,241.0,179.0,142.0,0.48304364,0.23093133,0.16110702,0.1792347,0.11777319014072418,0.09462236613035202,0.13281884789466858,0.25,0.07141035795211792,0.10948948562145233,0.81918865442276,1.117398738861084,1.392543911933899,1.6556581258773804,0.7343823313713074,0.9113824367523193,1.3770127296447754,1.5029072761535645,0.00021694734459742904,0.034995455135696664,0.0005032008048146963,0.16744578626152448,0.00027759006479755044,0.0016880924555252564,0.0003088311350438744,0.00038955979742890534,0.0008411011658608913,0.30145435657706793,0.0006934418343007565,0.21873782625633034,0.0001432805584045127,6.492663290481755e-05,0.0004721642180811614,0.1534540968705363,0.0003477954596746713,0.026619919490975197,-1419.5654257797273,1.989755392074585,2.9983852361567367,0.5585936826741609,-0.21985329277058868,Rembrandt_7.jpg,Rembrandt,Barroco,3
50.640182,37.479347,31.092043,24.417307,18.561451,11.016625,9.0,3.0,0.0,255.0,241.0,219.0,0.3609654,0.1326167,0.19860898,0.095739886,0.07530714571475983,0.08678393065929413,0.11163703352212906,0.25,0.07015398144721985,0.10913635790348053,1.0427311658859253,0.7135219573974609,2.0234670639038086,1.0026683807373047,1.0638142824172974,0.8154377341270447,2.027367115020752,1.0447368621826172,0.000510707322973758,0.029015954207770065,0.0008022888796404004,0.19830105955425648,0.000671699526719749,0.031055900621118012,0.0006175324670039117,0.03431372549019608,0.0005652133258990943,0.08966630130312994,0.0006637916667386889,0.14011691633175008,0.0004140172968618572,0.0154670563877725,0.0006283639231696725,0.11740348313238338,0.0007612193003296852,0.24503714529289977,-1419.5654257797273,0.902748703956604,0.896286938678874,0.5325328389087359,-0.2103762802158771,Rembrandt_8.jpg,Rembrandt,Barroco,3
45.350254,32.441257,19.970926,31.126265,22.269545,13.371858,3.0,0.0,0.0,250.0,201.0,145.0,0.5303077,0.12830672,0.1778471,0.122056805,0.09305215626955032,0.07518059015274048,0.09449292719364166,0.2500015108204964,0.06176425516605377,0.09498001635074615,0.9048325419425964,0.7866494059562683,1.7370250225067139,1.2450233697891235,0.8998163342475891,0.7874314188957214,1.7327747344970703,1.2113375663757324,0.0003802170976996422,0.0005477051155657794,0.0006920979358255863,0.11222477817942819,0.0004975495976395905,0.002464673020046007,0.0003120267065241933,0.0006572461386789353,0.0009595802403055131,0.41978858582539164,0.0003497225698083639,0.002711140322050608,0.00047976963105611503,0.04869098477379779,0.0007490101852454245,0.2715521962975134,0.000393293215893209,0.026426771826048856,-1419.5654257797273,1.794219970703125,4.268726939914138,0.5022007795100301,-0.21917246886299338,Rembrandt_9.jpg,Rembrandt,Barroco,3
177.65628,105.37879,70.28576,45.191467,53.04435,41.14641,14.0,0.0,0.0,255.0,206.0,185.0,0.6267681,0.16051008,0.6966987,0.1772246,0.1869460791349411,0.10070489346981049,0.14890137314796448,0.25,0.07892881333827972,0.11075387895107269,3.165104389190674,1.5150219202041626,6.119459629058838,2.4113316535949707,3.077817916870117,1.2447984218597412,6.1132659912109375,2.397167444229126,0.0020752979908138514,0.0,0.001630769344046712,0.0,0.0021637994796037674,0.0,0.0021495872642844915,0.06896381741102238,0.001181566040031612,0.0,0.0022266132291406393,0.1536034703736567,0.00205645221285522,0.323868677905945,0.0016214560018852353,0.12146307798481712,0.001911490922793746,0.21675046830326333,-1419.5654257797273,0.624905526638031,0.0,0.5018499177542076,-0.1644668731455069,Rene_Magritte_1.jpg,Rene_Magritte,Surrealismo,0
80.8512,56.203636,21.219059,81.02213,61.16218,26.17751,0.0,0.0,0.0,231.0,195.0,167.0,0.584186,0.35810214,0.31791875,0.31709942,0.24551396071910858,0.20255973935127258,0.3229837119579315,0.25,0.14859093725681305,0.26260969042778015,1.7845081090927124,1.9488290548324585,3.0917983055114746,3.121765375137329,1.7988308668136597,2.0416057109832764,3.1443984508514404,3.3254623413085938,0.0005776391481049359,0.004606625258799172,0.0008080875268206,0.09937888198757763,9.085827332455665e-05,0.0,0.001459192018955946,0.23421325051759834,0.001603947370313108,0.14109730848861285,0.00045630577369593084,0.04648033126293996,0.000782023707870394,5.175983436853002e-05,0.0015905741602182388,0.2833850931677019,0.0008927041199058294,0.08628364389233954,-1419.5654257797273,1.747341513633728,1.4180681772303947,0.4313558818530837,-0.1993102554241285,Rene_Magritte_10.jpg,Rene_Magritte,Surrealismo,0
124.1578,115.20376,77.530655,63.53096,58.380016,46.140476,0.0,0.0,0.0,255.0,235.0,231.0,0.43937463,0.2446411,0.50455034,0.23763917,0.22272974252700806,0.3225930333137512,0.37929126620292664,0.25,0.24168623983860016,0.30217885971069336,3.994749069213867,2.9805190563201904,5.761989116668701,2.7072958946228027,3.2781195640563965,2.1439709663391113,5.732271671295166,2.588306188583374,0.002052080351859331,0.11970222871757398,0.0018069219077005982,0.19802703690171722,0.0018935250118374825,0.19263792473511143,0.0018067964119836688,0.06243149433686518,0.0016787666827440262,0.11276032151991232,0.0017318322788923979,0.11673364998173183,0.0017081759870052338,0.017491779320423822,0.0014625164913013577,0.0623858238947753,0.0015587055822834373,0.019638290098648155,-1419.5654257797273,0.962386429309845,1.1253417290771082,0.49808119047153204,-0.1608676833226549,Rene_Magritte_2.jpg,Rene_Magritte,Surrealismo,0
158.31746,76.574615,62.258778,68.90041,29.655848,21.55355,5.0,0.0,0.0,246.0,242.0,231.0,0.54024744,0.19669934,0.6214863,0.26905873,0.1570311337709427,0.0980299785733223,0.20132970809936523,0.25,0.0752497985959053,0.136176198720932,2.743786096572876,1.380264163017273,4.983339309692383,1.9887890815734863,2.5676329135894775,1.1385282278060913,4.959254741668701,1.9440428018569946,0.0019468088867142797,0.4032569549558954,0.001152251148596406,0.12698992640534473,0.0018672257428988814,0.1460932198966543,0.001716133556328714,0.07782243332115454,0.0005683189374394715,0.0,0.0017851634183898568,0.049376272248029644,0.0017355966847389936,0.02014718931050681,0.0011715588625520468,0.00020877916383944882,0.0017853934550657868,0.008403361344537815,-1419.5654257797273,0.37257203459739685,0.0,0.49636357845898615,-0.16713192765867682,Rene_Magritte_3.jpg,Rene_Magritte,Surrealismo,0
76.288025,100.54512,152.17958,34.86121,33.7046,32.88501,0.0,0.0,31.0,208.0,220.0,255.0,0.51525164,0.14398335,0.5967819,0.12895557,0.1307959109544754,0.11629271507263184,0.15916793048381805,0.25,0.09171523153781891,0.1358066350221634,2.5019116401672363,1.0243258476257324,4.932264804840088,1.730432391166687,2.539057970046997,1.2691764831542969,4.929008483886719,1.6986305713653564,0.001184777356684208,0.0,0.0010932456934824586,0.01320575233618712,0.0010473679285496473,0.0,0.0021410395856946707,0.4286273851491243,0.0018453618977218866,0.291030160595378,0.0016133866738528013,0.041407867494824016,0.001623539486899972,0.0385540820323429,0.001544079277664423,0.020424150858933468,0.0016306431498378515,0.06776341558950255,-1419.5654257797273,1.2102028131484985,2.9070298922098,0.4824859651796073,-0.12490807064510792,Rene_Magritte_4.jpg,Rene_Magritte,Surrealismo,0
72.84517,65.94754,45.647263,71.531044,67.94539,61.27621,0.0,0.0,0.0,245.0,231.0,228.0,0.46893558,0.31877327,0.30862862,0.3029866,0.2610156834125519,0.31107866764068604,0.4816250503063202,0.25,0.29099202156066895,0.5059488415718079,2.0906822681427,2.546963691711426,3.456909656524658,3.408729076385498,2.140191078186035,2.4516656398773193,3.493565082550049,3.513526439666748,0.00045806472189724445,0.04145836489420795,0.0005516383680514991,0.06877745796091501,0.000529018696397543,0.04256930768065444,0.0003152258286718279,0.027420087865474927,0.0011328739346936345,0.17628642124930566,0.0014442479005083442,0.1618441650255012,0.0016595333581790328,0.1529566227339292,0.0013027451932430267,0.06953491895167399,0.0016641148831695318,0.15033075796596476,-1419.5654257797273,1.1256754398345947,1.780314870070162,0.5348896234279009,-0.16425212845983195,Rene_Magritte_5.jpg,Rene_Magritte,Surrealismo,0
86.23574,102.33252,119.98222,47.147503,57.09693,62.28951,0.0,0.0,0.0,227.0,238.0,255.0,0.27033168,0.114763945,0.4708637,0.24380858,0.21342623233795166,0.10671382397413254,0.14264126121997833,0.25,0.08417942374944687,0.12661975622177124,2.507981538772583,1.4170054197311401,4.953390121459961,2.7198970317840576,2.5977821350097656,1.6487929821014404,4.947662353515625,2.686823606491089,0.0006407018518075347,0.0002781125428756837,0.000796728883869946,0.0015296189858162604,0.00044668998452834785,0.0,0.0017630407819524407,0.12445536293686846,0.0024041100405156612,0.45346250115880227,0.0015562257030978799,0.002873829609715398,0.0021433192305266857,0.16510614628719755,0.001985715003684163,0.10980810234541578,0.002034715609624982,0.048855103365161766,-1419.5654257797273,1.571161150932312,4.502761136195603,0.4866549207437593,-0.17179363867920708,Rene_Magritte_6.jpg,Rene_Magritte,Surrealismo,0
151.08714,90.72908,69.62185,56.333355,49.730633,35.040672,0.0,0.0,0.0,255.0,227.0,218.0,0.5521274,0.15440267,0.5926055,0.22092442,0.18531939387321472,0.19140996038913727,0.2989952862262726,0.25,0.1661079227924347,0.23760074377059937,2.9292235374450684,1.9543907642364502,5.328243732452393,2.3589274883270264,2.9019622802734375,1.7455483675003052,5.351974010467529,2.336648464202881,0.0018796039512380958,0.17524401064773737,0.0017902145627886057,0.09913240658582273,0.0018222415819764137,0.22039830424923593,0.0018271839944645762,0.14911761806171744,0.0013705227756872773,0.0005915409642117716,0.0015930887311697006,0.17184265010351968,0.0016614031046628952,0.022232081238292418,0.0012267085257917643,0.011978704525288377,0.0015685552498325706,0.05136547372572217,-1419.5654257797273,0.8368405103683472,0.005902929013051289,0.4893004072190948,-0.16296183760839195,Rene_Magritte_7.jpg,Rene_Magritte,Surrealismo,0
39.235092,54.674484,113.20123,35.30148,47.95912,88.20673,0.0,0.0,0.0,159.0,208.0,255.0,0.54099166,0.3272302,0.4441678,0.34566638,0.18983829021453857,0.1395363062620163,0.2402106076478958,0.25000353331920006,0.10606109350919724,0.19477835297584534,2.0226645469665527,2.2543771266937256,2.8808515071868896,2.2733592987060547,1.5353357791900635,1.2750872373580933,2.9171721935272217,2.3305585384368896,0.001376102794893086,0.06486210418794688,0.0006405591266229749,0.03626149131767109,0.0013285194290801883,0.04021961184882533,0.0015368396416306496,0.325076608784474,0.00015059350698720664,0.04226251276813075,0.0015548834344372153,0.276046986721144,0.000746102596167475,0.07469356486210418,2.887996970457607e-06,0.0,0.000544800132047385,0.0437946884576098,-1419.5654257797273,0.17196758091449738,0.42111955091338016,0.4900717057333323,-0.07380982423614836,Rene_Magritte_8.jpg,Rene_Magritte,Surrealismo,0
164.47556,156.83267,155.8722,35.49162,37.84841,45.24741,6.0,0.0,0.0,255.0,240.0,240.0,0.20562422,0.18061721,0.6918604,0.117118165,0.1413506269454956,0.22810733318328857,0.3504359722137451,0.25,0.18200786411762238,0.29646873474121094,4.125639915466309,1.3838995695114136,7.923099994659424,1.9293591976165771,4.128283977508545,1.5006961822509766,7.901566982269287,1.8394649028778076,0.0027648129034787416,0.3498447204968944,0.0022484008222818375,0.08436853002070394,0.002695744624361396,0.35698757763975153,0.0026498616207391024,0.029917184265010353,0.002223390620201826,0.03084886128364389,0.002635788172483444,0.02789855072463768,0.0023233576212078333,0.0,0.0022015292197465897,0.015786749482401656,0.002261559711769223,0.002536231884057971,-1419.5654257797273,0.9093813300132751,0.3091107856000787,0.49621800822213513,-0.16520560298330728,Rene_Magritte_9.jpg,Rene_Magritte,Surrealismo,0
165.31087,166.86569,160.8442,57.026726,57.274433,55.82253,22.0,25.0,14.0,255.0,255.0,255.0,0.0961807,0.0703959,0.6696842,0.21833684,0.22275038063526154,0.4506734311580658,0.558451771736145,0.25,0.4275098443031311,0.5473023056983948,4.677312850952148,2.9104785919189453,8.258983612060547,3.0785160064697266,4.346714496612549,2.2983579635620117,8.31485652923584,3.3152313232421875,0.0029544527642428875,0.13855421686746988,0.00292613310739398,0.10913654618473896,0.00289142900146544,0.020582329317269075,0.0023852428421378136,0.035240963855421685,0.0030487696640193462,0.29136546184738954,0.002231214428320527,0.07991967871485944,0.0018336549401283264,0.01355421686746988,0.0022784422617405653,0.09036144578313253,0.0023639898281544447,0.12238955823293172,-1403.1919653855807,1.1975047588348389,2.91008327480795,0.504851251044303,-0.11849985320408604,Salvador_Dali_1.jpg,Salvador_Dali,Surrealismo,0
99.69752,82.42946,75.694595,64.12247,55.18781,47.894928,30.0,13.0,3.0,255.0,255.0,255.0,0.22785027,0.11031089,0.39159942,0.251959,0.22229741513729095,0.11463471502065659,0.21017633378505707,0.25,0.08961755037307739,0.1650865375995636,2.2508950233459473,1.7284022569656372,4.344336986541748,2.8431997299194336,2.2508702278137207,1.7253209352493286,4.325946807861328,2.8967907428741455,0.0007946642581373453,0.00787037037037037,0.0014511627377942204,0.21537698412698414,0.001224955660291016,0.1445436507936508,0.001307235681451857,0.11283068783068784,0.002239648951217532,0.18478835978835978,0.0018922651652246714,0.2216931216931217,0.0007871488342061639,0.0021164021164021165,0.0012154383584856987,0.00667989417989418,0.0011133665684610605,0.005687830687830688,-1419.5654257797273,1.6761085987091064,1.8446300975518897,0.5334898097314545,-0.1626491454309402,Salvador_Dali_10.jpg,Salvador_Dali,Surrealismo,0
175.69493,156.7627,124.13409,56.198032,61.496277,65.48795,12.0,1.0,0.0,255.0,255.0,255.0,0.32788733,0.20459202,0.6923334,0.21882914,0.23256094753742218,0.31204548478126526,0.4004212021827698,0.25,0.28054046630859375,0.38583555817604065,4.276331424713135,2.4214038848876953,7.9154253005981445,3.210810661315918,4.099082946777344,2.0884499549865723,7.905335903167725,3.075885057449341,0.002968225395306945,0.03853643216080402,0.0029200599528849125,0.0978643216080402,0.003174857934936881,0.40499371859296485,0.002007960109040141,0.00028266331658291456,0.0021890203934162855,0.017556532663316582,0.002289906842634082,0.033731155778894475,0.0021299980580806732,0.057537688442211056,0.0019687425810843706,0.125,0.0023171703796833754,0.12443467336683417,-1419.3427099068465,0.8968932032585144,0.17557756323253068,0.5159226672604231,-0.15567621204945029,Salvador_Dali_11.jpg,Salvador_Dali,Surrealismo,0
189.45297,180.76274,176.54216,56.964966,60.109734,64.40931,55.0,42.0,44.0,255.0,255.0,255.0,0.15464799,0.09605365,0.7737354,0.23648162,0.23085907101631165,0.11650747060775757,0.16420944035053253,0.25,0.09204011410474777,0.11770129948854446,4.572598457336426,1.5675030946731567,9.083279609680176,2.941509246826172,4.6657843589782715,1.8915259838104248,9.082510948181152,2.9317727088928223,0.0033642032649368048,0.10854779411764706,0.003357891459017992,0.01636029411764706,0.0028468568343669176,6.127450980392157e-05,0.003345843404531479,0.25618872549019606,0.003345547942444682,0.36011029411764706,0.0020568431355059147,0.003155637254901961,0.0022681751288473606,0.05153186274509804,0.002395224990323186,0.08719362745098039,0.0023309297394007444,0.015471813725490197,-1419.44051762313,1.1895703077316284,3.6066274387225548,0.4732418402724072,-0.15383263394705368,Salvador_Dali_12.jpg,Salvador_Dali,Surrealismo,0
118.29392,113.13876,109.84223,61.8113,68.378,61.83233,26.0,25.0,18.0,255.0,255.0,255.0,0.24874665,0.13632464,0.5136785,0.2656293,0.2513386309146881,0.2296271026134491,0.3573979437351227,0.25,0.20243793725967407,0.31329110264778137,3.4287891387939453,2.8572030067443848,5.706858158111572,3.073052167892456,3.0263402462005615,2.013040065765381,5.7172932624816895,3.1585021018981934,0.0013782666064798832,0.0,0.0016649223398417234,0.08141304347826087,0.0013777513522654772,0.0,0.0011831555748358369,0.0058152173913043476,0.0021468314807862043,0.3264673913043478,0.0018718516221269965,0.17869565217391303,0.0018374553183093667,0.04820652173913043,0.002827252494171262,0.2510326086956522,0.0015168372774496675,0.004076086956521739,-1419.545409475608,1.2225370407104492,3.2803224663422124,0.5082817433410676,-0.18477062408058664,Salvador_Dali_13.jpg,Salvador_Dali,Surrealismo,0
151.78561,140.76094,132.76036,71.1913,72.142494,70.175255,8.0,13.0,8.0,255.0,255.0,255.0,0.1546152,0.11937619,0.5987653,0.28061578,0.27967074513435364,0.25725671648979187,0.3832634687423706,0.25,0.18717266619205475,0.31566378474235535,3.81622314453125,2.2631423473358154,7.175097942352295,3.6699676513671875,4.054447650909424,2.7591686248779297,7.161930084228516,3.643409490585327,0.0026266376953572035,0.1642127403846154,0.002683245111256838,0.20618990384615385,0.0017307273810729384,0.004477163461538461,0.0017105498118326068,0.00021033653846153847,0.002614405006170273,0.220703125,0.002279214560985565,0.25078125,0.0017378050833940506,0.0,0.002231717575341463,0.027463942307692307,0.0022117902990430593,0.027584134615384615,-1412.2561834382584,1.1867965459823608,2.20305916821293,0.4993478672486792,-0.16271112915433458,Salvador_Dali_14.jpg,Salvador_Dali,Surrealismo,0
97.43264,71.10719,60.94374,52.028313,29.652138,17.783623,12.0,16.0,10.0,244.0,225.0,205.0,0.31291738,0.19427994,0.38650072,0.20043738,0.13191816210746765,0.20936311781406403,0.2654500901699066,0.25,0.161350280046463,0.1966872662305832,2.0863919258117676,1.374140977859497,3.9074819087982178,1.8931877613067627,2.1820192337036133,1.620970606803894,3.885859489440918,1.825813889503479,0.0006815950619056821,0.0,0.0009253168245777488,5.3648068669527894e-05,0.0011800145730376244,8.047210300429185e-05,0.0012574120191857219,0.08699034334763948,0.0012053519021719694,0.07910407725321889,0.0013621965190395713,0.08245708154506438,0.0013035909505560994,0.29146995708154505,0.0015148390084505081,0.20807403433476396,0.0013414451386779547,0.1533530042918455,-1419.5654257797273,1.007084608078003,0.7896521183707481,0.5194498399602899,-0.18434182069196997,Salvador_Dali_15.jpg,Salvador_Dali,Surrealismo,0
190.73671,165.0835,144.6689,58.733295,61.429108,59.64989,27.0,30.0,29.0,255.0,255.0,255.0,0.25745502,0.14942536,0.74885386,0.23027685,0.23407049477100372,0.1424238383769989,0.23522169888019562,0.25,0.11473751068115234,0.1817527562379837,4.328757286071777,1.8283228874206543,8.479463577270508,3.060652256011963,4.315067768096924,1.8030437231063843,8.474517822265625,3.041663646697998,0.0020850079599767923,0.017111650485436895,0.003435006132349372,0.44775485436893203,0.003139057895168662,0.12402912621359223,0.003366446355357766,0.1316747572815534,0.003161902539432049,0.10870752427184466,0.003131643170490861,0.06787014563106795,0.001899658003821969,0.0,0.001725386013276875,0.0,0.0016441087936982512,0.00012135922330097087,-1419.4590819021064,1.206408143043518,1.0903833355476729,0.5084381966612835,-0.14997913115883874,Salvador_Dali_16.jpg,Salvador_Dali,Surrealismo,0
132.58809,120.60445,121.858635,38.048203,36.744457,35.75269,33.0,21.0,23.0,255.0,255.0,255.0,0.12902924,0.08034359,0.52544934,0.15032282,0.14352650940418243,0.17983165383338928,0.2303195595741272,0.25,0.15044206380844116,0.21570472419261932,3.1913249492645264,1.4627618789672852,6.183105945587158,1.9646843671798706,3.179241180419922,1.4655632972717285,6.18662166595459,1.9960248470306396,0.002030876697972417,0.057173645320197045,0.0025300823617726564,0.3814963054187192,0.0019763114396482706,0.08192733990147784,0.0015900053549557924,0.02540024630541872,0.0020101938862353563,0.09873768472906404,0.0015730573795735836,0.021705665024630543,0.001829788787290454,0.05852832512315271,0.00210176152177155,0.16102216748768472,0.001571023021824658,0.014131773399014778,-1419.5036405706394,1.0510395765304565,0.9872416580276094,0.4960491922954517,-0.16177656945497162,Salvador_Dali_17.jpg,Salvador_Dali,Surrealismo,0
169.18185,142.33441,118.4059,28.973185,28.586775,22.845135,65.0,48.0,50.0,255.0,255.0,255.0,0.29777238,0.08412914,0.6635304,0.113750495,0.10705192387104034,0.15870040655136108,0.16756397485733032,0.25,0.12673237919807434,0.13976150751113892,3.7940196990966797,1.507356882095337,7.328009605407715,1.4394440650939941,3.711111545562744,1.1656365394592285,7.328248023986816,1.3954932689666748,0.0023686117492616177,0.06306352459016394,0.002458308357745409,0.13550204918032788,0.0025998021010309458,0.17515368852459015,0.0024970825761556625,0.28048155737704916,0.0023251797538250685,0.1554815573770492,0.0021361173130571842,0.048668032786885244,0.0020402257796376944,0.014293032786885245,0.001993081532418728,0.003278688524590164,0.0020153382793068886,0.024077868852459015,-1417.5178411063869,1.0241159200668335,1.55481541828895,0.49683307928494275,-0.1609450174781022,Salvador_Dali_18.jpg,Salvador_Dali,Surrealismo,0
163.36977,141.88551,127.105484,50.138725,47.70151,46.76327,30.0,22.0,21.0,255.0,242.0,240.0,0.2384659,0.16753866,0.6459358,0.19424886,0.18390494585037231,0.2027495950460434,0.23666724562644958,0.25,0.17405317723751068,0.20970766246318817,3.703610420227051,1.4775551557540894,7.291687488555908,2.4588816165924072,3.7895286083221436,1.6691057682037354,7.290600776672363,2.4429171085357666,0.0025578835047781467,0.079833984375,0.0023446197155863047,0.069970703125,0.0026734317652881145,0.051708984375,0.0027181089390069246,0.214453125,0.002381498459726572,0.148486328125,0.002702216850593686,0.138818359375,0.001780250808224082,0.11552734375,0.0015004051383584738,0.03671875,0.0016291082138195634,0.041943359375,-1419.5654257797273,1.0564813613891602,1.4890640508899424,0.49835055017361757,-0.15140526960033077,Salvador_Dali_19.jpg,Salvador_Dali,Surrealismo,0
140.6002,130.78052,133.17784,52.97394,54.21563,50.38205,29.0,19.0,15.0,255.0,255.0,255.0,0.23533341,0.11347452,0.6025511,0.20219277,0.20356100797653198,0.24485677480697632,0.40144866704940796,0.25,0.2225460559129715,0.38680970668792725,3.461216926574707,1.5853747129440308,6.715344429016113,2.6496453285217285,3.9962501525878906,2.8068184852600098,6.692068576812744,2.5235235691070557,0.0020957626402378082,0.13553719008264462,0.002029100898653269,0.08181818181818182,0.0019796965643763542,0.08538223140495868,0.002092734444886446,0.07339876033057852,0.002433172659948468,0.18884297520661156,0.002408419270068407,0.1727789256198347,0.00198773923330009,0.1040289256198347,0.0017688089283183217,0.015289256198347107,0.00174783356487751,0.04276859504132231,-1419.466268299911,1.1809378862380981,1.8887547620133003,0.49680350353601327,-0.16584305844113492,Salvador_Dali_2.jpg,Salvador_Dali,Surrealismo,0
145.1431,138.27933,145.56577,59.524757,56.54211,58.547688,19.0,0.0,2.0,255.0,255.0,255.0,0.18457119,0.14334181,0.6225551,0.23218383,0.21912837028503418,0.5405000448226929,0.5256755352020264,0.25,0.5293741226196289,0.5379362106323242,4.128649711608887,2.6991209983825684,7.127403736114502,3.158503770828247,3.9589357376098633,2.5480401515960693,7.132863521575928,3.1739449501037598,0.0022535661701112986,0.04791666666666667,0.002509042387828231,0.13922619047619048,0.0021111955866217613,0.029047619047619048,0.0024000888224691153,0.15583333333333332,0.0018134795827791095,0.038035714285714284,0.0020865669939666986,0.09345238095238095,0.002354445168748498,0.1413095238095238,0.0018570551183074713,0.04726190476190476,0.002156259026378393,0.21011904761904762,-1419.3380182365104,0.8352007269859314,0.3794286089796096,0.4890138945542482,-0.16554865838360847,Salvador_Dali_20.jpg,Salvador_Dali,Surrealismo,0
112.8186,82.62263,75.97181,57.58298,39.43138,22.091927,29.0,23.0,18.0,255.0,243.0,203.0,0.33419657,0.14081249,0.4510095,0.22049181,0.16531434655189514,0.13696056604385376,0.15095815062522888,0.25,0.1275235265493393,0.1498478800058365,2.3005990982055664,1.2818256616592407,4.514015197753906,2.1729865074157715,2.3361287117004395,1.2954107522964478,4.522247791290283,2.0833849906921387,0.0010579181835055351,0.013491379310344827,0.001330254366621375,0.13017241379310346,0.0014974045334383845,0.05306034482758621,0.0019193508196622133,0.3777155172413793,0.0013903641374781728,0.10706896551724138,0.001817152719013393,0.19004310344827585,0.001136863837018609,0.0007758620689655172,0.0009508071816526353,0.008577586206896552,0.0014659587759524584,0.01538793103448276,-1419.5654257797273,0.9957912564277649,1.0751177144923638,0.5230326137670132,-0.16542780764237322,Salvador_Dali_3.jpg,Salvador_Dali,Surrealismo,0
110.94592,86.98208,75.87389,45.23742,44.20872,38.030323,28.0,15.0,7.0,255.0,255.0,255.0,0.32725763,0.1097067,0.4352716,0.17767,0.17024686932563782,0.34805452823638916,0.4161519706249237,0.25,0.3382284641265869,0.4345640540122986,2.6371817588806152,2.204824209213257,4.666116714477539,2.470607042312622,2.556300401687622,2.0130298137664795,4.641767501831055,2.2671895027160645,0.0015818295069038868,0.05601478494623656,0.0011785749811679125,0.04526209677419355,0.0010796276619657874,0.04116263440860215,0.001700359396636486,0.13531586021505376,0.0014688512310385704,0.17631048387096773,0.0015053421957418323,0.1626008064516129,0.0015339100500568748,0.07533602150537634,0.001369845005683601,0.10709005376344086,0.0014371948782354593,0.10084005376344087,-1419.3198051687527,1.0283173322677612,1.7632363257914954,0.4745288563287563,-0.1730136610354489,Salvador_Dali_4.jpg,Salvador_Dali,Surrealismo,0
114.0664,101.45192,100.67119,50.60966,55.3504,52.69125,20.0,15.0,13.0,253.0,242.0,245.0,0.21841489,0.10243134,0.46594855,0.21498653,0.20738358795642853,0.16718071699142456,0.28847160935401917,0.25,0.14332816004753113,0.2476314753293991,2.743164300918579,1.7184534072875977,5.295846939086914,2.8593192100524902,2.841113328933716,1.9579287767410278,5.252786159515381,2.618665933609009,0.0025002900511026382,0.23759517766497462,0.0018650543643161654,0.12385786802030457,0.0017059962265193462,0.0025380710659898475,0.0020543220452964306,0.3294733502538071,0.001998595194891095,0.19888959390862945,0.0013204842107370496,0.006884517766497462,0.0008729173569008708,0.00019035532994923857,0.0012497836723923683,0.0010152284263959391,0.0009882997255772352,0.0002538071065989848,-1419.5654257797273,1.2357490062713623,1.9873545037785398,0.46274832517109304,-0.14434516647826925,Salvador_Dali_5.jpg,Salvador_Dali,Surrealismo,0
104.593636,90.79944,73.68433,49.67175,47.313484,26.262754,12.0,7.0,0.0,255.0,255.0,255.0,0.2704817,0.12020353,0.4112792,0.1951155,0.1766660213470459,0.20504844188690186,0.30718305706977844,0.25,0.18991176784038544,0.2865792512893677,2.460982322692871,1.5341664552688599,4.638657093048096,2.190432548522949,2.709293842315674,2.117379903793335,4.65627908706665,2.3392059803009033,0.001349755795672536,0.030266497461928932,0.0016051105922088027,0.025856598984771575,0.001140948268584907,9.517766497461929e-05,0.001288013532757759,0.07427030456852791,0.0017759748734533787,0.26040609137055837,0.0019967916887253523,0.27699873096446703,0.0014076755614951253,0.11389593908629442,0.0013314354000613093,0.08968908629441624,0.0009835718665271997,0.031218274111675128,-1419.5654257797273,1.2410372495651245,2.596281328326332,0.501290852181691,-0.16500637680792016,Salvador_Dali_6.jpg,Salvador_Dali,Surrealismo,0
117.39279,83.397125,65.35582,56.79125,41.18968,22.643335,31.0,17.0,2.0,255.0,238.0,204.0,0.39017037,0.15752493,0.4603861,0.22268559,0.16914254426956177,0.16934436559677124,0.24687403440475464,0.25,0.13892745971679688,0.21804998815059662,2.417372703552246,1.5199592113494873,4.555974960327148,2.264740228652954,2.4241302013397217,1.6479181051254272,4.550030708312988,2.246238946914673,0.0016387406503781676,0.12930074257425742,0.002230389043688774,0.5362314356435643,0.0014298196183517575,0.08886138613861386,0.0011045978171750903,0.0008353960396039604,0.0015481977025046945,0.07561881188118812,0.0018973688129335642,0.06912128712871288,0.0010004756040871143,0.0,0.0010172893526032567,0.0,0.0007982018869370222,0.0,-1419.5654257797273,1.1001651287078857,0.7562140406478701,0.5111249852494503,-0.14465781572498945,Salvador_Dali_7.jpg,Salvador_Dali,Surrealismo,0
171.36322,154.85008,113.62956,63.380817,60.091022,47.047386,32.0,22.0,16.0,255.0,255.0,255.0,0.32577375,0.14336057,0.675845,0.24837236,0.22595925629138947,0.18370361626148224,0.2627910077571869,0.25,0.26623913645744324,0.33383989334106445,3.983883857727051,1.7712923288345337,7.724217414855957,2.924058437347412,3.9890434741973877,1.8847010135650635,7.72231912612915,2.9486124515533447,0.0027594626881182194,0.09280598958333333,0.0029565270524472,0.18115234375,0.002490691840648651,0.027473958333333333,0.0023151575587689877,0.15856119791666667,0.001947157084941864,0.18893229166666667,0.0025068679824471474,0.19768880208333334,0.0025059047620743513,0.00029296875,0.0018222191138193011,0.017350260416666666,0.002152323490008712,0.03717447916666667,-1394.245424115372,0.8167452812194824,1.8863207707894096,0.49331737003053716,-0.16342839782657484,Salvador_Dali_8.jpg,Salvador_Dali,Surrealismo,0
123.84294,96.046524,85.1919,40.51213,33.429478,21.62271,44.0,35.0,23.0,255.0,253.0,211.0,0.29317775,0.089795485,0.48566672,0.15886533,0.13311490416526794,0.0962640568614006,0.13130183517932892,0.25,0.085232213139534,0.11651484668254852,2.5779576301574707,0.905626118183136,5.122338771820068,1.6774935722351074,2.6412060260772705,1.2785375118255615,5.1227240562438965,1.7017155885696411,0.0014445867855101824,0.0,0.00172545260284096,0.0,0.0015945351915434003,0.0,0.0014437524368986487,0.04986172566371681,0.001287458697333932,0.03962942477876106,0.0010378888109698892,0.0051991150442477875,0.002300655236467719,0.497787610619469,0.002049589529633522,0.30174225663716814,0.0013887831009924412,0.005752212389380531,-1419.5654257797273,0.8118332624435425,0.3963063857130719,0.4702733315641875,-0.17591943527641615,Salvador_Dali_9.jpg,Salvador_Dali,Surrealismo,0
84.76883,81.941475,78.520645,65.3012,53.284763,37.846035,0.0,0.0,0.0,255.0,255.0,255.0,0.36106825,0.175433,0.38559955,0.22579592,0.21255317330360413,0.2696240544319153,0.2473253607749939,0.24999796924626544,0.2786198556423187,0.2959444224834442,2.2169058322906494,1.8104842901229858,4.1229963302612305,2.8465940952301025,2.1855180263519287,1.7149584293365479,4.122568607330322,2.8607101440429688,0.0007427558884955943,0.007986340603657193,0.0018494277028366923,0.29982742160534626,0.0009807562455534935,0.02375706837041933,0.0007828758680261672,0.024197694058896966,0.002313018776476383,0.3639935374899023,0.0009037508862093091,0.03475435117867372,0.0010517139453440905,0.008885951384299038,0.001609050901606679,0.13677755746493353,0.0011825340334326029,0.003818755966806198,-1419.5654257797273,1.823512315750122,3.6238344043447035,0.5139571170523644,-0.2880891720518294,Vincent_van_Gogh_1.jpg,Vincent_van_Gogh,Impresionismo,4
177.16318,165.36671,101.542336,41.23475,40.45367,46.699253,0.0,0.0,0.0,255.0,255.0,252.0,0.48310557,0.22278464,0.7303839,0.13835575,0.14610643684864044,0.36146965622901917,0.27868854999542236,0.25000169299843567,0.4014925956726074,0.374171644449234,4.047674655914307,1.4215319156646729,8.029719352722168,1.9779725074768066,4.10608434677124,1.6024607419967651,8.027820587158203,1.9572371244430542,0.0031336485408246517,0.4241421568627451,0.002795953070744872,0.24595588235294116,0.002046298934146762,0.002971813725490196,0.002337059238925576,0.01957720588235294,0.002597853308543563,0.06292892156862745,0.002683912171050906,0.10477941176470588,0.0022513982839882374,0.01173406862745098,0.002344246953725815,0.016544117647058824,0.002200750634074211,0.015625,-1419.5654257797273,1.0441900491714478,0.6263255348164022,0.4862532275952768,-0.16186174238992745,Vincent_van_Gogh_10.jpg,Vincent_van_Gogh,Impresionismo,4
185.86728,180.65524,178.76605,43.198105,41.718845,45.05258,0.0,0.0,0.0,255.0,255.0,255.0,0.052918915,0.055319518,0.7289545,0.16942407,0.16674873232841492,0.25016161799430847,0.31118836998939514,0.25000179764293057,0.1446726769208908,0.2015579640865326,4.728826522827148,1.7663666009902954,9.071860313415527,2.3276820182800293,4.798376083374023,1.7947840690612793,9.113850593566895,2.4421935081481934,0.0031724153086543083,0.11082976236852357,0.0031842743046581745,0.17293208674198157,0.0033307583071291447,0.42462017919750683,0.002388312481343746,0.024931827035449942,0.0028292383067309856,0.0064601999740293466,0.002884755376726389,0.11092715231788079,0.0019025718793272972,0.013667056226464096,0.002687858184799552,0.0001623165822620439,0.00278808013536036,0.009349435138293729,-1417.0126031945447,1.011712670326233,0.06653292527756526,0.5206066523763071,-0.14863722828877132,Vincent_van_Gogh_11.jpg,Vincent_van_Gogh,Impresionismo,4
129.46678,113.568,84.25739,49.001987,47.309746,41.908875,0.0,0.0,0.0,255.0,255.0,255.0,0.3923431,0.18684591,0.5267846,0.18310629,0.17564968764781952,0.4634666442871094,0.44168373942375183,0.25,0.41868874430656433,0.40369343757629395,3.7898759841918945,2.7705583572387695,5.795881271362305,2.383039712905884,3.118410110473633,1.8645262718200684,5.76294469833374,2.4462015628814697,0.001957808854058385,0.18202868852459017,0.001442525302991271,0.01971311475409836,0.001599966548383236,0.08530737704918033,0.0020323407370597124,0.16579918032786886,0.001729724113829434,0.1210860655737705,0.00184226396959275,0.08102459016393443,0.0020366322714835405,0.17991803278688526,0.0014895612839609385,0.05129098360655738,0.0017741398187354207,0.008545081967213115,-1419.3146837126976,0.978778064250946,1.2180155432750615,0.48084782036892465,-0.2616373855177165,Vincent_van_Gogh_12.jpg,Vincent_van_Gogh,Impresionismo,4
101.89284,55.5552,31.436716,54.167786,36.834328,21.17112,1.0,0.0,0.0,255.0,248.0,226.0,0.66427684,0.16120146,0.39975584,0.21252142,0.1484575867652893,0.24173828959465027,0.2748945951461792,0.2500007290861634,0.27706605195999146,0.3581199645996094,1.7915546894073486,1.3529889583587646,3.3325748443603516,1.9608187675476074,1.8259598016738892,1.428748369216919,3.3344156742095947,1.9880108833312988,0.00036118688876740634,0.0015012642225031606,0.0008048847666941583,0.02188685208596713,0.0009577299351803958,0.08565107458912768,0.000819222186692059,0.07490518331226295,0.001473664422519505,0.33025179098187946,0.0011840953957289457,0.24784028655710072,0.0010676635429263115,0.02446797302991993,0.0013216919032856822,0.07993573535608933,0.001228312961757183,0.03521386430678466,-1419.5654257797273,1.4387285709381104,3.2964593309459276,0.5411230156158052,-0.2686456464168963,Vincent_van_Gogh_13.jpg,Vincent_van_Gogh,Impresionismo,4
126.20801,106.69191,78.632515,56.189957,43.005287,50.611584,0.0,0.0,0.0,255.0,255.0,255.0,0.53878146,0.2585837,0.5546158,0.18711421,0.16505661606788635,0.32217973470687866,0.32996267080307007,0.25,0.2627162039279938,0.3131655156612396,2.883554697036743,1.5764871835708618,5.468274116516113,2.310478448867798,2.9750730991363525,1.8312779664993286,5.479000568389893,2.381051540374756,0.0017589034978300333,0.0646132949824225,0.0017505669966340065,0.11797698945349952,0.0017689926316961646,0.14525407478427613,0.0012558653252199292,0.04258549057206775,0.0017135243397206068,0.08127197187599872,0.0021352656185626984,0.31146532438478747,0.0011693150736391544,0.03247043783956536,0.0016942727379500866,0.06194471077021413,0.0018829547334462404,0.04067593480345158,-1419.5654257797273,1.0192975997924805,0.814295543979589,0.537818557418646,-0.3071831549002579,Vincent_van_Gogh_14.jpg,Vincent_van_Gogh,Impresionismo,4
148.64061,163.15274,133.38667,61.86064,59.70459,84.09753,0.0,0.0,0.0,255.0,255.0,255.0,0.41301286,0.275235,0.6841265,0.23131269,0.23456747829914093,0.4932890832424164,0.45752254128456116,0.25,0.5632262229919434,0.5886191725730896,3.953564167022705,1.6803758144378662,7.736787796020508,2.9077701568603516,4.288675308227539,2.275860548019409,7.78229284286499,3.100653648376465,0.0033840166870504618,0.31584680655888087,0.0033526194747537374,0.29876160990712075,0.003379921894520521,0.254443297786951,0.0020549497567117214,0.009488590757940603,0.0020101445261389017,0.0062206169017314525,0.0020384264644235373,0.010893246187363835,0.0018042282899841666,0.0027806444215112947,0.001799441990442574,0.0008886595573902075,0.0016970237484201789,0.001977984176126591,-1418.525200748265,0.840640127658844,0.06211633869730694,0.49732141802609536,-0.18272466643695676,Vincent_van_Gogh_15.jpg,Vincent_van_Gogh,Impresionismo,4
134.47983,129.96378,112.31017,56.661667,62.804134,62.167057,0.0,0.0,0.0,255.0,255.0,251.0,0.23935272,0.17608325,0.5405307,0.22752452,0.2372673600912094,0.2723199725151062,0.27324244379997253,0.24999577524292352,0.2763442397117615,0.3069051206111908,3.272507667541504,1.5875805616378784,6.430894374847412,2.9805424213409424,3.523183584213257,1.9976880550384521,6.431381702423096,2.9778711795806885,0.002872570650652051,0.24309885931558936,0.0030836439691483974,0.4538593155893536,0.0029010851867496967,0.17942965779467682,0.0020259551238268614,0.0005038022813688213,0.0013713252265006304,0.007062737642585551,0.0018958395812660456,0.006197718631178707,0.0011774487793445587,0.0017300380228136882,0.0012713788310065866,0.005009505703422053,0.001297132228501141,0.0025380228136882127,-1419.5476461057601,0.6896291375160217,0.07067215526184775,0.5010188065774138,-0.21942056946988828,Vincent_van_Gogh_2.jpg,Vincent_van_Gogh,Impresionismo,4
157.95963,147.16772,92.000374,58.364834,55.63063,82.02336,0.0,0.0,0.0,255.0,255.0,255.0,0.63532984,0.22355562,0.72051364,0.2210642,0.18995971977710724,0.33174780011177063,0.33796146512031555,0.25,0.3930874168872833,0.4565204977989197,3.7392842769622803,1.689052700996399,7.191974639892578,2.4475393295288086,3.737931966781616,1.64056396484375,7.21673583984375,2.555882453918457,0.002350341295823455,0.043366251610133105,0.0018912366358563304,0.028946615142407327,0.0019554959144443274,0.01708530127379419,0.001662257593125105,0.06739301560040074,0.001714037382043898,0.024706597967654214,0.0022598248906433582,0.08637469586374696,0.002702741650864482,0.2771039072563332,0.002753277774900198,0.24860455130957493,0.0026357844471931458,0.10880921711750394,-1419.3975856349787,0.7742166519165039,0.24641155353672048,0.5005820803604947,-0.30655383370819167,Vincent_van_Gogh_3.jpg,Vincent_van_Gogh,Impresionismo,4
124.667145,122.77794,92.14859,67.600655,57.54817,47.52071,0.0,4.0,0.0,255.0,255.0,234.0,0.30010986,0.09393929,0.50540894,0.24822405,0.23252537846565247,0.4314388036727905,0.4089803993701935,0.25000236038332624,0.48151326179504395,0.5311621427536011,3.189091682434082,1.9499865770339966,5.995970726013184,2.969125509262085,3.1506476402282715,1.9100090265274048,6.001753807067871,2.9663448333740234,0.0023991281632333994,0.3551150895140665,0.0013761324808001518,0.09880647911338448,0.0022177777718752623,0.08171355498721228,0.002118094591423869,0.20758738277919864,0.0014015623601153493,0.02208013640238704,0.0020783052314072847,0.02041773231031543,0.0021691727451980114,0.09658994032395567,0.0015800789697095752,0.01730605285592498,0.0012610780540853739,0.0007672634271099745,-1419.5654257797273,0.7598181366920471,0.22070726383556707,0.4756057084933293,-0.20231137408297425,Vincent_van_Gogh_4.jpg,Vincent_van_Gogh,Impresionismo,4
141.90726,139.07547,136.50787,57.72483,52.73556,56.85881,0.0,0.0,0.0,255.0,255.0,255.0,0.23248439,0.20545276,0.6039942,0.19358748,0.20907334983348846,0.3085767924785614,0.2593797743320465,0.25,0.27835848927497864,0.2580857574939728,3.5963127613067627,1.6398760080337524,6.94415283203125,2.64668607711792,3.867652654647827,2.305821657180786,6.9567413330078125,2.7111241817474365,0.0025327582843601704,0.10203227124183006,0.0028852943796664476,0.2841196895424837,0.0030219850596040487,0.31237745098039216,0.0014008039142936468,0.0002144607843137255,0.0019624256528913975,0.044638480392156864,0.002087511820718646,0.06496119281045752,0.0014959466643631458,0.0004391339869281046,0.0016955891624093056,0.004585375816993464,0.002251158468425274,0.08716299019607843,-1419.542997412168,0.9135320782661438,0.44612152493105267,0.5327994091828088,-0.25694324010167474,Vincent_van_Gogh_5.jpg,Vincent_van_Gogh,Impresionismo,4
139.25719,140.64557,108.62606,43.68042,42.150257,40.98382,0.0,0.0,0.0,255.0,255.0,241.0,0.26547775,0.14168604,0.56709576,0.16693611,0.16387084126472473,0.4673614799976349,0.372341513633728,0.25,0.5688958764076233,0.5418864488601685,3.4781041145324707,1.385006070137024,6.7864990234375,2.0890121459960938,3.7459473609924316,2.3761942386627197,6.789218902587891,1.943000078201294,0.0018235460156574845,0.014994232987312572,0.002136991824954748,0.043360726643598614,0.0021502086892724037,0.04119809688581315,0.0022871620021760464,0.1314878892733564,0.0024000052362680435,0.20674740484429066,0.0026026328559964895,0.3223760092272203,0.0016934756422415376,0.009479527104959631,0.0018064663745462894,0.024978373702422146,0.002000064356252551,0.1034818339100346,-1419.5654257797273,1.1428208351135254,2.0718382962115283,0.5195874633286434,-0.14205402939400807,Vincent_van_Gogh_6.jpg,Vincent_van_Gogh,Impresionismo,4
136.87126,128.77405,60.047466,62.122417,51.383636,42.849792,0.0,0.0,0.0,255.0,255.0,250.0,0.5825953,0.21802667,0.5642945,0.2258353,0.20018313825130463,0.22885774075984955,0.26197487115859985,0.25,0.24602292478084564,0.28383156657218933,3.2984964847564697,1.6185497045516968,6.196857929229736,2.513512134552002,3.2386186122894287,1.6002109050750732,6.214199066162109,2.572629928588867,0.0023826078977435827,0.0464110357727379,0.0022325050085783005,0.0009352349777881693,0.0019115842878818512,0.0017769464577975216,0.0025917142629623413,0.38038344634089316,0.0018147623632103205,0.12839607201309328,0.0015678589697927237,0.0011456628477905073,0.00198541022837162,0.2650572831423895,0.0016068732365965843,0.07692307692307693,0.0009926971979439259,0.0007949497311199439,-1419.5654257797273,0.9559148550033569,1.2813641095031274,0.4497054023417423,-0.31782481509081734,Vincent_van_Gogh_7.jpg,Vincent_van_Gogh,Impresionismo,4
208.94484,169.5666,110.53974,42.02428,44.249218,37.17431,0.0,0.0,0.0,255.0,234.0,214.0,0.49428874,0.13266855,0.8193874,0.16478409,0.1667586714029312,0.3796789348125458,0.4819124639034271,0.25,0.38604941964149475,0.521686315536499,4.505736827850342,1.5507111549377441,8.69417953491211,2.127826452255249,4.735729694366455,2.0098040103912354,8.694432258605957,2.2163615226745605,0.0028537351172417402,0.021246189024390245,0.003022634657099843,0.06092797256097561,0.0031230992171913385,0.4346655868902439,0.0026563704013824463,0.09541730182926829,0.002464818535372615,0.02055544969512195,0.0028292955830693245,0.21877381859756098,0.0024608473759144545,0.028058307926829267,0.002268017502501607,0.008622332317073171,0.0024889218620955944,0.0107421875,-1419.5654257797273,0.9178882241249084,0.20578103069213724,0.5068605392441669,-0.16497996835553655,Vincent_van_Gogh_8.jpg,Vincent_van_Gogh,Impresionismo,4
137.7568,154.65569,129.32146,48.950527,58.61452,75.14462,0.0,0.0,0.0,255.0,255.0,255.0,0.35320365,0.21742193,0.6344076,0.21856868,0.2181016504764557,0.49571433663368225,0.44744962453842163,0.2499989127740353,0.5242088437080383,0.5357025265693665,3.9372665882110596,2.0286333560943604,7.368719577789307,3.036973476409912,3.9200592041015625,2.0064923763275146,7.313072681427002,2.8930394649505615,0.0029853431042283773,0.06906055594928734,0.003195548662915826,0.4270021261516655,0.00305396830663085,0.2352744310575636,0.0020616063848137856,0.03057327348610127,0.0022004572674632072,0.059453500275612255,0.0020831713918596506,0.030199228285691788,0.0014812448062002659,0.014469643278998346,0.0015655969036743045,0.013485313804236555,0.0016964641399681568,0.02202929364516891,-1419.5654257797273,0.9744446277618408,0.5935145165774712,0.5054298253539347,-0.18161902956175832,Vincent_van_Gogh_9.jpg,Vincent_van_Gogh,Impresionismo,4
